,sentence,word,word_length,word_freq
0,0,for,3,6.837945999
1,0,a,1,7.309359959
2,0,cultivated,10,2.79698412
3,0,man,3,6.265580656
4,0,to,2,7.355006441
5,0,be,2,6.758829216
6,0,ignorant,8,3.79698412
7,0,of,2,7.063009914
8,0,foreign,7,4.347976404
9,0,languages,9,3.614053437
10,0,is,2,6.954274634
11,0,a,1,7.309359959
12,0,great,5,5.913685238
13,0,inconvenience,13,3.647859999
14,1,vorotov,7,1.5
15,1,became,6,4.678511426
16,1,acutely,7,2.467925401
17,1,conscious,9,3.833413386
18,1,of,2,7.063009914
19,1,it,2,7.27578186
20,1,when,4,6.307780386
21,1,after,5,5.833575592
22,1,taking,6,5.380466284
23,1,his,3,6.326723177
24,1,degree,6,4.172647734
25,1,he,2,6.882339374
26,1,began,5,4.511680528
27,1,upon,4,4.79698412
28,1,a,1,7.309359959
29,1,piece,5,5.094607867
30,1,of,2,7.063009914
31,1,research,8,4.519463792
32,1,work,4,5.901428551
33,2,“it’s,5,1.5
34,2,awful”,6,1.5
35,2,he,2,6.882339374
36,2,said,4,6.044128492
37,2,breathing,9,4.443510373
38,2,hard,4,5.487761456
39,2,although,8,4.623058923
40,2,he,2,6.882339374
41,2,was,3,6.751817351
42,2,only,4,6.034323607
43,2,twenty-six,10,1.5
44,2,he,2,6.882339374
45,2,was,3,6.751817351
46,2,fat,3,4.899503579
47,2,heavy,5,4.674391464
48,2,and,3,7.126115569
49,2,suffered,8,4.109399512
50,2,from,4,6.308838249
51,2,shortness,9,2.935286819
52,2,of,2,7.063009914
53,2,breath,6,4.652048755
54,3,“it’s,5,1.5
55,3,awful,5,4.801708427
56,4,without,7,5.549224691
57,4,languages,9,3.614053437
58,4,i’m,3,1.5
59,4,like,4,6.601353593
60,4,a,1,7.309359959
61,4,bird,4,4.657134891
62,4,without,7,5.549224691
63,4,wings,5,4.293567855
64,5,i,1,1.5
65,5,might,5,5.712367465
66,5,just,4,6.676020833
67,5,as,2,6.345177693
68,5,well,4,6.475172328
69,5,give,4,6.066788831
70,5,up,2,6.564072703
71,5,the,3,7.468477762
72,5,work”,5,1.5
73,6,and,3,7.126115569
74,6,he,2,6.882339374
75,6,made,4,5.74860998
76,6,up,2,6.564072703
77,6,his,3,6.326723177
78,6,mind,4,5.684812329
79,6,at,2,6.506871261
80,6,all,3,6.71221242
81,6,costs,5,4.198169184
82,6,to,2,7.355006441
83,6,overcome,8,3.792893404
84,6,his,3,6.326723177
85,6,innate,6,2.893894133
86,6,laziness,8,2.689774151
87,6,and,3,7.126115569
88,6,to,2,7.355006441
89,6,learn,5,5.073445925
90,6,french,6,4.841082699
91,6,and,3,7.126115569
92,6,german,6,4.502687507
93,6,and,3,7.126115569
94,6,began,5,4.511680528
95,6,to,2,7.355006441
96,6,look,4,6.28883587
97,6,out,3,6.58659127
98,6,for,3,6.837945999
99,6,a,1,7.309359959
100,6,teacher,7,4.745611002
101,7,one,3,6.486861564
102,7,winter,6,4.418290256
103,7,noon,4,4.257975875
104,7,as,2,6.345177693
105,7,vorotov,7,1.5
106,7,was,3,6.751817351
107,7,sitting,7,4.974430434
108,7,in,2,6.989451386
109,7,his,3,6.326723177
110,7,study,5,4.690121448
111,7,at,2,6.506871261
112,7,work,4,5.901428551
113,7,the,3,7.468477762
114,7,servant,7,4.084225832
115,7,told,4,5.844258988
116,7,him,3,6.541548453
117,7,that,4,7.148972369
118,7,a,1,7.309359959
119,7,young,5,5.385360886
120,7,lady,4,5.336060219
121,7,was,3,6.751817351
122,7,inquiring,9,2.990804146
123,7,for,3,6.837945999
124,7,him,3,6.541548453
125,8,“ask,4,1.5
126,8,her,3,6.452086523
127,8,in”,3,1.5
128,8,said,4,6.044128492
129,8,vorotov,7,1.5
130,9,and,3,7.126115569
131,9,a,1,7.309359959
132,9,young,5,5.385360886
133,9,lady,4,5.336060219
134,9,elaborately,11,1.990804146
135,9,dressed,7,4.67113966
136,9,in,2,6.989451386
137,9,the,3,7.468477762
138,9,last,4,5.858613278
139,9,fashion,7,4.273199651
140,9,walked,6,4.729267586
141,9,in,2,6.989451386
142,10,she,3,6.571450902
143,10,introduced,10,4.065620587
144,10,herself,7,4.719320251
145,10,as,2,6.345177693
146,10,a,1,7.309359959
147,10,teacher,7,4.745611002
148,10,of,2,7.063009914
149,10,frenchalice,11,1.5
150,10,osipovna,8,1.5
151,10,enquête,7,1.5
152,10,and,3,7.126115569
153,10,told,4,5.844258988
154,10,vorotov,7,1.5
155,10,that,4,7.148972369
156,10,she,3,6.571450902
157,10,had,3,6.22366309
158,10,been,4,6.2391404
159,10,sent,4,5.139345107
160,10,to,2,7.355006441
161,10,him,3,6.541548453
162,10,by,2,6.12666796
163,10,one,3,6.486861564
164,10,of,2,7.063009914
165,10,his,3,6.326723177
166,10,friends,7,5.484373719
167,11,“delighted,10,1.5
168,12,please,6,6.041183903
169,12,sit,3,5.49268464
170,12,down”,5,1.5
171,12,said,4,6.044128492
172,12,vorotov,7,1.5
173,12,breathing,9,4.443510373
174,12,hard,4,5.487761456
175,12,and,3,7.126115569
176,12,putting,7,4.831913231
177,12,his,3,6.326723177
178,12,hand,4,5.446045024
179,12,over,4,6.121067135
180,12,the,3,7.468477762
181,12,collar,6,4.021808428
182,12,of,2,7.063009914
183,12,his,3,6.326723177
184,12,nightshirt,10,2.371015388
185,12,to,2,7.355006441
186,12,breathe,7,4.685409345
187,12,more,4,6.11288234
188,12,freely,6,3.626287893
189,12,he,2,6.882339374
190,12,always,6,5.815827592
191,12,wore,4,4.326061403
192,12,a,1,7.309359959
193,12,nightshirt,10,2.371015388
194,12,at,2,6.506871261
195,12,work,4,5.901428551
196,12,instead,7,4.898645289
197,12,of,2,7.063009914
198,12,a,1,7.309359959
199,12,stiff,5,4.011165429
200,12,linen,5,3.467925401
201,12,one,3,6.486861564
202,12,with,4,6.702554028
203,12,collar,6,4.021808428
204,13,“it,3,1.5
205,13,was,3,6.751817351
206,13,pyotr,5,1.5
207,13,sergeitch,9,1.5
208,13,sent,4,5.139345107
209,13,you,3,7.62117384
210,14,yes,3,6.299735475
211,14,yes,3,6.299735475
212,15,i,1,1.5
213,15,asked,5,5.334409655
214,15,him,3,6.541548453
215,15,about,5,6.559491539
216,15,it,2,7.27578186
217,16,delighted”,10,1.5
218,17,as,2,6.345177693
219,17,he,2,6.882339374
220,17,talked,6,5.010086642
221,17,to,2,7.355006441
222,17,mdlle,5,1.5
223,18,enquête,7,1.5
224,18,he,2,6.882339374
225,18,looked,6,5.081908091
226,18,at,2,6.506871261
227,18,her,3,6.452086523
228,18,shyly,5,2.246076652
229,18,and,3,7.126115569
230,18,with,4,6.702554028
231,18,curiosity,9,3.931320631
232,19,she,3,6.571450902
233,19,was,3,6.751817351
234,19,a,1,7.309359959
235,19,genuine,7,3.914048165
236,19,frenchwoman,11,2.333226827
237,19,very,4,6.093272155
238,19,elegant,7,3.798339175
239,19,and,3,7.126115569
240,19,still,5,5.896340991
241,19,quite,5,5.306060572
242,19,young,5,5.385360886
243,20,judging,7,3.911970197
244,20,from,4,6.308838249
245,20,her,3,6.452086523
246,20,pale,4,3.904617999
247,20,languid,7,2.333226827
248,20,face,4,5.460567271
249,20,her,3,6.452086523
250,20,short,5,4.932116772
251,20,curly,5,3.761656158
252,20,hair,4,5.185706821
253,20,and,3,7.126115569
254,20,her,3,6.452086523
255,20,unnaturally,11,2.136932182
256,20,slim,4,4.074306766
257,20,waist,5,3.711789891
258,20,she,3,6.571450902
259,20,might,5,5.712367465
260,20,have,4,6.789085934
261,20,been,4,6.2391404
262,20,eighteen,8,3.784594531
263,20,but,3,6.644579913
264,20,looking,7,5.635577437
265,20,at,2,6.506871261
266,20,her,3,6.452086523
267,20,broad,5,4.168051983
268,20,well-developed,14,1.5
269,20,shoulders,9,4.070708614
270,20,the,3,7.468477762
271,20,elegant,7,3.798339175
272,20,lines,5,4.584311736
273,20,of,2,7.063009914
274,20,her,3,6.452086523
275,20,back,4,6.302422402
276,20,and,3,7.126115569
277,20,her,3,6.452086523
278,20,severe,6,3.973979219
279,20,eyes,4,5.344912586
280,20,vorotov,7,1.5
281,20,thought,7,5.907079076
282,20,that,4,7.148972369
283,20,she,3,6.571450902
284,20,was,3,6.751817351
285,20,not,3,6.733802491
286,20,less,4,5.045187355
287,20,than,4,5.867945036
288,20,three-and-twenty,16,1.5
289,20,and,3,7.126115569
290,20,might,5,5.712367465
291,20,be,2,6.758829216
292,20,twenty-five,11,1.5
293,20,but,3,6.644579913
294,20,then,4,6.172459118
295,20,again,5,5.898527141
296,20,he,2,6.882339374
297,20,began,5,4.511680528
298,20,to,2,7.355006441
299,20,think,5,6.429384465
300,20,she,3,6.571450902
301,20,was,3,6.751817351
302,20,not,3,6.733802491
303,20,more,4,6.11288234
304,20,than,4,5.867945036
305,20,eighteen,8,3.784594531
306,21,her,3,6.452086523
307,21,face,4,5.460567271
308,21,looked,6,5.081908091
309,21,as,2,6.345177693
310,21,cold,4,5.113936811
311,21,and,3,7.126115569
312,21,business-like,13,1.5
313,21,as,2,6.345177693
314,21,the,3,7.468477762
315,21,face,4,5.460567271
316,21,of,2,7.063009914
317,21,a,1,7.309359959
318,21,person,6,5.327583979
319,21,who,3,6.34633612
320,21,has,3,6.053994844
321,21,come,4,6.496472255
322,21,to,2,7.355006441
323,21,speak,5,5.271701065
324,21,about,5,6.559491539
325,21,money,5,5.80611619
326,22,she,3,6.571450902
327,22,did,3,6.368878477
328,22,not,3,6.733802491
329,22,once,4,5.537099982
330,22,smile,5,4.762979107
331,22,or,2,6.231208606
332,22,frown,5,3.313023441
333,22,and,3,7.126115569
334,22,only,4,6.034323607
335,22,once,4,5.537099982
336,22,a,1,7.309359959
337,22,look,4,6.28883587
338,22,of,2,7.063009914
339,22,perplexity,10,1.5
340,22,flitted,7,2.069985393
341,22,over,4,6.121067135
342,22,her,3,6.452086523
343,22,face,4,5.460567271
344,22,when,4,6.307780386
345,22,she,3,6.571450902
346,22,learnt,6,3.504021747
347,22,that,4,7.148972369
348,22,she,3,6.571450902
349,22,was,3,6.751817351
350,22,not,3,6.733802491
351,22,required,8,4.030614701
352,22,to,2,7.355006441
353,22,teach,5,4.861909847
354,22,children,8,5.242734232
355,22,but,3,6.644579913
356,22,a,1,7.309359959
357,22,stout,5,3.024227902
358,22,grown-up,8,1.5
359,22,man,3,6.265580656
360,23,“soalice,8,1.5
361,23,osipovna”,9,1.5
362,23,said,4,6.044128492
363,23,vorotov,7,1.5
364,23,“we’ll,6,1.5
365,23,have,4,6.789085934
366,23,a,1,7.309359959
367,23,lesson,6,4.508000044
368,23,every,5,5.73911624
369,23,evening,7,5.081132753
370,23,from,4,6.308838249
371,23,seven,5,5.018398358
372,23,to,2,7.355006441
373,23,eight,5,4.991758545
374,24,as,2,6.345177693
375,24,regards,7,3.705133906
376,24,your,4,6.808654986
377,24,terms—a,7,1.5
378,24,rouble,6,1.768955397
379,24,a,1,7.309359959
380,24,lesson—i’ve,11,1.5
381,24,nothing,7,5.930672691
382,24,to,2,7.355006441
383,24,say,3,6.214196239
384,24,against,7,5.304207309
385,24,that,4,7.148972369
386,25,by,2,6.12666796
387,25,all,3,6.71221242
388,25,means,5,5.338602362
389,25,let,3,6.383085948
390,25,it,2,7.27578186
391,25,be,2,6.758829216
392,25,a,1,7.309359959
393,25,rouble,6,1.768955397
394,25,,0,1.5
395,25,,0,1.5
396,25,”,1,1.5
397,26,and,3,7.126115569
398,26,he,2,6.882339374
399,26,asked,5,5.334409655
400,26,her,3,6.452086523
401,26,if,2,6.548578339
402,26,she,3,6.571450902
403,26,would,5,6.246862496
404,26,not,3,6.733802491
405,26,have,4,6.789085934
406,26,some,4,6.236760752
407,26,tea,3,4.767650555
408,26,or,2,6.231208606
409,26,coffee,6,5.159419469
410,26,whether,7,4.826494718
411,26,it,2,7.27578186
412,26,was,3,6.751817351
413,26,a,1,7.309359959
414,26,fine,4,5.776176697
415,26,day,3,5.903493735
416,26,and,3,7.126115569
417,26,with,4,6.702554028
418,26,a,1,7.309359959
419,26,good-natured,12,1.5
420,26,smile,5,4.762979107
421,26,stroking,8,2.871617739
422,26,the,3,7.468477762
423,26,baize,5,1.5
424,26,of,2,7.063009914
425,26,the,3,7.468477762
426,26,table,5,5.023261729
427,26,he,2,6.882339374
428,26,inquired,8,2.75423214
429,26,in,2,6.989451386
430,26,a,1,7.309359959
431,26,friendly,8,4.415359123
432,26,voice,5,4.934793022
433,26,who,3,6.34633612
434,26,she,3,6.571450902
435,26,was,3,6.751817351
436,26,where,5,6.261911244
437,26,she,3,6.571450902
438,26,had,3,6.22366309
439,26,studied,7,4.053761981
440,26,and,3,7.126115569
441,26,what,4,6.992508444
442,26,she,3,6.571450902
443,26,lived,5,4.819335153
444,26,on,2,6.841747977
445,27,with,4,6.702554028
446,27,a,1,7.309359959
447,27,cold,4,5.113936811
448,27,business-like,13,1.5
449,27,expressionalice,15,1.5
450,27,osipovna,8,1.5
451,27,answered,8,4.181695863
452,27,that,4,7.148972369
453,27,she,3,6.571450902
454,27,had,3,6.22366309
455,27,completed,9,3.885120209
456,27,her,3,6.452086523
457,27,studies,7,3.971262039
458,27,at,2,6.506871261
459,27,a,1,7.309359959
460,27,private,7,4.880105849
461,27,school,6,5.522027521
462,27,and,3,7.126115569
463,27,had,3,6.22366309
464,27,the,3,7.468477762
465,27,diploma,7,3.405777494
466,27,of,2,7.063009914
467,27,a,1,7.309359959
468,27,private,7,4.880105849
469,27,teacher,7,4.745611002
470,27,that,4,7.148972369
471,27,her,3,6.452086523
472,27,father,6,5.743313547
473,27,had,3,6.22366309
474,27,died,4,5.195954356
475,27,lately,6,4.682769249
476,27,of,2,7.063009914
477,27,scarlet,7,3.517143424
478,27,fever,5,4.29958192
479,27,that,4,7.148972369
480,27,her,3,6.452086523
481,27,mother,6,5.68059233
482,27,was,3,6.751817351
483,27,alive,5,5.188305243
484,27,and,3,7.126115569
485,27,made,4,5.74860998
486,27,artificial,10,3.684531095
487,27,flowers,7,4.677082825
488,27,that,4,7.148972369
489,27,she,3,6.571450902
490,27,mdlle,5,1.5
491,28,enquête,7,1.5
492,28,taught,6,4.641500126
493,28,in,2,6.989451386
494,28,a,1,7.309359959
495,28,private,7,4.880105849
496,28,school,6,5.522027521
497,28,till,4,5.221457394
498,28,dinnertime,10,3.255621969
499,28,and,3,7.126115569
500,28,after,5,5.833575592
501,28,dinner,6,5.306228658
502,28,was,3,6.751817351
503,28,busy,4,5.026953776
504,28,till,4,5.221457394
505,28,evening,7,5.081132753
506,28,giving,6,5.04110655
507,28,lessons,7,4.180013636
508,28,in,2,6.989451386
509,28,different,9,5.320689952
510,28,good,4,6.416070926
511,28,families,8,4.348738993
512,29,she,3,6.571450902
513,29,went,4,5.613805198
514,29,away,4,5.863275096
515,29,leaving,7,5.14988986
516,29,behind,6,5.273290309
517,29,her,3,6.452086523
518,29,the,3,7.468477762
519,29,faint,5,3.967612484
520,29,fragrance,9,3.077163977
521,29,of,2,7.063009914
522,29,a,1,7.309359959
523,29,woman’s,7,1.5
524,29,clothes,7,5.00439967
525,30,for,3,6.837945999
526,30,a,1,7.309359959
527,30,long,4,5.828821617
528,30,time,4,6.291360503
529,30,afterwards,10,4.146140184
530,30,vorotov,7,1.5
531,30,could,5,6.211487424
532,30,not,3,6.733802491
533,30,settle,6,4.623058923
534,30,to,2,7.355006441
535,30,work,4,5.901428551
536,30,but,3,6.644579913
537,30,sitting,7,4.974430434
538,30,at,2,6.506871261
539,30,the,3,7.468477762
540,30,table,5,5.023261729
541,30,stroking,8,2.871617739
542,30,its,3,5.234239083
543,30,green,5,4.859683593
544,30,baize,5,1.5
545,30,surface,7,4.260783823
546,30,he,2,6.882339374
547,30,meditated,9,2.136932182
548,31,“it’s,5,1.5
549,31,very,4,6.093272155
550,31,pleasant,8,4.322433864
551,31,to,2,7.355006441
552,31,see,3,6.40709175
553,31,a,1,7.309359959
554,31,girl,4,5.745366518
555,31,working,7,5.398229045
556,31,to,2,7.355006441
557,31,earn,4,4.186150205
558,31,her,3,6.452086523
559,31,own,3,5.661421033
560,31,living”,7,1.5
561,31,he,2,6.882339374
562,31,thought,7,5.907079076
563,32,“on,3,1.5
564,32,the,3,7.468477762
565,32,other,5,5.865934891
566,32,hand,4,5.446045024
567,32,it’s,4,1.5
568,32,very,4,6.093272155
569,32,unpleasant,10,3.785988736
570,32,to,2,7.355006441
571,32,think,5,6.429384465
572,32,that,4,7.148972369
573,32,poverty,7,3.638187117
574,32,should,6,6.025512798
575,32,not,3,6.733802491
576,32,spare,5,4.48883887
577,32,such,4,5.463648323
578,32,elegant,7,3.798339175
579,32,and,3,7.126115569
580,32,pretty,6,5.592950988
581,32,girls,5,5.318244823
582,32,asalice,7,1.5
583,32,osipovna,8,1.5
584,32,and,3,7.126115569
585,32,that,4,7.148972369
586,32,she,3,6.571450902
587,32,too,3,6.13662807
588,32,should,6,6.025512798
589,32,have,4,6.789085934
590,32,to,2,7.355006441
591,32,struggle,8,4.126254846
592,32,for,3,6.837945999
593,32,existence,9,4.067808473
594,33,it’s,4,1.5
595,33,a,1,7.309359959
596,33,sad,3,4.801439847
597,33,thing”,6,1.5
598,34,having,6,5.460714485
599,34,never,5,6.133762704
600,34,seen,4,5.584842929
601,34,virtuous,8,3.241224149
602,34,frenchwomen,11,1.5
603,34,before,6,5.899310611
604,34,he,2,6.882339374
605,34,reflected,9,3.226332593
606,34,also,4,5.314221268
607,34,that,4,7.148972369
608,34,this,4,6.901338909
609,34,elegantly,9,2.437962178
610,34,dressed,7,4.67113966
611,34,young,5,5.385360886
612,34,lady,4,5.336060219
613,34,with,4,6.702554028
614,34,her,3,6.452086523
615,34,well-developed,14,1.5
616,34,shoulders,9,4.070708614
617,34,and,3,7.126115569
618,34,exaggeratedly,13,1.5
619,34,small,5,5.096246201
620,34,waist,5,3.711789891
621,34,in,2,6.989451386
622,34,all,3,6.71221242
623,34,probability,11,3.352531982
624,34,followed,8,4.53238339
625,34,another,7,5.706322814
626,34,calling,7,5.092001132
627,34,as,2,6.345177693
628,34,well,4,6.475172328
629,34,as,2,6.345177693
630,34,giving,6,5.04110655
631,34,french,6,4.841082699
632,34,lessons,7,4.180013636
633,35,the,3,7.468477762
634,35,next,4,5.655276883
635,35,evening,7,5.081132753
636,35,when,4,6.307780386
637,35,the,3,7.468477762
638,35,clock,5,4.767650555
639,35,pointed,7,3.880665868
640,35,to,2,7.355006441
641,35,five,4,5.454965688
642,35,minutes,7,5.435629346
643,35,to,2,7.355006441
644,35,seven,5,5.018398358
645,35,mdlle,5,1.5
646,36,enquête,7,1.5
647,36,appeared,8,3.990804146
648,36,rosy,4,3.522283064
649,36,from,4,6.308838249
650,36,the,3,7.468477762
651,36,frost,5,3.682769249
652,37,she,3,6.571450902
653,37,opened,6,4.52912648
654,37,margot,6,1.5
655,37,which,5,5.678154716
656,37,she,3,6.571450902
657,37,had,3,6.22366309
658,37,brought,7,5.235674769
659,37,with,4,6.702554028
660,37,her,3,6.452086523
661,37,and,3,7.126115569
662,37,without,7,5.549224691
663,37,introduction,12,3.632278257
664,37,began,5,4.511680528
665,37,,0,1.5
666,37,“french,7,1.5
667,37,grammar,7,3.381739254
668,37,has,3,6.053994844
669,37,twenty-six,10,1.5
670,37,letters,7,4.573094829
671,38,the,3,7.468477762
672,38,first,5,5.923987626
673,38,letter,6,4.916528673
674,38,is,2,6.954274634
675,38,called,6,5.530933324
676,38,a,1,7.309359959
677,38,the,3,7.468477762
678,38,second,6,5.453621261
679,38,b”,2,1.5
680,39,“excuse,7,1.5
681,39,me”,3,1.5
682,39,vorotov,7,1.5
683,39,interrupted,11,3.719968936
684,39,smiling,7,4.235328658
685,40,“i,2,1.5
686,40,must,4,5.844039838
687,40,warn,4,4.403768418
688,40,you,3,7.62117384
689,40,mademoiselle,12,3.913010424
690,40,that,4,7.148972369
691,40,you,3,7.62117384
692,40,must,4,5.844039838
693,40,change,6,5.380289187
694,40,your,4,6.808654986
695,40,method,6,3.897139188
696,40,a,1,7.309359959
697,40,little,6,6.159696264
698,40,in,2,6.989451386
699,40,my,2,6.829527337
700,40,case,4,5.450317255
701,41,you,3,7.62117384
702,41,see,3,6.40709175
703,41,i,1,1.5
704,41,know,4,6.756891151
705,41,russian,7,4.468504075
706,41,greek,5,4.054512706
707,41,and,3,7.126115569
708,41,latin,5,4.041570458
709,41,well,4,6.475172328
710,42,i’ve,4,1.5
711,42,studied,7,4.053761981
712,42,comparative,11,2.915083433
713,42,philology,9,1.5
714,42,and,3,7.126115569
715,42,i,1,1.5
716,42,think,5,6.429384465
717,42,we,2,6.954221722
718,42,might,5,5.712367465
719,42,omit,4,2.467925401
720,42,margot,6,1.5
721,42,and,3,7.126115569
722,42,pass,4,5.033379659
723,42,straight,8,5.087366585
724,42,to,2,7.355006441
725,42,reading,7,4.787933134
726,42,some,4,6.236760752
727,42,author”,7,1.5
728,43,and,3,7.126115569
729,43,he,2,6.882339374
730,43,explained,9,4.069260965
731,43,to,2,7.355006441
732,43,the,3,7.468477762
733,43,french,6,4.841082699
734,43,girl,4,5.745366518
735,43,how,3,6.484591105
736,43,grown-up,8,1.5
737,43,people,6,6.041979831
738,43,learn,5,5.073445925
739,43,languages,9,3.614053437
740,44,“a,2,1.5
741,44,friend,6,5.621943397
742,44,of,2,7.063009914
743,44,mine”,5,1.5
744,44,he,2,6.882339374
745,44,said,4,6.044128492
746,44,“wanting,8,1.5
747,44,to,2,7.355006441
748,44,learn,5,5.073445925
749,44,modern,6,4.260783823
750,44,languages,9,3.614053437
751,44,laid,4,4.475957496
752,44,before,6,5.899310611
753,44,him,3,6.541548453
754,44,the,3,7.468477762
755,44,french,6,4.841082699
756,44,german,6,4.502687507
757,44,and,3,7.126115569
758,44,latin,5,4.041570458
759,44,gospels,7,2.672045384
760,44,and,3,7.126115569
761,44,read,4,5.381845166
762,44,them,4,6.249541971
763,44,side,4,5.302473259
764,44,by,2,6.12666796
765,44,side,4,5.302473259
766,44,carefully,9,4.372099769
767,44,analysing,9,2.592864138
768,44,each,4,5.402995802
769,44,word,4,5.37152177
770,44,and,3,7.126115569
771,44,would,5,6.246862496
772,44,you,3,7.62117384
773,44,believe,7,5.795393321
774,44,it,2,7.27578186
775,44,he,2,6.882339374
776,44,attained,8,2.904617999
777,44,his,3,6.326723177
778,44,object,6,4.410759895
779,44,in,2,6.989451386
780,44,less,4,5.045187355
781,44,than,4,5.867945036
782,44,a,1,7.309359959
783,44,year,4,5.44335721
784,45,let,3,6.383085948
785,45,us,2,6.228744801
786,45,do,2,6.787261912
787,45,the,3,7.468477762
788,45,same,4,5.619744536
789,46,we’ll,5,1.5
790,46,take,4,6.276109357
791,46,some,4,6.236760752
792,46,author,6,3.900360176
793,46,and,3,7.126115569
794,46,read,4,5.381845166
795,46,him”,4,1.5
796,47,the,3,7.468477762
797,47,french,6,4.841082699
798,47,girl,4,5.745366518
799,47,looked,6,5.081908091
800,47,at,2,6.506871261
801,47,him,3,6.541548453
802,47,in,2,6.989451386
803,47,perplexity,10,1.5
804,48,evidently,9,3.76750533
805,48,the,3,7.468477762
806,48,suggestion,10,4.086322189
807,48,seemed,6,4.734000228
808,48,to,2,7.355006441
809,48,her,3,6.452086523
810,48,very,4,6.093272155
811,48,naïve,5,1.5
812,48,and,3,7.126115569
813,48,ridiculous,10,4.744693478
814,49,if,2,6.548578339
815,49,this,4,6.901338909
816,49,strange,7,4.936174241
817,49,proposal,8,3.944080483
818,49,had,3,6.22366309
819,49,been,4,6.2391404
820,49,made,4,5.74860998
821,49,to,2,7.355006441
822,49,her,3,6.452086523
823,49,by,2,6.12666796
824,49,a,1,7.309359959
825,49,child,5,5.197144204
826,49,she,3,6.571450902
827,49,would,5,6.246862496
828,49,certainly,9,5.074879714
829,49,have,4,6.789085934
830,49,been,4,6.2391404
831,49,angry,5,4.77025633
832,49,and,3,7.126115569
833,49,have,4,6.789085934
834,49,scolded,7,2.925302598
835,49,it,2,7.27578186
836,49,but,3,6.644579913
837,49,as,2,6.345177693
838,49,he,2,6.882339374
839,49,was,3,6.751817351
840,49,a,1,7.309359959
841,49,grown-up,8,1.5
842,49,man,3,6.265580656
843,49,and,3,7.126115569
844,49,very,4,6.093272155
845,49,stout,5,3.024227902
846,49,and,3,7.126115569
847,49,she,3,6.571450902
848,49,could,5,6.211487424
849,49,not,3,6.733802491
850,49,scold,5,3.124343055
851,49,him,3,6.541548453
852,49,she,3,6.571450902
853,49,only,4,6.034323607
854,49,shrugged,8,2.069985393
855,49,her,3,6.452086523
856,49,shoulders,9,4.070708614
857,49,hardly,6,4.709139725
858,49,perceptibly,11,1.5
859,49,and,3,7.126115569
860,49,said,4,6.044128492
861,49,,0,1.5
862,49,“as,3,1.5
863,49,you,3,7.62117384
864,49,please”,7,1.5
865,50,vorotov,7,1.5
866,50,rummaged,8,2.194924129
867,50,in,2,6.989451386
868,50,his,3,6.326723177
869,50,bookcase,8,2.982030222
870,50,and,3,7.126115569
871,50,picked,6,4.84022356
872,50,out,3,6.58659127
873,50,a,1,7.309359959
874,50,dog’s-eared,11,1.5
875,50,french,6,4.841082699
876,50,book,4,5.247377585
877,51,“will,5,1.5
878,51,this,4,6.901338909
879,51,do”,3,1.5
880,52,“it’s,5,1.5
881,52,all,3,6.71221242
882,52,the,3,7.468477762
883,52,same”,5,1.5
884,52,she,3,6.571450902
885,52,said,4,6.044128492
886,53,“in,3,1.5
887,53,that,4,7.148972369
888,53,case,4,5.450317255
889,53,let,3,6.383085948
890,53,us,2,6.228744801
891,53,begin,5,4.755279174
892,53,and,3,7.126115569
893,53,good,4,6.416070926
894,53,luck,4,5.186205596
895,53,to,2,7.355006441
896,53,it,2,7.27578186
897,54,let’s,5,1.5
898,54,begin,5,4.755279174
899,54,with,4,6.702554028
900,54,the,3,7.468477762
901,54,title‘mémoires’”,16,1.5
902,55,“reminiscences”,15,1.5
903,55,mdlle,5,1.5
904,56,enquête,7,1.5
905,56,translated,10,3.399044112
906,57,with,4,6.702554028
907,57,a,1,7.309359959
908,57,good-natured,12,1.5
909,57,smile,5,4.762979107
910,57,breathing,9,4.443510373
911,57,hard,4,5.487761456
912,57,he,2,6.882339374
913,57,spent,5,4.845110188
914,57,a,1,7.309359959
915,57,quarter,7,4.415032217
916,57,of,2,7.063009914
917,57,an,2,6.269886772
918,57,hour,4,5.209759564
919,57,over,4,6.121067135
920,57,the,3,7.468477762
921,57,word,4,5.37152177
922,57,“mémoires”,10,1.5
923,57,and,3,7.126115569
924,57,as,2,6.345177693
925,57,much,4,5.987639668
926,57,over,4,6.121067135
927,57,the,3,7.468477762
928,57,word,4,5.37152177
929,57,de,2,4.626689832
930,57,and,3,7.126115569
931,57,this,4,6.901338909
932,57,wearied,7,2.194924129
933,57,the,3,7.468477762
934,57,young,5,5.385360886
935,57,lady,4,5.336060219
936,58,she,3,6.571450902
937,58,answered,8,4.181695863
938,58,his,3,6.326723177
939,58,questions,9,5.071214154
940,58,languidly,9,1.592864138
941,58,grew,4,4.46618474
942,58,confused,8,4.510369647
943,58,and,3,7.126115569
944,58,evidently,9,3.76750533
945,58,did,3,6.368878477
946,58,not,3,6.733802491
947,58,understand,10,5.682875162
948,58,her,3,6.452086523
949,58,pupil,5,3.498660018
950,58,well,4,6.475172328
951,58,and,3,7.126115569
952,58,did,3,6.368878477
953,58,not,3,6.733802491
954,58,attempt,7,4.28128396
955,58,to,2,7.355006441
956,58,understand,10,5.682875162
957,58,him,3,6.541548453
958,59,vorotov,7,1.5
959,59,asked,5,5.334409655
960,59,her,3,6.452086523
961,59,questions,9,5.071214154
962,59,and,3,7.126115569
963,59,at,2,6.506871261
964,59,the,3,7.468477762
965,59,same,4,5.619744536
966,59,time,4,6.291360503
967,59,kept,4,4.950798985
968,59,looking,7,5.635577437
969,59,at,2,6.506871261
970,59,her,3,6.452086523
971,59,fair,4,4.976050937
972,59,hair,4,5.185706821
973,59,and,3,7.126115569
974,59,thinking,8,5.448807084
975,59,,0,1.5
976,59,“her,4,1.5
977,59,hair,4,5.185706821
978,59,isn’t,5,1.5
979,59,naturally,9,4.389091452
980,59,curly,5,3.761656158
981,59,she,3,6.571450902
982,59,curls,5,3.194924129
983,59,it,2,7.27578186
984,60,it’s,4,1.5
985,60,a,1,7.309359959
986,60,strange,7,4.936174241
987,60,thing,5,6.036307066
988,61,she,3,6.571450902
989,61,works,5,5.020836851
990,61,from,4,6.308838249
991,61,morning,7,5.641888236
992,61,to,2,7.355006441
993,61,night,5,5.936951709
994,61,and,3,7.126115569
995,61,yet,3,5.533106612
996,61,she,3,6.571450902
997,61,has,3,6.053994844
998,61,time,4,6.291360503
999,61,to,2,7.355006441
1000,61,curl,4,3.374619512
1001,61,her,3,6.452086523
1002,61,hair”,5,1.5
1003,62,at,2,6.506871261
1004,62,eight,5,4.991758545
1005,62,o’clock,7,1.5
1006,62,precisely,9,4.078585564
1007,62,she,3,6.571450902
1008,62,got,3,6.518774133
1009,62,up,2,6.564072703
1010,62,and,3,7.126115569
1011,62,saying,6,5.464291117
1012,62,coldly,6,2.194924129
1013,62,and,3,7.126115569
1014,62,dryly,5,1.5
1015,62,“au,3,1.5
1016,62,revoir,6,3.547106647
1017,62,monsieur”,9,1.5
1018,62,walked,6,4.729267586
1019,62,out,3,6.58659127
1020,62,of,2,7.063009914
1021,62,the,3,7.468477762
1022,62,study,5,4.690121448
1023,62,leaving,7,5.14988986
1024,62,behind,6,5.273290309
1025,62,her,3,6.452086523
1026,62,the,3,7.468477762
1027,62,same,4,5.619744536
1028,62,tender,6,3.948889995
1029,62,delicate,8,3.978470411
1030,62,disturbing,10,3.958352123
1031,62,fragrance,9,3.077163977
1032,63,for,3,6.837945999
1033,63,a,1,7.309359959
1034,63,long,4,5.828821617
1035,63,time,4,6.291360503
1036,63,again,5,5.898527141
1037,63,her,3,6.452086523
1038,63,pupil,5,3.498660018
1039,63,did,3,6.368878477
1040,63,nothing,7,5.930672691
1041,63,he,2,6.882339374
1042,63,sat,3,4.456186998
1043,63,at,2,6.506871261
1044,63,the,3,7.468477762
1045,63,table,5,5.023261729
1046,63,meditating,10,2.835902186
1047,64,during,6,4.879881639
1048,64,the,3,7.468477762
1049,64,days,4,5.484763821
1050,64,that,4,7.148972369
1051,64,followed,8,4.53238339
1052,64,he,2,6.882339374
1053,64,became,6,4.678511426
1054,64,convinced,9,4.317958659
1055,64,that,4,7.148972369
1056,64,his,3,6.326723177
1057,64,teacher,7,4.745611002
1058,64,was,3,6.751817351
1059,64,a,1,7.309359959
1060,64,charming,8,4.448686043
1061,64,conscientious,13,3.091174692
1062,64,and,3,7.126115569
1063,64,precise,7,3.716715779
1064,64,young,5,5.385360886
1065,64,lady,4,5.336060219
1066,64,but,3,6.644579913
1067,64,that,4,7.148972369
1068,64,she,3,6.571450902
1069,64,was,3,6.751817351
1070,64,very,4,6.093272155
1071,64,badly,5,4.417965549
1072,64,educated,8,3.743620578
1073,64,and,3,7.126115569
1074,64,incapable,9,3.53238339
1075,64,of,2,7.063009914
1076,64,teaching,8,4.296585298
1077,64,grown-up,8,1.5
1078,64,people,6,6.041979831
1079,64,and,3,7.126115569
1080,64,he,2,6.882339374
1081,64,made,4,5.74860998
1082,64,up,2,6.564072703
1083,64,his,3,6.326723177
1084,64,mind,4,5.684812329
1085,64,not,3,6.733802491
1086,64,to,2,7.355006441
1087,64,waste,5,4.725923781
1088,64,his,3,6.326723177
1089,64,time,4,6.291360503
1090,64,to,2,7.355006441
1091,64,get,3,6.660628492
1092,64,rid,3,4.776560946
1093,64,of,2,7.063009914
1094,64,her,3,6.452086523
1095,64,and,3,7.126115569
1096,64,to,2,7.355006441
1097,64,engage,6,3.790144696
1098,64,another,7,5.706322814
1099,64,teacher,7,4.745611002
1100,65,when,4,6.307780386
1101,65,she,3,6.571450902
1102,65,came,4,5.66568365
1103,65,the,3,7.468477762
1104,65,seventh,7,3.989063485
1105,65,time,4,6.291360503
1106,65,he,2,6.882339374
1107,65,took,4,5.533753995
1108,65,out,3,6.58659127
1109,65,of,2,7.063009914
1110,65,his,3,6.326723177
1111,65,pocket,6,4.552382515
1112,65,an,2,6.269886772
1113,65,envelope,8,4.002797261
1114,65,with,4,6.702554028
1115,65,seven,5,5.018398358
1116,65,roubles,7,2.467925401
1117,65,in,2,6.989451386
1118,65,it,2,7.27578186
1119,65,and,3,7.126115569
1120,65,holding,7,4.83973186
1121,65,it,2,7.27578186
1122,65,in,2,6.989451386
1123,65,his,3,6.326723177
1124,65,hand,4,5.446045024
1125,65,became,6,4.678511426
1126,65,very,4,6.093272155
1127,65,confused,8,4.510369647
1128,65,and,3,7.126115569
1129,65,began,5,4.511680528
1130,65,,0,1.5
1131,65,“excuse,7,1.5
1132,65,mealice,7,1.5
1133,65,osipovna,8,1.5
1134,65,but,3,6.644579913
1135,65,i,1,1.5
1136,65,ought,5,4.906625934
1137,65,to,2,7.355006441
1138,65,tell,4,6.236069986
1139,65,youi’m,6,1.5
1140,65,under,5,5.417608092
1141,65,painful,7,4.180575103
1142,65,necessity”,10,1.5
1143,66,seeing,6,5.039401305
1144,66,the,3,7.468477762
1145,66,envelope,8,4.002797261
1146,66,the,3,7.468477762
1147,66,french,6,4.841082699
1148,66,girl,4,5.745366518
1149,66,guessed,7,3.871617739
1150,66,what,4,6.992508444
1151,66,was,3,6.751817351
1152,66,meant,5,5.017500802
1153,66,and,3,7.126115569
1154,66,for,3,6.837945999
1155,66,the,3,7.468477762
1156,66,first,5,5.923987626
1157,66,time,4,6.291360503
1158,66,during,6,4.879881639
1159,66,their,5,5.81576261
1160,66,lessons,7,4.180013636
1161,66,her,3,6.452086523
1162,66,face,4,5.460567271
1163,66,quivered,8,1.592864138
1164,66,and,3,7.126115569
1165,66,her,3,6.452086523
1166,66,cold,4,5.113936811
1167,66,business-like,13,1.5
1168,66,expression,10,4.106081738
1169,66,vanished,8,3.745152482
1170,67,she,3,6.571450902
1171,67,coloured,8,3.200319161
1172,67,a,1,7.309359959
1173,67,little,6,6.159696264
1174,67,and,3,7.126115569
1175,67,dropping,8,4.209339652
1176,67,her,3,6.452086523
1177,67,eyes,4,5.344912586
1178,67,began,5,4.511680528
1179,67,nervously,9,2.689774151
1180,67,fingering,9,2.570587743
1181,67,her,3,6.452086523
1182,67,slender,7,2.882898749
1183,67,gold,4,4.896815772
1184,67,chain,5,4.326462599
1185,68,and,3,7.126115569
1186,68,vorotov,7,1.5
1187,68,seeing,6,5.039401305
1188,68,her,3,6.452086523
1189,68,perturbation,12,1.768955397
1190,68,realised,8,3.719968936
1191,68,how,3,6.484591105
1192,68,much,4,5.987639668
1193,68,a,1,7.309359959
1194,68,rouble,6,1.768955397
1195,68,meant,5,5.017500802
1196,68,to,2,7.355006441
1197,68,her,3,6.452086523
1198,68,and,3,7.126115569
1199,68,how,3,6.484591105
1200,68,bitter,6,4.046946409
1201,68,it,2,7.27578186
1202,68,would,5,6.246862496
1203,68,be,2,6.758829216
1204,68,to,2,7.355006441
1205,68,her,3,6.452086523
1206,68,to,2,7.355006441
1207,68,lose,4,5.215233608
1208,68,what,4,6.992508444
1209,68,she,3,6.571450902
1210,68,was,3,6.751817351
1211,68,earning,7,3.412408073
1212,69,“i,2,1.5
1213,69,ought,5,4.906625934
1214,69,to,2,7.355006441
1215,69,tell,4,6.236069986
1216,69,you”,4,1.5
1217,69,he,2,6.882339374
1218,69,muttered,8,2.405777494
1219,69,growing,7,4.475957496
1220,69,more,4,6.11288234
1221,69,and,3,7.126115569
1222,69,more,4,6.11288234
1223,69,confused,8,4.510369647
1224,69,and,3,7.126115569
1225,69,quavering,9,1.5
1226,69,inwardly,8,2.246076652
1227,69,he,2,6.882339374
1228,69,hurriedly,9,2.405777494
1229,69,stuffed,7,3.937256411
1230,69,the,3,7.468477762
1231,69,envelope,8,4.002797261
1232,69,into,4,5.926059428
1233,69,his,3,6.326723177
1234,69,pocket,6,4.552382515
1235,69,and,3,7.126115569
1236,69,went,4,5.613805198
1237,69,on,2,6.841747977
1238,69,“excuse,7,1.5
1239,69,me,2,6.96516844
1240,69,ii,2,3.055262136
1241,69,must,4,5.844039838
1242,69,leave,5,5.748154618
1243,69,you,3,7.62117384
1244,69,for,3,6.837945999
1245,69,ten,3,5.160831045
1246,69,minutes”,8,1.5
1247,70,and,3,7.126115569
1248,70,trying,6,5.650720347
1249,70,to,2,7.355006441
1250,70,appear,6,4.368474586
1251,70,as,2,6.345177693
1252,70,though,6,5.259382118
1253,70,he,2,6.882339374
1254,70,had,3,6.22366309
1255,70,not,3,6.733802491
1256,70,in,2,6.989451386
1257,70,the,3,7.468477762
1258,70,least,5,5.317017076
1259,70,meant,5,5.017500802
1260,70,to,2,7.355006441
1261,70,get,3,6.660628492
1262,70,rid,3,4.776560946
1263,70,of,2,7.063009914
1264,70,her,3,6.452086523
1265,70,but,3,6.644579913
1266,70,only,4,6.034323607
1267,70,to,2,7.355006441
1268,70,ask,3,5.683492471
1269,70,her,3,6.452086523
1270,70,permission,10,4.49268464
1271,70,to,2,7.355006441
1272,70,leave,5,5.748154618
1273,70,her,3,6.452086523
1274,70,for,3,6.837945999
1275,70,a,1,7.309359959
1276,70,short,5,4.932116772
1277,70,time,4,6.291360503
1278,70,he,2,6.882339374
1279,70,went,4,5.613805198
1280,70,into,4,5.926059428
1281,70,the,3,7.468477762
1282,70,next,4,5.655276883
1283,70,room,4,5.64239226
1284,70,and,3,7.126115569
1285,70,sat,3,4.456186998
1286,70,there,5,6.637707563
1287,70,for,3,6.837945999
1288,70,ten,3,5.160831045
1289,70,minutes,7,5.435629346
1290,71,and,3,7.126115569
1291,71,then,4,6.172459118
1292,71,he,2,6.882339374
1293,71,returned,8,4.393581216
1294,71,more,4,6.11288234
1295,71,embarrassed,11,4.330851464
1296,71,than,4,5.867945036
1297,71,ever,4,5.850194658
1298,71,it,2,7.27578186
1299,71,struck,6,4.209339652
1300,71,him,3,6.541548453
1301,71,that,4,7.148972369
1302,71,she,3,6.571450902
1303,71,might,5,5.712367465
1304,71,have,4,6.789085934
1305,71,interpreted,11,3.040022169
1306,71,his,3,6.326723177
1307,71,brief,5,4.156938117
1308,71,absence,7,3.801036664
1309,71,in,2,6.989451386
1310,71,some,4,6.236760752
1311,71,way,3,6.15314149
1312,71,of,2,7.063009914
1313,71,her,3,6.452086523
1314,71,own,3,5.661421033
1315,71,and,3,7.126115569
1316,71,he,2,6.882339374
1317,71,felt,4,5.078017488
1318,71,awkward,7,4.155751519
1319,72,the,3,7.468477762
1320,72,lessons,7,4.180013636
1321,72,began,5,4.511680528
1322,72,again,5,5.898527141
1323,73,yorotov,7,1.5
1324,73,felt,4,5.078017488
1325,73,no,2,6.775492746
1326,73,interest,8,4.706640422
1327,73,in,2,6.989451386
1328,73,them,4,6.249541971
1329,74,realising,9,2.653561978
1330,74,that,4,7.148972369
1331,74,he,2,6.882339374
1332,74,would,5,6.246862496
1333,74,gain,4,4.13755216
1334,74,nothing,7,5.930672691
1335,74,from,4,6.308838249
1336,74,the,3,7.468477762
1337,74,lessons,7,4.180013636
1338,74,he,2,6.882339374
1339,74,gave,4,5.38627033
1340,74,the,3,7.468477762
1341,74,french,6,4.841082699
1342,74,girl,4,5.745366518
1343,74,liberty,7,4.221253068
1344,74,to,2,7.355006441
1345,74,do,2,6.787261912
1346,74,as,2,6.345177693
1347,74,she,3,6.571450902
1348,74,liked,5,4.895844075
1349,74,asking,6,5.107876483
1350,74,her,3,6.452086523
1351,74,nothing,7,5.930672691
1352,74,and,3,7.126115569
1353,74,not,3,6.733802491
1354,74,interrupting,12,3.885120209
1355,74,her,3,6.452086523
1356,75,she,3,6.571450902
1357,75,translated,10,3.399044112
1358,75,away,4,5.863275096
1359,75,as,2,6.345177693
1360,75,she,3,6.571450902
1361,75,pleased,7,4.454995517
1362,75,ten,3,5.160831045
1363,75,pages,5,4.134443382
1364,75,during,6,4.879881639
1365,75,a,1,7.309359959
1366,75,lesson,6,4.508000044
1367,75,and,3,7.126115569
1368,75,he,2,6.882339374
1369,75,did,3,6.368878477
1370,75,not,3,6.733802491
1371,75,listen,6,5.735644543
1372,75,breathed,8,3.149166639
1373,75,hard,4,5.487761456
1374,75,and,3,7.126115569
1375,75,having,6,5.460714485
1376,75,nothing,7,5.930672691
1377,75,better,6,5.899235545
1378,75,to,2,7.355006441
1379,75,do,2,6.787261912
1380,75,gazed,5,2.672045384
1381,75,at,2,6.506871261
1382,75,her,3,6.452086523
1383,75,curly,5,3.761656158
1384,75,head,4,5.569397518
1385,75,or,2,6.231208606
1386,75,her,3,6.452086523
1387,75,soft,4,4.505086194
1388,75,white,5,5.233593956
1389,75,hands,5,5.373325471
1390,75,or,2,6.231208606
1391,75,her,3,6.452086523
1392,75,neck,4,4.774135909
1393,75,and,3,7.126115569
1394,75,sniffed,7,2.882898749
1395,75,the,3,7.468477762
1396,75,fragrance,9,3.077163977
1397,75,of,2,7.063009914
1398,75,her,3,6.452086523
1399,75,clothes,7,5.00439967
1400,76,he,2,6.882339374
1401,76,caught,6,4.972350952
1402,76,himself,7,5.147292723
1403,76,thinking,8,5.448807084
1404,76,very,4,6.093272155
1405,76,unsuitable,10,2.689774151
1406,76,thoughts,8,4.523303733
1407,76,and,3,7.126115569
1408,76,felt,4,5.078017488
1409,76,ashamed,7,4.437030548
1410,76,or,2,6.231208606
1411,76,he,2,6.882339374
1412,76,was,3,6.751817351
1413,76,moved,5,4.840469202
1414,76,to,2,7.355006441
1415,76,tenderness,10,3.405777494
1416,76,and,3,7.126115569
1417,76,then,4,6.172459118
1418,76,he,2,6.882339374
1419,76,felt,4,5.078017488
1420,76,vexed,5,2.689774151
1421,76,and,3,7.126115569
1422,76,wounded,7,4.288783391
1423,76,that,4,7.148972369
1424,76,she,3,6.571450902
1425,76,was,3,6.751817351
1426,76,so,2,6.627197752
1427,76,cold,4,5.113936811
1428,76,and,3,7.126115569
1429,76,business-like,13,1.5
1430,76,with,4,6.702554028
1431,76,him,3,6.541548453
1432,76,and,3,7.126115569
1433,76,treated,7,4.378193973
1434,76,him,3,6.541548453
1435,76,as,2,6.345177693
1436,76,a,1,7.309359959
1437,76,pupil,5,3.498660018
1438,76,never,5,6.133762704
1439,76,smiling,7,4.235328658
1440,76,and,3,7.126115569
1441,76,seeming,7,3.007837486
1442,76,afraid,6,5.393306259
1443,76,that,4,7.148972369
1444,76,he,2,6.882339374
1445,76,might,5,5.712367465
1446,76,accidentally,12,3.945046656
1447,76,touch,5,5.168917399
1448,76,her,3,6.452086523
1449,77,he,2,6.882339374
1450,77,kept,4,4.950798985
1451,77,wondering,9,4.801305494
1452,77,how,3,6.484591105
1453,77,to,2,7.355006441
1454,77,inspire,7,3.590687219
1455,77,her,3,6.452086523
1456,77,with,4,6.702554028
1457,77,confidence,10,4.289220527
1458,77,and,3,7.126115569
1459,77,get,3,6.660628492
1460,77,to,2,7.355006441
1461,77,know,4,6.756891151
1462,77,her,3,6.452086523
1463,77,better,6,5.899235545
1464,77,and,3,7.126115569
1465,77,to,2,7.355006441
1466,77,help,4,5.963728666
1467,77,her,3,6.452086523
1468,77,to,2,7.355006441
1469,77,make,4,6.141720156
1470,77,her,3,6.452086523
1471,77,understand,10,5.682875162
1472,77,how,3,6.484591105
1473,77,badly,5,4.417965549
1474,77,she,3,6.571450902
1475,77,taught,6,4.641500126
1476,77,poor,4,5.110323964
1477,77,thing,5,6.036307066
1478,78,one,3,6.486861564
1479,78,day,3,5.903493735
1480,78,mdlle,5,1.5
1481,79,enquête,7,1.5
1482,79,came,4,5.66568365
1483,79,to,2,7.355006441
1484,79,the,3,7.468477762
1485,79,lesson,6,4.508000044
1486,79,in,2,6.989451386
1487,79,a,1,7.309359959
1488,79,smart,5,4.982915634
1489,79,pink,4,4.454099756
1490,79,dress,5,4.939998921
1491,79,slightly,8,4.053009955
1492,79,décolleté,9,1.5
1493,79,and,3,7.126115569
1494,79,surrounded,10,4.123063836
1495,79,by,2,6.12666796
1496,79,such,4,5.463648323
1497,79,a,1,7.309359959
1498,79,fragrance,9,3.077163977
1499,79,that,4,7.148972369
1500,79,she,3,6.571450902
1501,79,seemed,6,4.734000228
1502,79,to,2,7.355006441
1503,79,be,2,6.758829216
1504,79,wrapped,7,4.070708614
1505,79,in,2,6.989451386
1506,79,a,1,7.309359959
1507,79,cloud,5,4.069985393
1508,79,and,3,7.126115569
1509,79,if,2,6.548578339
1510,79,one,3,6.486861564
1511,79,blew,4,4.498929683
1512,79,upon,4,4.79698412
1513,79,her,3,6.452086523
1514,79,ready,5,5.588038473
1515,79,to,2,7.355006441
1516,79,fly,3,4.928923416
1517,79,away,4,5.863275096
1518,79,into,4,5.926059428
1519,79,the,3,7.468477762
1520,79,air,3,5.142541628
1521,79,or,2,6.231208606
1522,79,melt,4,3.864705744
1523,79,away,4,5.863275096
1524,79,like,4,6.601353593
1525,79,smoke,5,4.815320474
1526,80,she,3,6.571450902
1527,80,apologised,10,2.810348082
1528,80,and,3,7.126115569
1529,80,said,4,6.044128492
1530,80,she,3,6.571450902
1531,80,could,5,6.211487424
1532,80,stay,4,5.711773377
1533,80,only,4,6.034323607
1534,80,half,4,5.298599595
1535,80,an,2,6.269886772
1536,80,hour,4,5.209759564
1537,80,for,3,6.837945999
1538,80,the,3,7.468477762
1539,80,lesson,6,4.508000044
1540,80,as,2,6.345177693
1541,80,she,3,6.571450902
1542,80,was,3,6.751817351
1543,80,going,5,6.326418485
1544,80,straight,8,5.087366585
1545,80,from,4,6.308838249
1546,80,the,3,7.468477762
1547,80,lesson,6,4.508000044
1548,80,to,2,7.355006441
1549,80,a,1,7.309359959
1550,80,dance,5,5.169838612
1551,81,he,2,6.882339374
1552,81,looked,6,5.081908091
1553,81,at,2,6.506871261
1554,81,her,3,6.452086523
1555,81,throat,6,4.556179649
1556,81,and,3,7.126115569
1557,81,the,3,7.468477762
1558,81,back,4,6.302422402
1559,81,of,2,7.063009914
1560,81,her,3,6.452086523
1561,81,bare,4,3.921243741
1562,81,neck,4,4.774135909
1563,81,and,3,7.126115569
1564,81,thought,7,5.907079076
1565,81,he,2,6.882339374
1566,81,understood,10,4.50667799
1567,81,why,3,6.351352121
1568,81,frenchwomen,11,1.5
1569,81,had,3,6.22366309
1570,81,the,3,7.468477762
1571,81,reputation,10,4.284829241
1572,81,of,2,7.063009914
1573,81,frivolous,9,3.084225832
1574,81,creatures,9,4.098692172
1575,81,easily,6,4.353286621
1576,81,seduced,7,3.274105375
1577,81,he,2,6.882339374
1578,81,was,3,6.751817351
1579,81,carried,7,4.303404586
1580,81,away,4,5.863275096
1581,81,by,2,6.12666796
1582,81,this,4,6.901338909
1583,81,cloud,5,4.069985393
1584,81,of,2,7.063009914
1585,81,fragrance,9,3.077163977
1586,81,beauty,6,4.682945756
1587,81,and,3,7.126115569
1588,81,bare,4,3.921243741
1589,81,flesh,5,4.343372533
1590,81,while,5,5.542790581
1591,81,she,3,6.571450902
1592,81,unconscious,11,4.058246989
1593,81,of,2,7.063009914
1594,81,his,3,6.326723177
1595,81,thoughts,8,4.523303733
1596,81,and,3,7.126115569
1597,81,probably,8,5.447898454
1598,81,not,3,6.733802491
1599,81,in,2,6.989451386
1600,81,the,3,7.468477762
1601,81,least,5,5.317017076
1602,81,interested,10,4.9328122
1603,81,in,2,6.989451386
1604,81,them,4,6.249541971
1605,81,rapidly,7,3.570587743
1606,81,turned,6,5.023342326
1607,81,over,4,6.121067135
1608,81,the,3,7.468477762
1609,81,pages,5,4.134443382
1610,81,and,3,7.126115569
1611,81,translated,10,3.399044112
1612,81,at,2,6.506871261
1613,81,full,4,5.221916776
1614,81,steam,5,4.128790879
1615,81,,0,1.5
1616,81,“‘he,4,1.5
1617,81,was,3,6.751817351
1618,81,walking,7,4.874692604
1619,81,the,3,7.468477762
1620,81,street,6,5.17024103
1621,81,and,3,7.126115569
1622,81,meeting,7,5.121330892
1623,81,a,1,7.309359959
1624,81,gentleman,9,4.621435391
1625,81,his,3,6.326723177
1626,81,friend,6,5.621943397
1627,81,and,3,7.126115569
1628,81,saying,6,5.464291117
1629,81,“where,6,1.5
1630,81,are,3,6.716181562
1631,81,you,3,7.62117384
1632,81,striving,8,2.689774151
1633,81,to,2,7.355006441
1634,81,seeing,6,5.039401305
1635,81,your,4,6.808654986
1636,81,face,4,5.460567271
1637,81,so,2,6.627197752
1638,81,pale,4,3.904617999
1639,81,it,2,7.27578186
1640,81,makes,5,5.381633315
1641,81,me,2,6.96516844
1642,81,sad”’”,6,1.5
1643,82,the,3,7.468477762
1644,82,“mémoires”,10,1.5
1645,82,had,3,6.22366309
1646,82,long,4,5.828821617
1647,82,been,4,6.2391404
1648,82,finished,8,4.922262017
1649,82,and,3,7.126115569
1650,82,nowalice,8,1.5
1651,82,was,3,6.751817351
1652,82,translating,11,3.124343055
1653,82,some,4,6.236760752
1654,82,other,5,5.865934891
1655,82,book,4,5.247377585
1656,83,one,3,6.486861564
1657,83,day,3,5.903493735
1658,83,she,3,6.571450902
1659,83,came,4,5.66568365
1660,83,an,2,6.269886772
1661,83,hour,4,5.209759564
1662,83,too,3,6.13662807
1663,83,early,5,5.033064553
1664,83,for,3,6.837945999
1665,83,the,3,7.468477762
1666,83,lesson,6,4.508000044
1667,83,apologizing,11,3.437962178
1668,83,and,3,7.126115569
1669,83,saying,6,5.464291117
1670,83,that,4,7.148972369
1671,83,she,3,6.571450902
1672,83,wanted,6,5.70036241
1673,83,to,2,7.355006441
1674,83,leave,5,5.748154618
1675,83,at,2,6.506871261
1676,83,seven,5,5.018398358
1677,83,and,3,7.126115569
1678,83,go,2,6.578393896
1679,83,to,2,7.355006441
1680,83,the,3,7.468477762
1681,83,little,6,6.159696264
1682,83,theatre,7,4.057502697
1683,84,seeing,6,5.039401305
1684,84,her,3,6.452086523
1685,84,out,3,6.58659127
1686,84,after,5,5.833575592
1687,84,the,3,7.468477762
1688,84,lesson,6,4.508000044
1689,84,vorotov,7,1.5
1690,84,dressed,7,4.67113966
1691,84,and,3,7.126115569
1692,84,went,4,5.613805198
1693,84,to,2,7.355006441
1694,84,the,3,7.468477762
1695,84,theatre,7,4.057502697
1696,84,himself,7,5.147292723
1697,85,he,2,6.882339374
1698,85,went,4,5.613805198
1699,85,and,3,7.126115569
1700,85,fancied,7,2.999404318
1701,85,that,4,7.148972369
1702,85,he,2,6.882339374
1703,85,was,3,6.751817351
1704,85,going,5,6.326418485
1705,85,simply,6,4.665297864
1706,85,for,3,6.837945999
1707,85,change,6,5.380289187
1708,85,and,3,7.126115569
1709,85,amusement,9,3.575135371
1710,85,and,3,7.126115569
1711,85,that,4,7.148972369
1712,85,he,2,6.882339374
1713,85,was,3,6.751817351
1714,85,not,3,6.733802491
1715,85,thinking,8,5.448807084
1716,85,aboutalice,10,1.5
1717,85,at,2,6.506871261
1718,85,all,3,6.71221242
1719,86,he,2,6.882339374
1720,86,could,5,6.211487424
1721,86,not,3,6.733802491
1722,86,admit,5,4.771841085
1723,86,that,4,7.148972369
1724,86,a,1,7.309359959
1725,86,serious,7,5.170757876
1726,86,man,3,6.265580656
1727,86,preparing,9,3.95269962
1728,86,for,3,6.837945999
1729,86,a,1,7.309359959
1730,86,learned,7,4.76385884
1731,86,career,6,4.654693445
1732,86,lethargic,9,2.522283064
1733,86,in,2,6.989451386
1734,86,his,3,6.326723177
1735,86,habits,6,3.78737848
1736,86,could,5,6.211487424
1737,86,fling,5,3.549512717
1738,86,up,2,6.564072703
1739,86,his,3,6.326723177
1740,86,work,4,5.901428551
1741,86,and,3,7.126115569
1742,86,go,2,6.578393896
1743,86,to,2,7.355006441
1744,86,the,3,7.468477762
1745,86,theatre,7,4.057502697
1746,86,simply,6,4.665297864
1747,86,to,2,7.355006441
1748,86,meet,4,5.54630971
1749,86,there,5,6.637707563
1750,86,a,1,7.309359959
1751,86,girl,4,5.745366518
1752,86,he,2,6.882339374
1753,86,knew,4,5.566407606
1754,86,very,4,6.093272155
1755,86,little,6,6.159696264
1756,86,who,3,6.34633612
1757,86,was,3,6.751817351
1758,86,unintelligent,13,2.371015388
1759,86,and,3,7.126115569
1760,86,utterly,7,3.689774151
1761,86,unintellectual,14,1.5
1762,87,yet,3,5.533106612
1763,87,for,3,6.837945999
1764,87,some,4,6.236760752
1765,87,reason,6,5.285667009
1766,87,his,3,6.326723177
1767,87,heart,5,5.387143004
1768,87,was,3,6.751817351
1769,87,beating,7,4.356666362
1770,87,during,6,4.879881639
1771,87,the,3,7.468477762
1772,87,intervals,9,3.111378078
1773,87,and,3,7.126115569
1774,87,without,7,5.549224691
1775,87,realizing,9,3.428554709
1776,87,what,4,6.992508444
1777,87,he,2,6.882339374
1778,87,was,3,6.751817351
1779,87,doing,5,6.011935536
1780,87,he,2,6.882339374
1781,87,raced,5,3.124343055
1782,87,about,5,6.559491539
1783,87,the,3,7.468477762
1784,87,corridors,9,3.016110012
1785,87,and,3,7.126115569
1786,87,foyer,5,2.954591974
1787,87,like,4,6.601353593
1788,87,a,1,7.309359959
1789,87,boy,3,5.723551632
1790,87,impatiently,11,2.405777494
1791,87,looking,7,5.635577437
1792,87,for,3,6.837945999
1793,87,some,4,6.236760752
1794,87,one,3,6.486861564
1795,87,and,3,7.126115569
1796,87,he,2,6.882339374
1797,87,was,3,6.751817351
1798,87,disappointed,12,4.342986665
1799,87,when,4,6.307780386
1800,87,the,3,7.468477762
1801,87,interval,8,2.954591974
1802,87,was,3,6.751817351
1803,87,over,4,6.121067135
1804,88,and,3,7.126115569
1805,88,when,4,6.307780386
1806,88,he,2,6.882339374
1807,88,saw,3,5.604180781
1808,88,the,3,7.468477762
1809,88,familiar,8,4.537593498
1810,88,pink,4,4.454099756
1811,88,dress,5,4.939998921
1812,88,and,3,7.126115569
1813,88,the,3,7.468477762
1814,88,handsome,8,4.518434047
1815,88,shoulders,9,4.070708614
1816,88,under,5,5.417608092
1817,88,the,3,7.468477762
1818,88,tulle,5,2.570587743
1819,88,his,3,6.326723177
1820,88,heart,5,5.387143004
1821,88,quivered,8,1.592864138
1822,88,as,2,6.345177693
1823,88,though,6,5.259382118
1824,88,with,4,6.702554028
1825,88,a,1,7.309359959
1826,88,foretaste,9,1.592864138
1827,88,of,2,7.063009914
1828,88,happiness,9,4.388744155
1829,88,he,2,6.882339374
1830,88,smiled,6,3.693234683
1831,88,joyfully,8,2.291834142
1832,88,and,3,7.126115569
1833,88,for,3,6.837945999
1834,88,the,3,7.468477762
1835,88,first,5,5.923987626
1836,88,time,4,6.291360503
1837,88,in,2,6.989451386
1838,88,his,3,6.326723177
1839,88,life,4,5.900680964
1840,88,experienced,11,4.000255042
1841,88,the,3,7.468477762
1842,88,sensation,9,3.689774151
1843,88,of,2,7.063009914
1844,88,jealousy,8,3.760181473
1845,89,alice,5,4.423131939
1846,89,was,3,6.751817351
1847,89,walking,7,4.874692604
1848,89,with,4,6.702554028
1849,89,two,3,6.027313275
1850,89,unattractive-looking,20,1.5
1851,89,students,8,4.486348484
1852,89,and,3,7.126115569
1853,89,an,2,6.269886772
1854,89,officer,7,5.013314997
1855,90,she,3,6.571450902
1856,90,was,3,6.751817351
1857,90,laughing,8,4.718019967
1858,90,talking,7,5.696428418
1859,90,loudly,6,3.412408073
1860,90,and,3,7.126115569
1861,90,obviously,9,4.780807667
1862,90,flirting,8,3.726403046
1863,91,vorotov,7,1.5
1864,91,had,3,6.22366309
1865,91,never,5,6.133762704
1866,91,seen,4,5.584842929
1867,91,her,3,6.452086523
1868,91,like,4,6.601353593
1869,91,that,4,7.148972369
1870,92,she,3,6.571450902
1871,92,was,3,6.751817351
1872,92,evidently,9,3.76750533
1873,92,happy,5,5.522129756
1874,92,contented,9,2.893894133
1875,92,warm,4,4.716715779
1876,92,sincere,7,3.777555569
1877,93,what,4,6.992508444
1878,93,for,3,6.837945999
1879,94,why,3,6.351352121
1880,95,perhaps,7,5.133193613
1881,95,because,7,6.029209691
1882,95,these,5,5.955582169
1883,95,men,3,5.570861948
1884,95,were,4,6.220255601
1885,95,her,3,6.452086523
1886,95,friends,7,5.484373719
1887,95,and,3,7.126115569
1888,95,belonged,8,4.000255042
1889,95,to,2,7.355006441
1890,95,her,3,6.452086523
1891,95,own,3,5.661421033
1892,95,circle,6,4.332436482
1893,96,and,3,7.126115569
1894,96,vorotov,7,1.5
1895,96,felt,4,5.078017488
1896,96,there,5,6.637707563
1897,96,was,3,6.751817351
1898,96,a,1,7.309359959
1899,96,terrible,8,4.972713317
1900,96,gulf,4,3.675649508
1901,96,between,7,5.242831476
1902,96,himself,7,5.147292723
1903,96,and,3,7.126115569
1904,96,that,4,7.148972369
1905,96,circle,6,4.332436482
1906,97,he,2,6.882339374
1907,97,bowed,5,2.915083433
1908,97,to,2,7.355006441
1909,97,his,3,6.326723177
1910,97,teacher,7,4.745611002
1911,97,but,3,6.644579913
1912,97,she,3,6.571450902
1913,97,gave,4,5.38627033
1914,97,him,3,6.541548453
1915,97,a,1,7.309359959
1916,97,chilly,6,3.636226416
1917,97,nod,3,3.60146431
1918,97,and,3,7.126115569
1919,97,walked,6,4.729267586
1920,97,quickly,7,4.751528119
1921,97,by,2,6.12666796
1922,97,she,3,6.571450902
1923,97,evidently,9,3.76750533
1924,97,did,3,6.368878477
1925,97,not,3,6.733802491
1926,97,care,4,5.685391798
1927,97,for,3,6.837945999
1928,97,her,3,6.452086523
1929,97,friends,7,5.484373719
1930,97,to,2,7.355006441
1931,97,know,4,6.756891151
1932,97,that,4,7.148972369
1933,97,she,3,6.571450902
1934,97,had,3,6.22366309
1935,97,pupils,6,3.559005871
1936,97,and,3,7.126115569
1937,97,that,4,7.148972369
1938,97,she,3,6.571450902
1939,97,had,3,6.22366309
1940,97,to,2,7.355006441
1941,97,give,4,6.066788831
1942,97,lessons,7,4.180013636
1943,97,to,2,7.355006441
1944,97,earn,4,4.186150205
1945,97,money,5,5.80611619
1946,98,after,5,5.833575592
1947,98,the,3,7.468477762
1948,98,meeting,7,5.121330892
1949,98,at,2,6.506871261
1950,98,the,3,7.468477762
1951,98,theatre,7,4.057502697
1952,98,vorotov,7,1.5
1953,98,realised,8,3.719968936
1954,98,that,4,7.148972369
1955,98,he,2,6.882339374
1956,98,was,3,6.751817351
1957,98,in,2,6.989451386
1958,98,love,4,6.046679186
1959,98,,0,1.5
1960,98,,0,1.5
1961,98,,0,1.5
1962,99,during,6,4.879881639
1963,99,the,3,7.468477762
1964,99,subsequent,10,3.104747499
1965,99,lessons,7,4.180013636
1966,99,he,2,6.882339374
1967,99,feasted,7,2.291834142
1968,99,his,3,6.326723177
1969,99,eyes,4,5.344912586
1970,99,on,2,6.841747977
1971,99,his,3,6.326723177
1972,99,elegant,7,3.798339175
1973,99,teacher,7,4.745611002
1974,99,and,3,7.126115569
1975,99,without,7,5.549224691
1976,99,struggling,10,3.792893404
1977,99,with,4,6.702554028
1978,99,himself,7,5.147292723
1979,99,gave,4,5.38627033
1980,99,full,4,5.221916776
1981,99,rein,4,2.893894133
1982,99,to,2,7.355006441
1983,99,his,3,6.326723177
1984,99,imaginations,12,2.945046656
1985,99,pure,4,4.396321253
1986,99,and,3,7.126115569
1987,99,impure,6,2.915083433
1988,100,mdlle,5,1.5
1989,101,enquête’s,9,1.5
1990,101,face,4,5.460567271
1991,101,did,3,6.368878477
1992,101,not,3,6.733802491
1993,101,cease,5,3.941169001
1994,101,to,2,7.355006441
1995,101,be,2,6.758829216
1996,101,cold,4,5.113936811
1997,101,precisely,9,4.078585564
1998,101,at,2,6.506871261
1999,101,eight,5,4.991758545
2000,101,o’clock,7,1.5
2001,101,every,5,5.73911624
2002,101,evening,7,5.081132753
2003,101,she,3,6.571450902
2004,101,said,4,6.044128492
2005,101,coldly,6,2.194924129
2006,101,“au,3,1.5
2007,101,revoir,6,3.547106647
2008,101,monsieur”,9,1.5
2009,101,and,3,7.126115569
2010,101,he,2,6.882339374
2011,101,felt,4,5.078017488
2012,101,she,3,6.571450902
2013,101,cared,5,4.151572708
2014,101,nothing,7,5.930672691
2015,101,about,5,6.559491539
2016,101,him,3,6.541548453
2017,101,and,3,7.126115569
2018,101,never,5,6.133762704
2019,101,would,5,6.246862496
2020,101,care,4,5.685391798
2021,101,anything,8,5.957143028
2022,101,about,5,6.559491539
2023,101,him,3,6.541548453
2024,101,and,3,7.126115569
2025,101,that,4,7.148972369
2026,101,his,3,6.326723177
2027,101,position,8,4.857327772
2028,101,was,3,6.751817351
2029,101,hopeless,8,3.951750342
2030,102,sometimes,9,5.25230492
2031,102,in,2,6.989451386
2032,102,the,3,7.468477762
2033,102,middle,6,4.949845539
2034,102,of,2,7.063009914
2035,102,a,1,7.309359959
2036,102,lesson,6,4.508000044
2037,102,he,2,6.882339374
2038,102,would,5,6.246862496
2039,102,begin,5,4.755279174
2040,102,dreaming,8,4.264961996
2041,102,hoping,6,4.697521929
2042,102,making,6,5.346830004
2043,102,plans,5,4.749413289
2044,103,he,2,6.882339374
2045,103,inwardly,8,2.246076652
2046,103,composed,8,3.283060218
2047,103,declarations,12,2.437962178
2048,103,of,2,7.063009914
2049,103,love,4,6.046679186
2050,103,remembered,10,4.35139756
2051,103,that,4,7.148972369
2052,103,frenchwomen,11,1.5
2053,103,were,4,6.220255601
2054,103,frivolous,9,3.084225832
2055,103,and,3,7.126115569
2056,103,easily,6,4.353286621
2057,103,won,3,5.879881639
2058,103,but,3,6.644579913
2059,103,it,2,7.27578186
2060,103,was,3,6.751817351
2061,103,enough,6,5.699547885
2062,103,for,3,6.837945999
2063,103,him,3,6.541548453
2064,103,to,2,7.355006441
2065,103,glance,6,3.53734681
2066,103,at,2,6.506871261
2067,103,the,3,7.468477762
2068,103,face,4,5.460567271
2069,103,of,2,7.063009914
2070,103,his,3,6.326723177
2071,103,teacher,7,4.745611002
2072,103,for,3,6.837945999
2073,103,his,3,6.326723177
2074,103,ideas,5,4.590250522
2075,103,to,2,7.355006441
2076,103,be,2,6.758829216
2077,103,extinguished,12,2.783195836
2078,103,as,2,6.345177693
2079,103,a,1,7.309359959
2080,103,candle,6,3.904617999
2081,103,is,2,6.954274634
2082,103,blown,5,4.201390171
2083,103,out,3,6.58659127
2084,103,when,4,6.307780386
2085,103,you,3,7.62117384
2086,103,bring,5,5.514186381
2087,103,it,2,7.27578186
2088,103,into,4,5.926059428
2089,103,the,3,7.468477762
2090,103,wind,4,4.773133415
2091,103,on,2,6.841747977
2092,103,the,3,7.468477762
2093,103,verandah,8,1.990804146
2094,104,once,4,5.537099982
2095,104,overcome,8,3.792893404
2096,104,forgetting,10,4.089793786
2097,104,himself,7,5.147292723
2098,104,as,2,6.345177693
2099,104,though,6,5.259382118
2100,104,in,2,6.989451386
2101,104,delirium,8,2.860035866
2102,104,he,2,6.882339374
2103,104,could,5,6.211487424
2104,104,not,3,6.733802491
2105,104,restrain,8,3.189461233
2106,104,himself,7,5.147292723
2107,104,and,3,7.126115569
2108,104,barred,6,3.104747499
2109,104,her,3,6.452086523
2110,104,way,3,6.15314149
2111,104,as,2,6.345177693
2112,104,she,3,6.571450902
2113,104,was,3,6.751817351
2114,104,going,5,6.326418485
2115,104,from,4,6.308838249
2116,104,the,3,7.468477762
2117,104,study,5,4.690121448
2118,104,into,4,5.926059428
2119,104,the,3,7.468477762
2120,104,entry,5,4.084925742
2121,104,after,5,5.833575592
2122,104,the,3,7.468477762
2123,104,lesson,6,4.508000044
2124,104,and,3,7.126115569
2125,104,gasping,7,3.636226416
2126,104,for,3,6.837945999
2127,104,breath,6,4.652048755
2128,104,and,3,7.126115569
2129,104,stammering,10,2.467925401
2130,104,began,5,4.511680528
2131,104,to,2,7.355006441
2132,104,declare,7,3.879545107
2133,104,his,3,6.326723177
2134,104,love,4,6.046679186
2135,104,,0,1.5
2136,104,“you,4,1.5
2137,104,are,3,6.716181562
2138,104,dear,4,5.348586583
2139,104,to,2,7.355006441
2140,104,me,2,6.96516844
2141,105,i,1,1.5
2142,106,i,1,1.5
2143,106,love,4,6.046679186
2144,106,youallow,8,1.5
2145,106,me,2,6.96516844
2146,106,to,2,7.355006441
2147,106,speak”,6,1.5
2148,107,and,3,7.126115569
2149,107,alice,5,4.423131939
2150,107,turned,6,5.023342326
2151,107,pale—probably,13,1.5
2152,107,from,4,6.308838249
2153,107,dismay,6,2.672045384
2154,107,reflecting,10,2.810348082
2155,107,that,4,7.148972369
2156,107,after,5,5.833575592
2157,107,this,4,6.901338909
2158,107,declaration,11,3.549512717
2159,107,she,3,6.571450902
2160,107,could,5,6.211487424
2161,107,not,3,6.733802491
2162,107,come,4,6.496472255
2163,107,here,4,6.655049248
2164,107,again,5,5.898527141
2165,107,and,3,7.126115569
2166,107,get,3,6.660628492
2167,107,a,1,7.309359959
2168,107,rouble,6,1.768955397
2169,107,a,1,7.309359959
2170,107,lesson,6,4.508000044
2171,108,with,4,6.702554028
2172,108,a,1,7.309359959
2173,108,frightened,10,4.366284861
2174,108,look,4,6.28883587
2175,108,in,2,6.989451386
2176,108,her,3,6.452086523
2177,108,eyes,4,5.344912586
2178,108,she,3,6.571450902
2179,108,said,4,6.044128492
2180,108,in,2,6.989451386
2181,108,a,1,7.309359959
2182,108,loud,4,4.599757846
2183,108,whisper,7,3.898215507
2184,108,,0,1.5
2185,108,“ach,4,1.5
2186,108,you,3,7.62117384
2187,108,mustn’t,7,1.5
2188,109,don’t,5,1.5
2189,109,speak,5,5.271701065
2190,109,i,1,1.5
2191,109,entreat,7,2.634256823
2192,109,you,3,7.62117384
2193,110,you,3,7.62117384
2194,110,mustn’t”,8,1.5
2195,111,and,3,7.126115569
2196,111,vorotov,7,1.5
2197,111,did,3,6.368878477
2198,111,not,3,6.733802491
2199,111,sleep,5,5.357264461
2200,111,all,3,6.71221242
2201,111,night,5,5.936951709
2202,111,afterwards,10,4.146140184
2203,111,he,2,6.882339374
2204,111,was,3,6.751817351
2205,111,tortured,8,3.873897505
2206,111,by,2,6.12666796
2207,111,shame,5,4.618374811
2208,111,he,2,6.882339374
2209,111,blamed,6,3.75122663
2210,111,himself,7,5.147292723
2211,111,and,3,7.126115569
2212,111,thought,7,5.907079076
2213,111,intensely,9,3.149166639
2214,112,it,2,7.27578186
2215,112,seemed,6,4.734000228
2216,112,to,2,7.355006441
2217,112,him,3,6.541548453
2218,112,that,4,7.148972369
2219,112,he,2,6.882339374
2220,112,had,3,6.22366309
2221,112,insulted,8,3.778972518
2222,112,the,3,7.468477762
2223,112,girl,4,5.745366518
2224,112,by,2,6.12666796
2225,112,his,3,6.326723177
2226,112,declaration,11,3.549512717
2227,112,that,4,7.148972369
2228,112,she,3,6.571450902
2229,112,would,5,6.246862496
2230,112,not,3,6.733802491
2231,112,come,4,6.496472255
2232,112,to,2,7.355006441
2233,112,him,3,6.541548453
2234,112,again,5,5.898527141
2235,113,he,2,6.882339374
2236,113,resolved,8,3.53734681
2237,113,to,2,7.355006441
2238,113,find,4,5.918995095
2239,113,out,3,6.58659127
2240,113,her,3,6.452086523
2241,113,address,7,4.717857158
2242,113,from,4,6.308838249
2243,113,the,3,7.468477762
2244,113,address,7,4.717857158
2245,113,bureau,6,4.046946409
2246,113,in,2,6.989451386
2247,113,the,3,7.468477762
2248,113,morning,7,5.641888236
2249,113,and,3,7.126115569
2250,113,to,2,7.355006441
2251,113,write,5,5.102604153
2252,113,her,3,6.452086523
2253,113,a,1,7.309359959
2254,113,letter,6,4.916528673
2255,113,of,2,7.063009914
2256,113,apology,7,4.197630023
2257,114,but,3,6.644579913
2258,114,alice,5,4.423131939
2259,114,came,4,5.66568365
2260,114,without,7,5.549224691
2261,114,a,1,7.309359959
2262,114,letter,6,4.916528673
2263,115,for,3,6.837945999
2264,115,the,3,7.468477762
2265,115,first,5,5.923987626
2266,115,minute,6,5.576332553
2267,115,she,3,6.571450902
2268,115,felt,4,5.078017488
2269,115,uncomfortable,13,4.194380921
2270,115,then,4,6.172459118
2271,115,she,3,6.571450902
2272,115,opened,6,4.52912648
2273,115,a,1,7.309359959
2274,115,book,4,5.247377585
2275,115,and,3,7.126115569
2276,115,began,5,4.511680528
2277,115,briskly,7,2.405777494
2278,115,and,3,7.126115569
2279,115,rapidly,7,3.570587743
2280,115,translating,11,3.124343055
2281,115,as,2,6.345177693
2282,115,usual,5,4.570587743
2283,115,,0,1.5
2284,115,“‘oh,4,1.5
2285,115,young,5,5.385360886
2286,115,gentleman,9,4.621435391
2287,115,don’t,5,1.5
2288,115,tear,4,4.43108336
2289,115,those,5,5.876221912
2290,115,flowers,7,4.677082825
2291,115,in,2,6.989451386
2292,115,my,2,6.829527337
2293,115,garden,6,4.423773437
2294,115,which,5,5.678154716
2295,115,i,1,1.5
2296,115,want,4,6.440186882
2297,115,to,2,7.355006441
2298,115,be,2,6.758829216
2299,115,giving,6,5.04110655
2300,115,to,2,7.355006441
2301,115,my,2,6.829527337
2302,115,ill,3,4.327663967
2303,115,daughter’”,10,1.5
2304,116,she,3,6.571450902
2305,116,still,5,5.896340991
2306,116,comes,5,5.358420939
2307,116,to,2,7.355006441
2308,116,this,4,6.901338909
2309,116,day,3,5.903493735
2310,117,four,4,5.407311516
2311,117,books,5,4.830533522
2312,117,have,4,6.789085934
2313,117,already,7,5.502607323
2314,117,been,4,6.2391404
2315,117,translated,10,3.399044112
2316,117,but,3,6.644579913
2317,117,vorotov,7,1.5
2318,117,knows,5,5.388500882
2319,117,no,2,6.775492746
2320,117,french,6,4.841082699
2321,117,but,3,6.644579913
2322,117,the,3,7.468477762
2323,117,word,4,5.37152177
2324,117,“mémoires”,10,1.5
2325,117,and,3,7.126115569
2326,117,when,4,6.307780386
2327,117,he,2,6.882339374
2328,117,is,2,6.954274634
2329,117,asked,5,5.334409655
2330,117,about,5,6.559491539
2331,117,his,3,6.326723177
2332,117,literary,8,3.409105438
2333,117,researches,10,2.547106647
2334,117,he,2,6.882339374
2335,117,waves,5,4.121137915
2336,117,his,3,6.326723177
2337,117,hand,4,5.446045024
2338,117,and,3,7.126115569
2339,117,without,7,5.549224691
2340,117,answering,9,4.146747164
2341,117,turns,5,4.698884957
2342,117,the,3,7.468477762
2343,117,conversation,12,4.697351249
2344,117,to,2,7.355006441
2345,117,the,3,7.468477762
2346,117,weather,7,4.534127047
