,sentence,word,word_length,concreteness,valence,arousal
0,0,for,3,1.63,.,.
1,0,a,1,1.46,.,.
2,0,cultivate,10,3.14,0.708,0.41
3,0,man,3,4.79,.,.
4,0,to,2,1.55,.,.
5,0,be,2,1.85,0.67,0.24
6,0,ignorant,8,1.62,0.102,0.461
7,0,of,2,1.67,.,.
8,0,foreign,7,2.5,0.573,0.681
9,0,language,9,2.35,0.677,0.337
10,0,be,2,1.85,0.67,0.24
11,0,a,1,1.46,.,.
12,0,great,5,1.81,0.958,0.665
13,0,inconvenience,13,1.73,0.063,0.667
14,1,Vorotov,7,.,.,.
15,1,become,6,1.54,0.641,0.583
16,1,acutely,7,1.83,0.417,0.543
17,1,conscious,9,2.03,0.74,0.333
18,1,of,2,1.67,.,.
19,1,it,2,2.81,.,.
20,1,when,4,1.6,.,.
21,1,after,5,2.12,.,.
22,1,take,6,3.06,0.828,0.537
23,1,his,3,3.14,.,.
24,1,degree,6,3.0,0.724,0.365
25,1,he,2,3.93,.,.
26,1,begin,5,2.56,0.677,0.569
27,1,upon,4,2.83,.,.
28,1,a,1,1.46,.,.
29,1,piece,5,4.14,0.646,0.245
30,1,of,2,1.67,.,.
31,1,research,8,3.03,0.633,0.663
32,1,work,4,3.48,0.719,0.596
33,2,it,2,2.81,.,.
34,2,’,2,.,.,.
35,2,awful,5,1.92,0.061,0.786
36,2,he,2,3.93,.,.
37,2,say,4,2.58,0.571,0.31
38,2,breathe,9,4.07,0.833,0.373
39,2,hard,4,3.76,0.302,0.708
40,2,although,8,1.07,.,.
41,2,he,2,3.93,.,.
42,2,be,3,1.85,0.67,0.24
43,2,only,4,2.41,.,.
44,2,twenty,6,3.67,0.52,0.292
45,2,six,3,3.43,0.5,0.154
46,2,he,2,3.93,.,.
47,2,be,3,1.85,0.67,0.24
48,2,fat,3,4.52,0.198,0.353
49,2,heavy,5,3.37,0.25,0.454
50,2,and,3,1.52,.,.
51,2,suffer,8,2.28,0.082,0.91
52,2,from,4,1.84,.,.
53,2,shortness,9,3.14,0.459,0.28
54,2,of,2,1.67,.,.
55,2,breath,6,4.36,0.684,0.392
56,3,it,2,2.81,.,.
57,3,’,2,.,.,.
58,3,awful,5,1.92,0.061,0.786
59,4,without,7,2.15,.,.
60,4,language,9,2.35,0.677,0.337
61,4,I,1,3.93,.,.
62,4,’m,2,.,.,.
63,4,like,4,1.89,0.719,0.353
64,4,a,1,1.46,.,.
65,4,bird,4,5.0,0.729,0.357
66,4,without,7,2.15,.,.
67,4,wing,5,4.86,0.562,0.255
68,5,I,1,3.93,.,.
69,5,might,5,2.32,.,.
70,5,just,4,1.52,.,.
71,5,as,2,1.33,.,.
72,5,well,4,3.33,.,.
73,5,give,4,2.83,0.75,0.346
74,5,up,2,3.83,.,.
75,5,the,3,1.43,.,.
76,5,work,4,3.48,0.719,0.596
77,6,and,3,1.52,.,.
78,6,he,2,3.93,.,.
79,6,make,4,2.67,0.684,0.42
80,6,up,2,3.83,.,.
81,6,his,3,3.14,.,.
82,6,mind,4,2.5,0.65,0.388
83,6,at,2,2.07,.,.
84,6,all,3,2.27,.,.
85,6,cost,5,2.5,0.365,0.42
86,6,to,2,1.55,.,.
87,6,overcome,8,2.28,0.719,0.689
88,6,his,3,3.14,.,.
89,6,innate,6,1.73,0.49,0.4
90,6,laziness,8,2.21,0.271,0.24
91,6,and,3,1.52,.,.
92,6,to,2,1.55,.,.
93,6,learn,5,2.2,0.833,0.643
94,6,french,6,.,.,.
95,6,and,3,1.52,.,.
96,6,german,6,.,0.438,0.29
97,6,and,3,1.52,.,.
98,6,begin,5,2.56,0.677,0.569
99,6,to,2,1.55,.,.
100,6,look,4,2.96,0.719,0.429
101,6,out,3,2.73,.,.
102,6,for,3,1.63,.,.
103,6,a,1,1.46,.,.
104,6,teacher,7,4.52,0.76,0.404
105,7,one,3,3.97,0.542,0.292
106,7,winter,6,3.84,0.663,0.355
107,7,noon,4,2.67,0.531,0.343
108,7,as,2,1.33,.,.
109,7,Vorotov,7,.,.,.
110,7,be,3,1.85,0.67,0.24
111,7,sit,7,4.8,0.561,0.23
112,7,in,2,3.0,.,.
113,7,his,3,3.14,.,.
114,7,study,5,3.7,0.653,0.361
115,7,at,2,2.07,.,.
116,7,work,4,3.48,0.719,0.596
117,7,the,3,1.43,.,.
118,7,servant,7,4.64,0.34,0.408
119,7,tell,4,2.9,0.551,0.35
120,7,he,3,3.93,.,.
121,7,that,4,1.54,.,.
122,7,a,1,1.46,.,.
123,7,young,5,3.16,.,.
124,7,lady,4,4.33,0.854,0.481
125,7,be,3,1.85,0.67,0.24
126,7,inquire,9,2.38,0.583,0.519
127,7,for,3,1.63,.,.
128,7,he,3,3.93,.,.
129,8,ask,3,2.52,0.531,0.44
130,8,she,3,3.36,.,.
131,8,in,2,3.0,.,.
132,8,say,4,2.58,0.571,0.31
133,8,Vorotov,7,.,.,.
134,9,and,3,1.52,.,.
135,9,a,1,1.46,.,.
136,9,young,5,3.16,.,.
137,9,lady,4,4.33,0.854,0.481
138,9,elaborately,11,2.15,.,.
139,9,dress,7,4.93,0.76,0.3
140,9,in,2,3.0,.,.
141,9,the,3,1.43,.,.
142,9,last,4,3.04,.,.
143,9,fashion,7,3.43,0.827,0.616
144,9,walk,6,4.07,0.643,0.412
145,9,in,2,3.0,.,.
146,10,she,3,3.36,.,.
147,10,introduce,10,2.62,0.592,0.559
148,10,herself,7,3.0,.,.
149,10,as,2,1.33,.,.
150,10,a,1,1.46,.,.
151,10,teacher,7,4.52,0.76,0.404
152,10,of,2,1.67,.,.
153,10,French,6,.,.,.
154,10,Alice,5,.,.,.
155,10,Osipovna,8,.,.,.
156,10,Enquête,7,.,.,.
157,10,and,3,1.52,.,.
158,10,tell,4,2.9,0.551,0.35
159,10,Vorotov,7,.,.,.
160,10,that,4,1.54,.,.
161,10,she,3,3.36,.,.
162,10,have,3,2.18,0.757,0.389
163,10,be,4,1.85,0.67,0.24
164,10,send,4,2.7,0.663,0.48
165,10,to,2,1.55,.,.
166,10,he,3,3.93,.,.
167,10,by,2,1.55,.,.
168,10,one,3,3.97,0.542,0.292
169,10,of,2,1.67,.,.
170,10,his,3,3.14,.,.
171,10,friend,7,3.07,0.906,0.413
172,11,Delighted,9,.,0.938,0.664
173,12,please,6,1.64,.,.
174,12,sit,3,4.8,0.561,0.23
175,12,down,4,3.52,0.208,0.33
176,12,say,4,2.58,0.571,0.31
177,12,vorotov,7,.,.,.
178,12,breathe,9,4.07,0.833,0.373
179,12,hard,4,3.76,0.302,0.708
180,12,and,3,1.52,.,.
181,12,put,7,2.5,0.52,0.398
182,12,his,3,3.14,.,.
183,12,hand,4,4.72,0.542,0.314
184,12,over,4,2.46,.,.
185,12,the,3,1.43,.,.
186,12,collar,6,4.64,0.656,0.442
187,12,of,2,1.67,.,.
188,12,his,3,3.14,.,.
189,12,nightshirt,10,5.0,.,.
190,12,to,2,1.55,.,.
191,12,breathe,7,4.07,0.833,0.373
192,12,more,4,2.37,.,.
193,12,freely,6,2.3,0.875,0.456
194,12,he,2,3.93,.,.
195,12,always,6,1.71,.,.
196,12,wear,4,3.61,0.312,0.37
197,12,a,1,1.46,.,.
198,12,nightshirt,10,5.0,.,.
199,12,at,2,2.07,.,.
200,12,work,4,3.48,0.719,0.596
201,12,instead,7,1.48,.,.
202,12,of,2,1.67,.,.
203,12,a,1,1.46,.,.
204,12,stiff,5,3.62,0.158,0.459
205,12,linen,5,4.8,0.656,0.323
206,12,one,3,3.97,0.542,0.292
207,12,with,4,2.0,.,.
208,12,collar,6,4.64,0.656,0.442
209,13,it,2,2.81,.,.
210,13,be,3,1.85,0.67,0.24
211,13,Pyotr,5,.,.,.
212,13,Sergeitch,9,.,.,.
213,13,send,4,2.7,0.663,0.48
214,13,you,3,4.11,.,.
215,14,yes,3,2.14,.,.
216,14,yes,3,2.14,.,.
217,15,I,1,3.93,.,.
218,15,ask,5,2.52,0.531,0.44
219,15,he,3,3.93,.,.
220,15,about,5,1.77,.,.
221,15,it,2,2.81,.,.
222,16,delighted,9,2.86,0.938,0.664
223,17,as,2,1.33,.,.
224,17,he,2,3.93,.,.
225,17,talk,6,4.07,0.833,0.346
226,17,to,2,1.55,.,.
227,17,Mdlle,5,.,.,.
228,18,Enquête,7,.,.,.
229,18,he,2,3.93,.,.
230,18,look,6,2.96,0.719,0.429
231,18,at,2,2.07,.,.
232,18,her,3,3.0,.,.
233,18,shyly,5,2.17,.,.
234,18,and,3,1.52,.,.
235,18,with,4,2.0,.,.
236,18,curiosity,9,1.61,0.75,0.755
237,19,she,3,3.36,.,.
238,19,be,3,1.85,0.67,0.24
239,19,a,1,1.46,.,.
240,19,genuine,7,2.03,0.875,0.45
241,19,Frenchwoman,11,.,.,.
242,19,very,4,1.43,.,.
243,19,elegant,7,2.31,0.865,0.5
244,19,and,3,1.52,.,.
245,19,still,5,3.46,.,.
246,19,quite,5,1.72,.,.
247,19,young,5,3.16,.,.
248,20,judge,7,3.75,0.51,0.604
249,20,from,4,1.84,.,.
250,20,her,3,3.0,.,.
251,20,pale,4,3.79,0.281,0.259
252,20,languid,7,.,0.281,0.27
253,20,face,4,4.87,0.571,0.173
254,20,her,3,3.0,.,.
255,20,short,5,3.61,0.184,0.264
256,20,curly,5,4.41,.,.
257,20,hair,4,4.97,0.582,0.186
258,20,and,3,1.52,.,.
259,20,her,3,3.0,.,.
260,20,unnaturally,11,1.8,.,.
261,20,slim,4,3.93,0.562,0.18
262,20,waist,5,4.72,0.542,0.448
263,20,she,3,3.36,.,.
264,20,might,5,2.32,.,.
265,20,have,4,2.18,0.757,0.389
266,20,be,4,1.85,0.67,0.24
267,20,eighteen,8,3.96,0.523,0.34
268,20,but,3,2.04,.,.
269,20,look,7,2.96,0.719,0.429
270,20,at,2,2.07,.,.
271,20,her,3,3.0,.,.
272,20,broad,5,2.45,0.762,0.365
273,20,well,4,3.33,.,.
274,20,develop,9,1.87,0.771,0.67
275,20,shoulder,9,4.93,0.562,0.286
276,20,the,3,1.43,.,.
277,20,elegant,7,2.31,0.865,0.5
278,20,line,5,4.5,0.541,0.18
279,20,of,2,1.67,.,.
280,20,her,3,3.0,.,.
281,20,back,4,4.33,0.438,0.353
282,20,and,3,1.52,.,.
283,20,her,3,3.0,.,.
284,20,severe,6,2.43,0.164,0.735
285,20,eye,4,4.9,0.531,0.265
286,20,Vorotov,7,.,.,.
287,20,think,7,2.41,0.786,0.408
288,20,that,4,1.54,.,.
289,20,she,3,3.36,.,.
290,20,be,3,1.85,0.67,0.24
291,20,not,3,2.08,.,.
292,20,less,4,2.77,0.265,0.24
293,20,than,4,1.69,.,.
294,20,three,5,3.62,0.653,0.225
295,20,and,3,1.52,.,.
296,20,twenty,6,3.67,0.52,0.292
297,20,and,3,1.52,.,.
298,20,might,5,2.32,.,.
299,20,be,2,1.85,0.67,0.24
300,20,twenty,6,3.67,0.52,0.292
301,20,five,4,3.87,0.51,0.221
302,20,but,3,2.04,.,.
303,20,then,4,1.44,.,.
304,20,again,5,2.0,.,.
305,20,he,2,3.93,.,.
306,20,begin,5,2.56,0.677,0.569
307,20,to,2,1.55,.,.
308,20,think,5,2.41,0.786,0.408
309,20,she,3,3.36,.,.
310,20,be,3,1.85,0.67,0.24
311,20,not,3,2.08,.,.
312,20,more,4,2.37,.,.
313,20,than,4,1.69,.,.
314,20,eighteen,8,3.96,0.523,0.34
315,21,her,3,3.0,.,.
316,21,face,4,4.87,0.571,0.173
317,21,look,6,2.96,0.719,0.429
318,21,as,2,1.33,.,.
319,21,cold,4,3.85,0.398,0.538
320,21,and,3,1.52,.,.
321,21,business,8,3.28,0.688,0.569
322,21,like,4,1.89,0.719,0.353
323,21,as,2,1.33,.,.
324,21,the,3,1.43,.,.
325,21,face,4,4.87,0.571,0.173
326,21,of,2,1.67,.,.
327,21,a,1,1.46,.,.
328,21,person,6,4.72,0.646,0.363
329,21,who,3,1.74,.,.
330,21,have,3,2.18,0.757,0.389
331,21,come,4,2.72,0.529,0.269
332,21,to,2,1.55,.,.
333,21,speak,5,3.7,0.765,0.472
334,21,about,5,1.77,.,.
335,21,money,5,4.54,0.844,0.608
336,22,she,3,3.36,.,.
337,22,do,3,2.46,0.67,0.548
338,22,not,3,2.08,.,.
339,22,once,4,2.74,.,.
340,22,smile,5,4.5,0.906,0.598
341,22,or,2,1.72,.,.
342,22,frown,5,4.08,0.214,0.602
343,22,and,3,1.52,.,.
344,22,only,4,2.41,.,.
345,22,once,4,2.74,.,.
346,22,a,1,1.46,.,.
347,22,look,4,2.96,0.719,0.429
348,22,of,2,1.67,.,.
349,22,perplexity,10,1.86,0.275,0.72
350,22,flit,7,.,.,.
351,22,over,4,2.46,.,.
352,22,her,3,3.0,.,.
353,22,face,4,4.87,0.571,0.173
354,22,when,4,1.6,.,.
355,22,she,3,3.36,.,.
356,22,learn,6,2.2,0.833,0.643
357,22,that,4,1.54,.,.
358,22,she,3,3.36,.,.
359,22,be,3,1.85,0.67,0.24
360,22,not,3,2.08,.,.
361,22,require,8,2.07,0.398,0.439
362,22,to,2,1.55,.,.
363,22,teach,5,3.15,0.84,0.51
364,22,child,8,4.78,0.912,0.46
365,22,but,3,2.04,.,.
366,22,a,1,1.46,.,.
367,22,stout,5,3.41,0.656,0.657
368,22,grow,5,3.03,0.914,0.615
369,22,up,2,3.83,.,.
370,22,man,3,4.79,.,.
371,23,so,2,1.42,.,.
372,23,Alice,5,.,.,.
373,23,Osipovna,8,.,.,.
374,23,say,4,2.58,0.571,0.31
375,23,Vorotov,7,.,.,.
376,23,we,2,3.08,.,.
377,23,’ll,3,.,.,.
378,23,have,4,2.18,0.757,0.389
379,23,a,1,1.46,.,.
380,23,lesson,6,2.79,0.704,0.577
381,23,every,5,2.28,.,.
382,23,evening,7,3.26,0.458,0.185
383,23,from,4,1.84,.,.
384,23,seven,5,3.72,0.672,0.265
385,23,to,2,1.55,.,.
386,23,eight,5,4.04,0.54,0.199
387,24,as,2,1.33,.,.
388,24,regard,7,1.79,0.802,0.336
389,24,your,4,2.37,.,.
390,24,term,5,2.82,0.45,0.255
391,24,a,1,1.46,.,.
392,24,rouble,6,.,.,.
393,24,a,1,1.46,.,.
394,24,lesson,6,2.79,0.704,0.577
395,24,I’ve,4,.,.,.
396,24,nothing,7,2.21,.,.
397,24,to,2,1.55,.,.
398,24,say,3,2.58,0.571,0.31
399,24,against,7,1.8,.,.
400,24,that,4,1.54,.,.
401,25,you,2,4.11,.,.
402,25,all,3,2.27,.,.
403,25,mean,5,2.5,0.44,0.467
404,25,let,3,2.26,0.427,0.373
405,25,it,2,2.81,.,.
406,25,be,2,1.85,0.67,0.24
407,25,a,1,1.46,.,.
408,25,rouble,6,.,.,.
409,26,and,3,1.52,.,.
410,26,he,2,3.93,.,.
411,26,ask,5,2.52,0.531,0.44
412,26,she,3,3.36,.,.
413,26,if,2,1.19,.,.
414,26,she,3,3.36,.,.
415,26,would,5,1.12,0.493,0.412
416,26,not,3,2.08,.,.
417,26,have,4,2.18,0.757,0.389
418,26,some,4,2.48,.,.
419,26,tea,3,4.69,0.698,0.163
420,26,or,2,1.72,.,.
421,26,coffee,6,4.81,0.823,0.418
422,26,whether,7,1.59,.,.
423,26,it,2,2.81,.,.
424,26,be,3,1.85,0.67,0.24
425,26,a,1,1.46,.,.
426,26,fine,4,2.61,0.823,0.24
427,26,day,3,3.92,0.719,0.269
428,26,and,3,1.52,.,.
429,26,with,4,2.0,.,.
430,26,a,1,1.46,.,.
431,26,good,4,1.64,0.938,0.368
432,26,natured,7,1.83,.,.
433,26,smile,5,4.5,0.906,0.598
434,26,stroke,8,4.1,0.562,0.44
435,26,the,3,1.43,.,.
436,26,baize,5,.,.,.
437,26,of,2,1.67,.,.
438,26,the,3,1.43,.,.
439,26,table,5,4.9,0.551,0.17
440,26,he,2,3.93,.,.
441,26,inquire,8,2.38,0.583,0.519
442,26,in,2,3.0,.,.
443,26,a,1,1.46,.,.
444,26,friendly,8,2.32,0.917,0.398
445,26,voice,5,4.13,0.594,0.343
446,26,who,3,1.74,.,.
447,26,she,3,3.36,.,.
448,26,be,3,1.85,0.67,0.24
449,26,where,5,1.66,.,.
450,26,she,3,3.36,.,.
451,26,have,3,2.18,0.757,0.389
452,26,study,7,3.7,0.653,0.361
453,26,and,3,1.52,.,.
454,26,what,4,2.0,.,.
455,26,she,3,3.36,.,.
456,26,live,5,3.57,0.88,0.673
457,26,on,2,3.25,.,.
458,27,with,4,2.0,.,.
459,27,a,1,1.46,.,.
460,27,cold,4,3.85,0.398,0.538
461,27,business,8,3.28,0.688,0.569
462,27,like,4,1.89,0.719,0.353
463,27,expression,10,2.54,0.79,0.65
464,27,Alice,5,.,.,.
465,27,Osipovna,8,.,.,.
466,27,answer,8,2.89,0.537,0.373
467,27,that,4,1.54,.,.
468,27,she,3,3.36,.,.
469,27,have,3,2.18,0.757,0.389
470,27,complete,9,2.7,0.75,0.414
471,27,her,3,3.0,.,.
472,27,study,7,3.7,0.653,0.361
473,27,at,2,2.07,.,.
474,27,a,1,1.46,.,.
475,27,private,7,2.72,0.661,0.422
476,27,school,6,4.79,0.765,0.423
477,27,and,3,1.52,.,.
478,27,have,3,2.18,0.757,0.389
479,27,the,3,1.43,.,.
480,27,diploma,7,4.93,0.75,0.462
481,27,of,2,1.67,.,.
482,27,a,1,1.46,.,.
483,27,private,7,2.72,0.661,0.422
484,27,teacher,7,4.52,0.76,0.404
485,27,that,4,1.54,.,.
486,27,her,3,3.0,.,.
487,27,father,6,4.52,0.812,0.333
488,27,have,3,2.18,0.757,0.389
489,27,die,4,3.07,0.031,0.765
490,27,lately,6,1.41,.,.
491,27,of,2,1.67,.,.
492,27,scarlet,7,4.04,0.507,0.39
493,27,fever,5,3.27,0.194,0.674
494,27,that,4,1.54,.,.
495,27,her,3,3.0,.,.
496,27,mother,6,4.6,0.931,0.408
497,27,be,3,1.85,0.67,0.24
498,27,alive,5,3.14,0.816,0.637
499,27,and,3,1.52,.,.
500,27,make,4,2.67,0.684,0.42
501,27,artificial,10,2.93,0.306,0.385
502,27,flower,7,5.0,0.802,0.189
503,27,that,4,1.54,.,.
504,27,she,3,3.36,.,.
505,27,Mdlle,5,.,.,.
506,28,Enquête,7,.,.,.
507,28,teach,6,3.15,0.84,0.51
508,28,in,2,3.0,.,.
509,28,a,1,1.46,.,.
510,28,private,7,2.72,0.661,0.422
511,28,school,6,4.79,0.765,0.423
512,28,till,4,4.0,0.49,0.327
513,28,dinnertime,10,3.62,0.796,0.406
514,28,and,3,1.52,.,.
515,28,after,5,2.12,.,.
516,28,dinner,6,4.5,0.823,0.392
517,28,be,3,1.85,0.67,0.24
518,28,busy,4,2.41,0.402,0.5
519,28,till,4,4.0,0.49,0.327
520,28,evening,7,3.26,0.458,0.185
521,28,give,6,2.83,0.75,0.346
522,28,lesson,7,2.79,0.704,0.577
523,28,in,2,3.0,.,.
524,28,different,9,1.97,0.612,0.394
525,28,good,4,1.64,0.938,0.368
526,28,family,8,4.23,0.968,0.383
527,29,she,3,3.36,.,.
528,29,go,4,3.15,0.51,0.441
529,29,away,4,2.23,.,.
530,29,leave,7,2.53,0.375,0.315
531,29,behind,6,3.48,.,.
532,29,she,3,3.36,.,.
533,29,the,3,1.43,.,.
534,29,faint,5,3.74,0.063,0.429
535,29,fragrance,9,4.03,0.847,0.357
536,29,of,2,1.67,.,.
537,29,a,1,1.46,.,.
538,29,woman,5,4.46,.,.
539,29,’s,2,.,.,.
540,29,clothe,7,3.5,0.797,0.33
541,30,for,3,1.63,.,.
542,30,a,1,1.46,.,.
543,30,long,4,3.18,0.541,0.353
544,30,time,4,3.07,0.604,0.288
545,30,afterwards,10,2.14,.,.
546,30,Vorotov,7,.,.,.
547,30,could,5,1.34,.,.
548,30,not,3,2.08,.,.
549,30,settle,6,2.31,0.833,0.52
550,30,to,2,1.55,.,.
551,30,work,4,3.48,0.719,0.596
552,30,but,3,2.04,.,.
553,30,sit,7,4.8,0.561,0.23
554,30,at,2,2.07,.,.
555,30,the,3,1.43,.,.
556,30,table,5,4.9,0.551,0.17
557,30,stroke,8,4.1,0.562,0.44
558,30,its,3,1.9,.,.
559,30,green,5,4.07,0.63,0.306
560,30,baize,5,.,.,.
561,30,surface,7,4.26,0.448,0.375
562,30,he,2,3.93,.,.
563,30,meditate,9,3.25,0.812,0.146
564,31,it,2,2.81,.,.
565,31,’,2,.,.,.
566,31,very,4,1.43,.,.
567,31,pleasant,8,1.55,0.939,0.31
568,31,to,2,1.55,.,.
569,31,see,3,3.21,0.635,0.269
570,31,a,1,1.46,.,.
571,31,girl,4,4.85,.,.
572,31,work,7,3.48,0.719,0.596
573,31,to,2,1.55,.,.
574,31,earn,4,2.39,0.865,0.769
575,31,her,3,3.0,.,.
576,31,own,3,1.96,.,.
577,31,living,6,3.04,0.865,0.608
578,31,he,2,3.93,.,.
579,31,think,7,2.41,0.786,0.408
580,32,on,2,3.25,.,.
581,32,the,3,1.43,.,.
582,32,other,5,2.04,0.472,0.23
583,32,hand,4,4.72,0.542,0.314
584,32,it,2,2.81,.,.
585,32,’,2,.,.,.
586,32,very,4,1.43,.,.
587,32,unpleasant,10,1.91,0.122,0.612
588,32,to,2,1.55,.,.
589,32,think,5,2.41,0.786,0.408
590,32,that,4,1.54,.,.
591,32,poverty,7,2.54,0.071,0.519
592,32,should,6,1.53,.,.
593,32,not,3,2.08,.,.
594,32,spare,5,3.48,0.552,0.398
595,32,such,4,1.48,.,.
596,32,elegant,7,2.31,0.865,0.5
597,32,and,3,1.52,.,.
598,32,pretty,6,2.4,0.875,0.516
599,32,girl,5,4.85,.,.
600,32,asalice,7,.,.,.
601,32,Osipovna,8,.,.,.
602,32,and,3,1.52,.,.
603,32,that,4,1.54,.,.
604,32,she,3,3.36,.,.
605,32,too,3,1.7,.,.
606,32,should,6,1.53,.,.
607,32,have,4,2.18,0.757,0.389
608,32,to,2,1.55,.,.
609,32,struggle,8,2.79,0.365,0.82
610,32,for,3,1.63,.,.
611,32,existence,9,1.54,0.76,0.513
612,33,it,2,2.81,.,.
613,33,’,2,.,.,.
614,33,a,1,1.46,.,.
615,33,sad,3,3.07,0.225,0.333
616,33,thing,5,3.17,0.449,0.222
617,34,having,6,.,.,.
618,34,never,5,1.59,.,.
619,34,see,4,3.21,0.635,0.269
620,34,virtuous,8,1.68,0.89,0.53
621,34,Frenchwomen,11,.,.,.
622,34,before,6,1.96,.,.
623,34,he,2,3.93,.,.
624,34,reflect,9,2.81,0.698,0.342
625,34,also,4,1.83,.,.
626,34,that,4,1.54,.,.
627,34,this,4,2.14,.,.
628,34,elegantly,9,2.15,.,.
629,34,dress,7,4.93,0.76,0.3
630,34,young,5,3.16,.,.
631,34,lady,4,4.33,0.854,0.481
632,34,with,4,2.0,.,.
633,34,her,3,3.0,.,.
634,34,well,4,3.33,.,.
635,34,develop,9,1.87,0.771,0.67
636,34,shoulder,9,4.93,0.562,0.286
637,34,and,3,1.52,.,.
638,34,exaggeratedly,13,1.79,.,.
639,34,small,5,3.22,0.542,0.205
640,34,waist,5,4.72,0.542,0.448
641,34,in,2,3.0,.,.
642,34,all,3,2.27,.,.
643,34,probability,11,1.65,0.673,0.365
644,34,follow,8,3.26,0.667,0.509
645,34,another,7,2.69,.,.
646,34,calling,7,2.85,0.646,0.59
647,34,as,2,1.33,.,.
648,34,well,4,3.33,.,.
649,34,as,2,1.33,.,.
650,34,give,6,2.83,0.75,0.346
651,34,french,6,.,.,.
652,34,lesson,7,2.79,0.704,0.577
653,35,the,3,1.43,.,.
654,35,next,4,2.56,.,.
655,35,evening,7,3.26,0.458,0.185
656,35,when,4,1.6,.,.
657,35,the,3,1.43,.,.
658,35,clock,5,5.0,0.677,0.173
659,35,point,7,3.39,0.49,0.193
660,35,to,2,1.55,.,.
661,35,five,4,3.87,0.51,0.221
662,35,minute,7,3.04,0.582,0.279
663,35,to,2,1.55,.,.
664,35,seven,5,3.72,0.672,0.265
665,35,Mdlle,5,.,.,.
666,36,Enquête,7,.,.,.
667,36,appear,8,3.13,0.735,0.506
668,36,rosy,4,3.41,0.94,0.528
669,36,from,4,1.84,.,.
670,36,the,3,1.43,.,.
671,36,frost,5,4.56,0.449,0.455
672,37,she,3,3.36,.,.
673,37,open,6,3.21,0.62,0.48
674,37,Margot,6,.,.,.
675,37,which,5,1.54,.,.
676,37,she,3,3.36,.,.
677,37,have,3,2.18,0.757,0.389
678,37,bring,7,2.55,0.635,0.46
679,37,with,4,2.0,.,.
680,37,she,3,3.36,.,.
681,37,and,3,1.52,.,.
682,37,without,7,2.15,.,.
683,37,introduction,12,3.0,0.612,0.413
684,37,begin,5,2.56,0.677,0.569
685,37,french,6,.,.,.
686,37,grammar,7,3.19,0.56,0.287
687,37,have,3,2.18,0.757,0.389
688,37,twenty,6,3.67,0.52,0.292
689,37,six,3,3.43,0.5,0.154
690,37,letter,7,4.7,0.635,0.279
691,38,the,3,1.43,.,.
692,38,first,5,2.76,0.625,0.5
693,38,letter,6,4.7,0.635,0.279
694,38,be,2,1.85,0.67,0.24
695,38,call,6,4.0,0.594,0.627
696,38,A,1,.,.,.
697,38,the,3,1.43,.,.
698,38,second,6,3.3,0.49,0.21
699,38,b,1,.,.,.
700,39,excuse,6,2.29,0.24,0.696
701,39,I,2,3.93,.,.
702,39,vorotov,7,.,.,.
703,39,interrupt,11,3.0,0.21,0.635
704,39,smile,7,4.5,0.906,0.598
705,40,I,1,3.93,.,.
706,40,must,4,2.13,0.408,0.382
707,40,warn,4,2.89,0.429,0.647
708,40,you,3,4.11,.,.
709,40,mademoiselle,12,3.67,0.752,0.459
710,40,that,4,1.54,.,.
711,40,you,3,4.11,.,.
712,40,must,4,2.13,0.408,0.382
713,40,change,6,2.89,0.625,0.575
714,40,your,4,2.37,.,.
715,40,method,6,2.41,0.64,0.275
716,40,a,1,1.46,.,.
717,40,little,6,3.67,0.385,0.16
718,40,in,2,3.0,.,.
719,40,my,2,2.42,.,.
720,40,case,4,3.93,0.427,0.275
721,41,you,3,4.11,.,.
722,41,see,3,3.21,0.635,0.269
723,41,I,1,3.93,.,.
724,41,know,4,1.68,0.765,0.361
725,41,russian,7,.,.,.
726,41,Greek,5,.,.,.
727,41,and,3,1.52,.,.
728,41,latin,5,.,.,.
729,41,well,4,3.33,.,.
730,42,I’ve,4,.,.,.
731,42,study,7,3.7,0.653,0.361
732,42,comparative,11,1.74,0.47,0.273
733,42,philology,9,.,.,.
734,42,and,3,1.52,.,.
735,42,I,1,3.93,.,.
736,42,think,5,2.41,0.786,0.408
737,42,we,2,3.08,.,.
738,42,might,5,2.32,.,.
739,42,omit,4,2.14,0.33,0.265
740,42,Margot,6,.,.,.
741,42,and,3,1.52,.,.
742,42,pass,4,2.71,0.51,0.324
743,42,straight,8,2.76,.,.
744,42,to,2,1.55,.,.
745,42,read,7,3.56,0.74,0.283
746,42,some,4,2.48,.,.
747,42,author,6,4.26,0.775,0.343
748,43,and,3,1.52,.,.
749,43,he,2,3.93,.,.
750,43,explain,9,1.97,0.719,0.517
751,43,to,2,1.55,.,.
752,43,the,3,1.43,.,.
753,43,french,6,.,.,.
754,43,girl,4,4.85,.,.
755,43,how,3,1.35,.,.
756,43,grow,5,3.03,0.914,0.615
757,43,up,2,3.83,.,.
758,43,people,6,4.82,0.604,0.4
759,43,learn,5,2.2,0.833,0.643
760,43,language,9,2.35,0.677,0.337
761,44,a,1,1.46,.,.
762,44,friend,6,3.07,0.906,0.413
763,44,of,2,1.67,.,.
764,44,mine,4,3.56,0.688,0.418
765,44,he,2,3.93,.,.
766,44,say,4,2.58,0.571,0.31
767,44,want,7,1.93,0.671,0.642
768,44,to,2,1.55,.,.
769,44,learn,5,2.2,0.833,0.643
770,44,modern,6,2.31,0.855,0.423
771,44,language,9,2.35,0.677,0.337
772,44,lay,4,3.86,0.521,0.336
773,44,before,6,1.96,.,.
774,44,he,3,3.93,.,.
775,44,the,3,1.43,.,.
776,44,french,6,.,.,.
777,44,german,6,.,0.438,0.29
778,44,and,3,1.52,.,.
779,44,latin,5,.,.,.
780,44,gospel,7,3.82,0.74,0.333
781,44,and,3,1.52,.,.
782,44,read,4,3.56,0.74,0.283
783,44,they,4,2.93,.,.
784,44,side,4,3.68,0.439,0.288
785,44,by,2,1.55,.,.
786,44,side,4,3.68,0.439,0.288
787,44,carefully,9,2.15,0.698,0.33
788,44,analyse,9,.,.,.
789,44,each,4,2.03,.,.
790,44,word,4,3.56,0.552,0.255
791,44,and,3,1.52,.,.
792,44,would,5,1.12,0.493,0.412
793,44,you,3,4.11,.,.
794,44,believe,7,1.55,0.781,0.37
795,44,it,2,2.81,.,.
796,44,he,2,3.93,.,.
797,44,attain,8,2.18,0.806,0.51
798,44,his,3,3.14,.,.
799,44,object,6,3.66,0.531,0.356
800,44,in,2,3.0,.,.
801,44,less,4,2.77,0.265,0.24
802,44,than,4,1.69,.,.
803,44,a,1,1.46,.,.
804,44,year,4,3.25,0.542,0.284
805,45,let,3,2.26,0.427,0.373
806,45,we,2,3.08,.,.
807,45,do,2,2.46,0.67,0.548
808,45,the,3,1.43,.,.
809,45,same,4,2.64,.,.
810,46,we,2,3.08,.,.
811,46,’ll,3,.,.,.
812,46,take,4,3.06,0.828,0.537
813,46,some,4,2.48,.,.
814,46,author,6,4.26,0.775,0.343
815,46,and,3,1.52,.,.
816,46,read,4,3.56,0.74,0.283
817,46,he,3,3.93,.,.
818,47,the,3,1.43,.,.
819,47,french,6,.,.,.
820,47,girl,4,4.85,.,.
821,47,look,6,2.96,0.719,0.429
822,47,at,2,2.07,.,.
823,47,he,3,3.93,.,.
824,47,in,2,3.0,.,.
825,47,perplexity,10,1.86,0.275,0.72
826,48,evidently,9,1.38,.,.
827,48,the,3,1.43,.,.
828,48,suggestion,10,2.23,0.646,0.365
829,48,seem,6,1.75,0.471,0.302
830,48,to,2,1.55,.,.
831,48,her,3,3.0,.,.
832,48,very,4,1.43,.,.
833,48,naïve,5,.,.,.
834,48,and,3,1.52,.,.
835,48,ridiculous,10,1.79,0.159,0.594
836,49,if,2,1.19,.,.
837,49,this,4,2.14,.,.
838,49,strange,7,1.86,0.314,0.663
839,49,proposal,8,2.75,0.888,0.667
840,49,have,3,2.18,0.757,0.389
841,49,be,4,1.85,0.67,0.24
842,49,make,4,2.67,0.684,0.42
843,49,to,2,1.55,.,.
844,49,she,3,3.36,.,.
845,49,by,2,1.55,.,.
846,49,a,1,1.46,.,.
847,49,child,5,4.78,0.912,0.46
848,49,she,3,3.36,.,.
849,49,would,5,1.12,0.493,0.412
850,49,certainly,9,1.86,.,.
851,49,have,4,2.18,0.757,0.389
852,49,be,4,1.85,0.67,0.24
853,49,angry,5,2.53,0.122,0.83
854,49,and,3,1.52,.,.
855,49,have,4,2.18,0.757,0.389
856,49,scold,7,3.07,0.194,0.755
857,49,it,2,2.81,.,.
858,49,but,3,2.04,.,.
859,49,as,2,1.33,.,.
860,49,he,2,3.93,.,.
861,49,be,3,1.85,0.67,0.24
862,49,a,1,1.46,.,.
863,49,grow,5,3.03,0.914,0.615
864,49,up,2,3.83,.,.
865,49,man,3,4.79,.,.
866,49,and,3,1.52,.,.
867,49,very,4,1.43,.,.
868,49,stout,5,3.41,0.656,0.657
869,49,and,3,1.52,.,.
870,49,she,3,3.36,.,.
871,49,could,5,1.34,.,.
872,49,not,3,2.08,.,.
873,49,scold,5,3.07,0.194,0.755
874,49,he,3,3.93,.,.
875,49,she,3,3.36,.,.
876,49,only,4,2.41,.,.
877,49,shrug,8,4.21,0.208,0.296
878,49,her,3,3.0,.,.
879,49,shoulder,9,4.93,0.562,0.286
880,49,hardly,6,1.62,.,.
881,49,perceptibly,11,1.73,.,.
882,49,and,3,1.52,.,.
883,49,say,4,2.58,0.571,0.31
884,49,as,2,1.33,.,.
885,49,you,3,4.11,.,.
886,49,please,6,1.64,.,.
887,50,Vorotov,7,.,.,.
888,50,rummage,8,2.66,0.243,0.615
889,50,in,2,3.0,.,.
890,50,his,3,3.14,.,.
891,50,bookcase,8,4.93,0.553,0.221
892,50,and,3,1.52,.,.
893,50,pick,6,3.82,0.5,0.464
894,50,out,3,2.73,.,.
895,50,a,1,1.46,.,.
896,50,dog’s,5,.,.,.
897,50,eare,5,.,.,.
898,50,french,6,.,.,.
899,50,book,4,4.9,0.802,0.21
900,51,will,4,2.64,0.698,0.408
901,51,this,4,2.14,.,.
902,51,do,2,2.46,0.67,0.548
903,52,it,2,2.81,.,.
904,52,’,2,.,.,.
905,52,all,3,2.27,.,.
906,52,the,3,1.43,.,.
907,52,same,4,2.64,.,.
908,52,she,3,3.36,.,.
909,52,say,4,2.58,0.571,0.31
910,53,in,2,3.0,.,.
911,53,that,4,1.54,.,.
912,53,case,4,3.93,0.427,0.275
913,53,let,3,2.26,0.427,0.373
914,53,we,2,3.08,.,.
915,53,begin,5,2.56,0.677,0.569
916,53,and,3,1.52,.,.
917,53,good,4,1.64,0.938,0.368
918,53,luck,4,1.33,0.854,0.49
919,53,to,2,1.55,.,.
920,53,it,2,2.81,.,.
921,54,let,3,2.26,0.427,0.373
922,54,’s,2,.,.,.
923,54,begin,5,2.56,0.677,0.569
924,54,with,4,2.0,.,.
925,54,the,3,1.43,.,.
926,54,title,5,3.32,0.708,0.356
927,54,‘mémoire,9,.,.,.
928,55,reminiscence,13,2.07,.,.
929,55,Mdlle,5,.,.,.
930,56,Enquête,7,.,.,.
931,56,translate,10,2.69,0.604,0.423
932,57,with,4,2.0,.,.
933,57,a,1,1.46,.,.
934,57,good,4,1.64,0.938,0.368
935,57,natured,7,1.83,.,.
936,57,smile,5,4.5,0.906,0.598
937,57,breathe,9,4.07,0.833,0.373
938,57,hard,4,3.76,0.302,0.708
939,57,he,2,3.93,.,.
940,57,spend,5,2.93,0.672,0.745
941,57,a,1,1.46,.,.
942,57,quarter,7,4.43,0.568,0.296
943,57,of,2,1.67,.,.
944,57,an,2,1.46,.,.
945,57,hour,4,3.1,0.552,0.265
946,57,over,4,2.46,.,.
947,57,the,3,1.43,.,.
948,57,word,4,3.56,0.552,0.255
949,57,Mémoires,8,.,.,.
950,57,and,3,1.52,.,.
951,57,as,2,1.33,.,.
952,57,much,4,1.69,.,.
953,57,over,4,2.46,.,.
954,57,the,3,1.43,.,.
955,57,word,4,3.56,0.552,0.255
956,57,de,2,.,.,.
957,57,and,3,1.52,.,.
958,57,this,4,2.14,.,.
959,57,weary,7,3.0,0.194,0.281
960,57,the,3,1.43,.,.
961,57,young,5,3.16,.,.
962,57,lady,4,4.33,0.854,0.481
963,58,she,3,3.36,.,.
964,58,answer,8,2.89,0.537,0.373
965,58,his,3,3.14,.,.
966,58,question,9,3.36,0.51,0.41
967,58,languidly,9,2.31,.,.
968,58,grow,4,3.03,0.914,0.615
969,58,confused,8,2.33,0.22,0.65
970,58,and,3,1.52,.,.
971,58,evidently,9,1.38,.,.
972,58,do,3,2.46,0.67,0.548
973,58,not,3,2.08,.,.
974,58,understand,10,2.28,0.76,0.374
975,58,her,3,3.0,.,.
976,58,pupil,5,4.55,0.729,0.406
977,58,well,4,3.33,.,.
978,58,and,3,1.52,.,.
979,58,do,3,2.46,0.67,0.548
980,58,not,3,2.08,.,.
981,58,attempt,7,2.22,0.625,0.491
982,58,to,2,1.55,.,.
983,58,understand,10,2.28,0.76,0.374
984,58,he,3,3.93,.,.
985,59,Vorotov,7,.,.,.
986,59,ask,5,2.52,0.531,0.44
987,59,her,3,3.0,.,.
988,59,question,9,3.36,0.51,0.41
989,59,and,3,1.52,.,.
990,59,at,2,2.07,.,.
991,59,the,3,1.43,.,.
992,59,same,4,2.64,.,.
993,59,time,4,3.07,0.604,0.288
994,59,keep,4,2.37,0.714,0.296
995,59,look,7,2.96,0.719,0.429
996,59,at,2,2.07,.,.
997,59,her,3,3.0,.,.
998,59,fair,4,2.39,0.812,0.557
999,59,hair,4,4.97,0.582,0.186
1000,59,and,3,1.52,.,.
1001,59,thinking,8,1.96,0.72,0.308
1002,59,her,3,3.0,.,.
1003,59,hair,4,4.97,0.582,0.186
1004,59,be,2,1.85,0.67,0.24
1005,59,not,3,2.08,.,.
1006,59,naturally,9,1.48,0.854,0.276
1007,59,curly,5,4.41,.,.
1008,59,she,3,3.36,.,.
1009,59,curl,5,4.38,0.385,0.452
1010,59,it,2,2.81,.,.
1011,60,it,2,2.81,.,.
1012,60,’,2,.,.,.
1013,60,a,1,1.46,.,.
1014,60,strange,7,1.86,0.314,0.663
1015,60,thing,5,3.17,0.449,0.222
1016,61,she,3,3.36,.,.
1017,61,work,5,3.48,0.719,0.596
1018,61,from,4,1.84,.,.
1019,61,morning,7,3.44,0.688,0.235
1020,61,to,2,1.55,.,.
1021,61,night,5,4.52,0.598,0.396
1022,61,and,3,1.52,.,.
1023,61,yet,3,1.39,.,.
1024,61,she,3,3.36,.,.
1025,61,have,3,2.18,0.757,0.389
1026,61,time,4,3.07,0.604,0.288
1027,61,to,2,1.55,.,.
1028,61,curl,4,4.38,0.385,0.452
1029,61,her,3,3.0,.,.
1030,61,hair,4,4.97,0.582,0.186
1031,62,at,2,2.07,.,.
1032,62,eight,5,4.04,0.54,0.199
1033,62,o’clock,7,.,.,.
1034,62,precisely,9,2.3,0.816,0.388
1035,62,she,3,3.36,.,.
1036,62,get,3,2.38,0.74,0.594
1037,62,up,2,3.83,.,.
1038,62,and,3,1.52,.,.
1039,62,say,6,2.58,0.571,0.31
1040,62,coldly,6,2.56,0.365,0.358
1041,62,and,3,1.52,.,.
1042,62,dryly,5,2.52,.,.
1043,62,Au,2,.,.,.
1044,62,revoir,6,.,.,.
1045,62,monsieur,8,3.54,0.552,0.34
1046,62,walk,6,4.07,0.643,0.412
1047,62,out,3,2.73,.,.
1048,62,of,2,1.67,.,.
1049,62,the,3,1.43,.,.
1050,62,study,5,3.7,0.653,0.361
1051,62,leave,7,2.53,0.375,0.315
1052,62,behind,6,3.48,.,.
1053,62,she,3,3.36,.,.
1054,62,the,3,1.43,.,.
1055,62,same,4,2.64,.,.
1056,62,tender,6,2.58,0.63,0.52
1057,62,delicate,8,2.3,0.583,0.294
1058,62,disturbing,10,2.48,0.146,0.792
1059,62,fragrance,9,4.03,0.847,0.357
1060,63,for,3,1.63,.,.
1061,63,a,1,1.46,.,.
1062,63,long,4,3.18,0.541,0.353
1063,63,time,4,3.07,0.604,0.288
1064,63,again,5,2.0,.,.
1065,63,her,3,3.0,.,.
1066,63,pupil,5,4.55,0.729,0.406
1067,63,do,3,2.46,0.67,0.548
1068,63,nothing,7,2.21,.,.
1069,63,he,2,3.93,.,.
1070,63,sit,3,4.8,0.561,0.23
1071,63,at,2,2.07,.,.
1072,63,the,3,1.43,.,.
1073,63,table,5,4.9,0.551,0.17
1074,63,meditating,10,3.59,0.718,0.185
1075,64,during,6,1.48,.,.
1076,64,the,3,1.43,.,.
1077,64,day,4,3.92,0.719,0.269
1078,64,that,4,1.54,.,.
1079,64,follow,8,3.26,0.667,0.509
1080,64,he,2,3.93,.,.
1081,64,become,6,1.54,0.641,0.583
1082,64,convinced,9,2.07,0.75,0.5
1083,64,that,4,1.54,.,.
1084,64,his,3,3.14,.,.
1085,64,teacher,7,4.52,0.76,0.404
1086,64,be,3,1.85,0.67,0.24
1087,64,a,1,1.46,.,.
1088,64,charming,8,2.14,0.917,0.66
1089,64,conscientious,13,1.88,0.688,0.404
1090,64,and,3,1.52,.,.
1091,64,precise,7,2.39,0.833,0.358
1092,64,young,5,3.16,.,.
1093,64,lady,4,4.33,0.854,0.481
1094,64,but,3,2.04,.,.
1095,64,that,4,1.54,.,.
1096,64,she,3,3.36,.,.
1097,64,be,3,1.85,0.67,0.24
1098,64,very,4,1.43,.,.
1099,64,badly,5,1.93,0.073,0.509
1100,64,educate,8,2.12,0.76,0.38
1101,64,and,3,1.52,.,.
1102,64,incapable,9,1.64,0.156,0.529
1103,64,of,2,1.67,.,.
1104,64,teach,8,3.15,0.84,0.51
1105,64,grow,5,3.03,0.914,0.615
1106,64,up,2,3.83,.,.
1107,64,people,6,4.82,0.604,0.4
1108,64,and,3,1.52,.,.
1109,64,he,2,3.93,.,.
1110,64,make,4,2.67,0.684,0.42
1111,64,up,2,3.83,.,.
1112,64,his,3,3.14,.,.
1113,64,mind,4,2.5,0.65,0.388
1114,64,not,3,2.08,.,.
1115,64,to,2,1.55,.,.
1116,64,waste,5,3.24,0.041,0.51
1117,64,his,3,3.14,.,.
1118,64,time,4,3.07,0.604,0.288
1119,64,to,2,1.55,.,.
1120,64,get,3,2.38,0.74,0.594
1121,64,rid,3,2.13,0.194,0.408
1122,64,of,2,1.67,.,.
1123,64,she,3,3.36,.,.
1124,64,and,3,1.52,.,.
1125,64,to,2,1.55,.,.
1126,64,engage,6,2.07,0.771,0.796
1127,64,another,7,2.69,.,.
1128,64,teacher,7,4.52,0.76,0.404
1129,65,when,4,1.6,.,.
1130,65,she,3,3.36,.,.
1131,65,come,4,2.72,0.529,0.269
1132,65,the,3,1.43,.,.
1133,65,seventh,7,3.9,0.5,0.245
1134,65,time,4,3.07,0.604,0.288
1135,65,he,2,3.93,.,.
1136,65,take,4,3.06,0.828,0.537
1137,65,out,3,2.73,.,.
1138,65,of,2,1.67,.,.
1139,65,his,3,3.14,.,.
1140,65,pocket,6,4.68,0.458,0.275
1141,65,an,2,1.46,.,.
1142,65,envelope,8,4.93,0.604,0.275
1143,65,with,4,2.0,.,.
1144,65,seven,5,3.72,0.672,0.265
1145,65,rouble,7,.,.,.
1146,65,in,2,3.0,.,.
1147,65,it,2,2.81,.,.
1148,65,and,3,1.52,.,.
1149,65,hold,7,3.68,0.448,0.29
1150,65,it,2,2.81,.,.
1151,65,in,2,3.0,.,.
1152,65,his,3,3.14,.,.
1153,65,hand,4,4.72,0.542,0.314
1154,65,become,6,1.54,0.641,0.583
1155,65,very,4,1.43,.,.
1156,65,confused,8,2.33,0.22,0.65
1157,65,and,3,1.52,.,.
1158,65,begin,5,2.56,0.677,0.569
1159,65,excuse,6,2.29,0.24,0.696
1160,65,I,2,3.93,.,.
1161,65,Alice,5,.,.,.
1162,65,Osipovna,8,.,.,.
1163,65,but,3,2.04,.,.
1164,65,I,1,3.93,.,.
1165,65,ought,5,1.43,0.438,0.511
1166,65,to,2,1.55,.,.
1167,65,tell,4,2.9,0.551,0.35
1168,65,you,3,4.11,.,.
1169,65,i’m,3,.,.,.
1170,65,under,5,3.45,.,.
1171,65,painful,7,3.43,0.05,0.742
1172,65,necessity,9,2.08,0.567,0.471
1173,66,see,6,3.21,0.635,0.269
1174,66,the,3,1.43,.,.
1175,66,envelope,8,4.93,0.604,0.275
1176,66,the,3,1.43,.,.
1177,66,french,6,.,.,.
1178,66,girl,4,4.85,.,.
1179,66,guess,7,2.28,0.64,0.463
1180,66,what,4,2.0,.,.
1181,66,be,3,1.85,0.67,0.24
1182,66,mean,5,2.5,0.44,0.467
1183,66,and,3,1.52,.,.
1184,66,for,3,1.63,.,.
1185,66,the,3,1.43,.,.
1186,66,first,5,2.76,0.625,0.5
1187,66,time,4,3.07,0.604,0.288
1188,66,during,6,1.48,.,.
1189,66,their,5,3.34,.,.
1190,66,lesson,7,2.79,0.704,0.577
1191,66,her,3,3.0,.,.
1192,66,face,4,4.87,0.571,0.173
1193,66,quiver,8,3.83,0.32,0.452
1194,66,and,3,1.52,.,.
1195,66,her,3,3.0,.,.
1196,66,cold,4,3.85,0.398,0.538
1197,66,business,8,3.28,0.688,0.569
1198,66,like,4,1.89,0.719,0.353
1199,66,expression,10,2.54,0.79,0.65
1200,66,vanish,8,2.77,0.236,0.48
1201,67,she,3,3.36,.,.
1202,67,colour,8,.,.,.
1203,67,a,1,1.46,.,.
1204,67,little,6,3.67,0.385,0.16
1205,67,and,3,1.52,.,.
1206,67,drop,8,4.21,0.479,0.321
1207,67,her,3,3.0,.,.
1208,67,eye,4,4.9,0.531,0.265
1209,67,begin,5,2.56,0.677,0.569
1210,67,nervously,9,1.96,.,.
1211,67,finger,9,5.0,0.321,0.264
1212,67,her,3,3.0,.,.
1213,67,slender,7,3.56,0.812,0.548
1214,67,gold,4,4.81,0.939,0.686
1215,67,chain,5,4.55,0.378,0.5
1216,68,and,3,1.52,.,.
1217,68,Vorotov,7,.,.,.
1218,68,see,6,3.21,0.635,0.269
1219,68,her,3,3.0,.,.
1220,68,perturbation,12,.,0.27,0.84
1221,68,realise,8,.,.,.
1222,68,how,3,1.35,.,.
1223,68,much,4,1.69,.,.
1224,68,a,1,1.46,.,.
1225,68,rouble,6,.,.,.
1226,68,meant,5,1.5,.,.
1227,68,to,2,1.55,.,.
1228,68,she,3,3.36,.,.
1229,68,and,3,1.52,.,.
1230,68,how,3,1.35,.,.
1231,68,bitter,6,2.93,0.218,0.627
1232,68,it,2,2.81,.,.
1233,68,would,5,1.12,0.493,0.412
1234,68,be,2,1.85,0.67,0.24
1235,68,to,2,1.55,.,.
1236,68,she,3,3.36,.,.
1237,68,to,2,1.55,.,.
1238,68,lose,4,2.25,0.115,0.538
1239,68,what,4,2.0,.,.
1240,68,she,3,3.36,.,.
1241,68,be,3,1.85,0.67,0.24
1242,68,earn,7,2.39,0.865,0.769
1243,69,I,1,3.93,.,.
1244,69,ought,5,1.43,0.438,0.511
1245,69,to,2,1.55,.,.
1246,69,tell,4,2.9,0.551,0.35
1247,69,you,3,4.11,.,.
1248,69,he,2,3.93,.,.
1249,69,mutter,8,3.21,0.406,0.427
1250,69,grow,7,3.03,0.914,0.615
1251,69,more,4,2.37,.,.
1252,69,and,3,1.52,.,.
1253,69,more,4,2.37,.,.
1254,69,confused,8,2.33,0.22,0.65
1255,69,and,3,1.52,.,.
1256,69,quaver,9,.,.,.
1257,69,inwardly,8,1.88,.,.
1258,69,he,2,3.93,.,.
1259,69,hurriedly,9,1.92,.,.
1260,69,stuff,7,3.13,0.622,0.367
1261,69,the,3,1.43,.,.
1262,69,envelope,8,4.93,0.604,0.275
1263,69,into,4,2.3,.,.
1264,69,his,3,3.14,.,.
1265,69,pocket,6,4.68,0.458,0.275
1266,69,and,3,1.52,.,.
1267,69,go,4,3.15,0.51,0.441
1268,69,on,2,3.25,.,.
1269,69,excuse,6,2.29,0.24,0.696
1270,69,I,2,3.93,.,.
1271,69,I,1,3.93,.,.
1272,69,I,1,3.93,.,.
1273,69,must,4,2.13,0.408,0.382
1274,69,leave,5,2.53,0.375,0.315
1275,69,you,3,4.11,.,.
1276,69,for,3,1.63,.,.
1277,69,ten,3,3.39,0.562,0.26
1278,69,minute,7,3.04,0.582,0.279
1279,70,and,3,1.52,.,.
1280,70,try,6,2.22,0.604,0.551
1281,70,to,2,1.55,.,.
1282,70,appear,6,3.13,0.735,0.506
1283,70,as,2,1.33,.,.
1284,70,though,6,1.2,.,.
1285,70,he,2,3.93,.,.
1286,70,have,3,2.18,0.757,0.389
1287,70,not,3,2.08,.,.
1288,70,in,2,3.0,.,.
1289,70,the,3,1.43,.,.
1290,70,least,5,2.36,.,.
1291,70,mean,5,2.5,0.44,0.467
1292,70,to,2,1.55,.,.
1293,70,get,3,2.38,0.74,0.594
1294,70,rid,3,2.13,0.194,0.408
1295,70,of,2,1.67,.,.
1296,70,she,3,3.36,.,.
1297,70,but,3,2.04,.,.
1298,70,only,4,2.41,.,.
1299,70,to,2,1.55,.,.
1300,70,ask,3,2.52,0.531,0.44
1301,70,her,3,3.0,.,.
1302,70,permission,10,2.27,0.612,0.311
1303,70,to,2,1.55,.,.
1304,70,leave,5,2.53,0.375,0.315
1305,70,she,3,3.36,.,.
1306,70,for,3,1.63,.,.
1307,70,a,1,1.46,.,.
1308,70,short,5,3.61,0.184,0.264
1309,70,time,4,3.07,0.604,0.288
1310,70,he,2,3.93,.,.
1311,70,go,4,3.15,0.51,0.441
1312,70,into,4,2.3,.,.
1313,70,the,3,1.43,.,.
1314,70,next,4,2.56,.,.
1315,70,room,4,4.79,0.729,0.283
1316,70,and,3,1.52,.,.
1317,70,sit,3,4.8,0.561,0.23
1318,70,there,5,2.2,.,.
1319,70,for,3,1.63,.,.
1320,70,ten,3,3.39,0.562,0.26
1321,70,minute,7,3.04,0.582,0.279
1322,71,and,3,1.52,.,.
1323,71,then,4,1.44,.,.
1324,71,he,2,3.93,.,.
1325,71,return,8,2.97,0.602,0.412
1326,71,more,4,2.37,.,.
1327,71,embarrassed,11,2.0,0.184,0.56
1328,71,than,4,1.69,.,.
1329,71,ever,4,1.48,.,.
1330,71,it,2,2.81,.,.
1331,71,strike,6,4.07,0.271,0.811
1332,71,he,3,3.93,.,.
1333,71,that,4,1.54,.,.
1334,71,she,3,3.36,.,.
1335,71,might,5,2.32,.,.
1336,71,have,4,2.18,0.757,0.389
1337,71,interpret,11,2.34,0.646,0.625
1338,71,his,3,3.14,.,.
1339,71,brief,5,2.38,0.469,0.3
1340,71,absence,7,2.31,0.153,0.235
1341,71,in,2,3.0,.,.
1342,71,some,4,2.48,.,.
1343,71,way,3,2.34,0.48,0.275
1344,71,of,2,1.67,.,.
1345,71,her,3,3.0,.,.
1346,71,own,3,1.96,.,.
1347,71,and,3,1.52,.,.
1348,71,he,2,3.93,.,.
1349,71,feel,4,2.28,0.802,0.602
1350,71,awkward,7,2.0,0.296,0.65
1351,72,the,3,1.43,.,.
1352,72,lesson,7,2.79,0.704,0.577
1353,72,begin,5,2.56,0.677,0.569
1354,72,again,5,2.0,.,.
1355,73,Yorotov,7,.,.,.
1356,73,feel,4,2.28,0.802,0.602
1357,73,no,2,2.45,.,.
1358,73,interest,8,1.8,0.78,0.667
1359,73,in,2,3.0,.,.
1360,73,they,4,2.93,.,.
1361,74,realise,9,.,.,.
1362,74,that,4,1.54,.,.
1363,74,he,2,3.93,.,.
1364,74,would,5,1.12,0.493,0.412
1365,74,gain,4,2.24,0.917,0.64
1366,74,nothing,7,2.21,.,.
1367,74,from,4,1.84,.,.
1368,74,the,3,1.43,.,.
1369,74,lesson,7,2.79,0.704,0.577
1370,74,he,2,3.93,.,.
1371,74,give,4,2.83,0.75,0.346
1372,74,the,3,1.43,.,.
1373,74,french,6,.,.,.
1374,74,girl,4,4.85,.,.
1375,74,liberty,7,1.85,0.938,0.579
1376,74,to,2,1.55,.,.
1377,74,do,2,2.46,0.67,0.548
1378,74,as,2,1.33,.,.
1379,74,she,3,3.36,.,.
1380,74,like,5,1.89,0.719,0.353
1381,74,ask,6,2.52,0.531,0.44
1382,74,she,3,3.36,.,.
1383,74,nothing,7,2.21,.,.
1384,74,and,3,1.52,.,.
1385,74,not,3,2.08,.,.
1386,74,interrupt,12,3.0,0.21,0.635
1387,74,she,3,3.36,.,.
1388,75,she,3,3.36,.,.
1389,75,translate,10,2.69,0.604,0.423
1390,75,away,4,2.23,.,.
1391,75,as,2,1.33,.,.
1392,75,she,3,3.36,.,.
1393,75,please,7,1.64,.,.
1394,75,ten,3,3.39,0.562,0.26
1395,75,page,5,4.9,0.677,0.224
1396,75,during,6,1.48,.,.
1397,75,a,1,1.46,.,.
1398,75,lesson,6,2.79,0.704,0.577
1399,75,and,3,1.52,.,.
1400,75,he,2,3.93,.,.
1401,75,do,3,2.46,0.67,0.548
1402,75,not,3,2.08,.,.
1403,75,listen,6,3.47,0.771,0.36
1404,75,breathe,8,4.07,0.833,0.373
1405,75,hard,4,3.76,0.302,0.708
1406,75,and,3,1.52,.,.
1407,75,have,6,2.18,0.757,0.389
1408,75,nothing,7,2.21,.,.
1409,75,well,6,3.33,.,.
1410,75,to,2,1.55,.,.
1411,75,do,2,2.46,0.67,0.548
1412,75,gaze,5,3.43,0.633,0.588
1413,75,at,2,2.07,.,.
1414,75,her,3,3.0,.,.
1415,75,curly,5,4.41,.,.
1416,75,head,4,4.75,0.53,0.472
1417,75,or,2,1.72,.,.
1418,75,her,3,3.0,.,.
1419,75,soft,4,3.88,0.76,0.179
1420,75,white,5,3.89,.,.
1421,75,hand,5,4.72,0.542,0.314
1422,75,or,2,1.72,.,.
1423,75,her,3,3.0,.,.
1424,75,neck,4,5.0,0.541,0.245
1425,75,and,3,1.52,.,.
1426,75,sniff,7,4.17,0.396,0.5
1427,75,the,3,1.43,.,.
1428,75,fragrance,9,4.03,0.847,0.357
1429,75,of,2,1.67,.,.
1430,75,her,3,3.0,.,.
1431,75,clothe,7,3.5,0.797,0.33
1432,76,he,2,3.93,.,.
1433,76,catch,6,4.11,0.531,0.437
1434,76,himself,7,3.5,.,.
1435,76,think,8,2.41,0.786,0.408
1436,76,very,4,1.43,.,.
1437,76,unsuitable,10,1.52,0.188,0.528
1438,76,thought,8,1.97,0.78,0.315
1439,76,and,3,1.52,.,.
1440,76,feel,4,2.28,0.802,0.602
1441,76,ashamed,7,1.74,0.156,0.588
1442,76,or,2,1.72,.,.
1443,76,he,2,3.93,.,.
1444,76,be,3,1.85,0.67,0.24
1445,76,move,5,3.25,0.656,0.647
1446,76,to,2,1.55,.,.
1447,76,tenderness,10,2.06,0.949,0.276
1448,76,and,3,1.52,.,.
1449,76,then,4,1.44,.,.
1450,76,he,2,3.93,.,.
1451,76,feel,4,2.28,0.802,0.602
1452,76,vexed,5,2.04,0.115,0.802
1453,76,and,3,1.52,.,.
1454,76,wound,7,4.24,0.15,0.717
1455,76,that,4,1.54,.,.
1456,76,she,3,3.36,.,.
1457,76,be,3,1.85,0.67,0.24
1458,76,so,2,1.42,.,.
1459,76,cold,4,3.85,0.398,0.538
1460,76,and,3,1.52,.,.
1461,76,business,8,3.28,0.688,0.569
1462,76,like,4,1.89,0.719,0.353
1463,76,with,4,2.0,.,.
1464,76,he,3,3.93,.,.
1465,76,and,3,1.52,.,.
1466,76,treat,7,3.79,0.573,0.571
1467,76,he,3,3.93,.,.
1468,76,as,2,1.33,.,.
1469,76,a,1,1.46,.,.
1470,76,pupil,5,4.55,0.729,0.406
1471,76,never,5,1.59,.,.
1472,76,smile,7,4.5,0.906,0.598
1473,76,and,3,1.52,.,.
1474,76,seem,7,1.75,0.471,0.302
1475,76,afraid,6,2.7,0.01,0.775
1476,76,that,4,1.54,.,.
1477,76,he,2,3.93,.,.
1478,76,might,5,2.32,.,.
1479,76,accidentally,12,1.71,0.333,0.741
1480,76,touch,5,3.86,0.646,0.477
1481,76,she,3,3.36,.,.
1482,77,he,2,3.93,.,.
1483,77,keep,4,2.37,0.714,0.296
1484,77,wonder,9,1.8,0.939,0.771
1485,77,how,3,1.35,.,.
1486,77,to,2,1.55,.,.
1487,77,inspire,7,1.74,0.918,0.627
1488,77,she,3,3.36,.,.
1489,77,with,4,2.0,.,.
1490,77,confidence,10,2.17,0.959,0.276
1491,77,and,3,1.52,.,.
1492,77,get,3,2.38,0.74,0.594
1493,77,to,2,1.55,.,.
1494,77,know,4,1.68,0.765,0.361
1495,77,she,3,3.36,.,.
1496,77,well,6,3.33,.,.
1497,77,and,3,1.52,.,.
1498,77,to,2,1.55,.,.
1499,77,help,4,2.56,0.673,0.471
1500,77,she,3,3.36,.,.
1501,77,to,2,1.55,.,.
1502,77,make,4,2.67,0.684,0.42
1503,77,she,3,3.36,.,.
1504,77,understand,10,2.28,0.76,0.374
1505,77,how,3,1.35,.,.
1506,77,badly,5,1.93,0.073,0.509
1507,77,she,3,3.36,.,.
1508,77,teach,6,3.15,0.84,0.51
1509,77,poor,4,2.7,0.156,0.358
1510,77,thing,5,3.17,0.449,0.222
1511,78,one,3,3.97,0.542,0.292
1512,78,day,3,3.92,0.719,0.269
1513,78,Mdlle,5,.,.,.
1514,79,Enquête,7,.,.,.
1515,79,come,4,2.72,0.529,0.269
1516,79,to,2,1.55,.,.
1517,79,the,3,1.43,.,.
1518,79,lesson,6,2.79,0.704,0.577
1519,79,in,2,3.0,.,.
1520,79,a,1,1.46,.,.
1521,79,smart,5,1.75,0.906,0.607
1522,79,pink,4,3.93,0.806,0.269
1523,79,dress,5,4.93,0.76,0.3
1524,79,slightly,8,1.79,0.47,0.274
1525,79,décolleté,9,.,.,.
1526,79,and,3,1.52,.,.
1527,79,surround,10,2.81,0.542,0.623
1528,79,by,2,1.55,.,.
1529,79,such,4,1.48,.,.
1530,79,a,1,1.46,.,.
1531,79,fragrance,9,4.03,0.847,0.357
1532,79,that,4,1.54,.,.
1533,79,she,3,3.36,.,.
1534,79,seem,6,1.75,0.471,0.302
1535,79,to,2,1.55,.,.
1536,79,be,2,1.85,0.67,0.24
1537,79,wrap,7,4.11,0.594,0.441
1538,79,in,2,3.0,.,.
1539,79,a,1,1.46,.,.
1540,79,cloud,5,4.54,0.74,0.133
1541,79,and,3,1.52,.,.
1542,79,if,2,1.19,.,.
1543,79,one,3,3.97,0.542,0.292
1544,79,blow,4,3.74,0.316,0.75
1545,79,upon,4,2.83,.,.
1546,79,she,3,3.36,.,.
1547,79,ready,5,2.07,0.77,0.388
1548,79,to,2,1.55,.,.
1549,79,fly,3,4.64,0.76,0.775
1550,79,away,4,2.23,.,.
1551,79,into,4,2.3,.,.
1552,79,the,3,1.43,.,.
1553,79,air,3,4.11,0.708,0.163
1554,79,or,2,1.72,.,.
1555,79,melt,4,3.96,0.448,0.615
1556,79,away,4,2.23,.,.
1557,79,like,4,1.89,0.719,0.353
1558,79,smoke,5,4.96,0.188,0.5
1559,80,she,3,3.36,.,.
1560,80,apologise,10,.,.,.
1561,80,and,3,1.52,.,.
1562,80,say,4,2.58,0.571,0.31
1563,80,she,3,3.36,.,.
1564,80,could,5,1.34,.,.
1565,80,stay,4,2.15,0.604,0.275
1566,80,only,4,2.41,.,.
1567,80,half,4,3.27,0.5,0.274
1568,80,an,2,1.46,.,.
1569,80,hour,4,3.1,0.552,0.265
1570,80,for,3,1.63,.,.
1571,80,the,3,1.43,.,.
1572,80,lesson,6,2.79,0.704,0.577
1573,80,as,2,1.33,.,.
1574,80,she,3,3.36,.,.
1575,80,be,3,1.85,0.67,0.24
1576,80,go,5,3.15,0.51,0.441
1577,80,straight,8,2.76,.,.
1578,80,from,4,1.84,.,.
1579,80,the,3,1.43,.,.
1580,80,lesson,6,2.79,0.704,0.577
1581,80,to,2,1.55,.,.
1582,80,a,1,1.46,.,.
1583,80,dance,5,4.32,0.894,0.84
1584,81,he,2,3.93,.,.
1585,81,look,6,2.96,0.719,0.429
1586,81,at,2,2.07,.,.
1587,81,her,3,3.0,.,.
1588,81,throat,6,4.97,0.35,0.538
1589,81,and,3,1.52,.,.
1590,81,the,3,1.43,.,.
1591,81,back,4,4.33,0.438,0.353
1592,81,of,2,1.67,.,.
1593,81,her,3,3.0,.,.
1594,81,bare,4,3.21,0.333,0.717
1595,81,neck,4,5.0,0.541,0.245
1596,81,and,3,1.52,.,.
1597,81,think,7,2.41,0.786,0.408
1598,81,he,2,3.93,.,.
1599,81,understand,10,2.28,0.76,0.374
1600,81,why,3,1.86,.,.
1601,81,Frenchwomen,11,.,.,.
1602,81,have,3,2.18,0.757,0.389
1603,81,the,3,1.43,.,.
1604,81,reputation,10,1.64,0.74,0.542
1605,81,of,2,1.67,.,.
1606,81,frivolous,9,2.43,0.271,0.565
1607,81,creature,9,4.07,0.669,0.625
1608,81,easily,6,1.8,0.885,0.279
1609,81,seduce,7,2.18,0.462,0.864
1610,81,he,2,3.93,.,.
1611,81,be,3,1.85,0.67,0.24
1612,81,carry,7,4.04,0.635,0.38
1613,81,away,4,2.23,.,.
1614,81,by,2,1.55,.,.
1615,81,this,4,2.14,.,.
1616,81,cloud,5,4.54,0.74,0.133
1617,81,of,2,1.67,.,.
1618,81,fragrance,9,4.03,0.847,0.357
1619,81,beauty,6,2.93,0.842,0.6
1620,81,and,3,1.52,.,.
1621,81,bare,4,3.21,0.333,0.717
1622,81,flesh,5,4.59,0.604,0.39
1623,81,while,5,1.55,.,.
1624,81,she,3,3.36,.,.
1625,81,unconscious,11,2.45,0.24,0.356
1626,81,of,2,1.67,.,.
1627,81,his,3,3.14,.,.
1628,81,thought,8,1.97,0.78,0.315
1629,81,and,3,1.52,.,.
1630,81,probably,8,1.73,.,.
1631,81,not,3,2.08,.,.
1632,81,in,2,3.0,.,.
1633,81,the,3,1.43,.,.
1634,81,least,5,2.36,.,.
1635,81,interested,10,2.19,0.75,0.529
1636,81,in,2,3.0,.,.
1637,81,they,4,2.93,.,.
1638,81,rapidly,7,2.5,.,.
1639,81,turn,6,3.44,0.531,0.398
1640,81,over,4,2.46,.,.
1641,81,the,3,1.43,.,.
1642,81,page,5,4.9,0.677,0.224
1643,81,and,3,1.52,.,.
1644,81,translate,10,2.69,0.604,0.423
1645,81,at,2,2.07,.,.
1646,81,full,4,3.59,0.602,0.255
1647,81,steam,5,4.5,0.469,0.413
1648,81,he,2,3.93,.,.
1649,81,be,3,1.85,0.67,0.24
1650,81,walk,7,4.07,0.643,0.412
1651,81,the,3,1.43,.,.
1652,81,street,6,4.75,0.594,0.324
1653,81,and,3,1.52,.,.
1654,81,meet,7,3.0,0.76,0.51
1655,81,a,1,1.46,.,.
1656,81,gentleman,9,3.57,0.823,0.439
1657,81,his,3,3.14,.,.
1658,81,friend,6,3.07,0.906,0.413
1659,81,and,3,1.52,.,.
1660,81,say,6,2.58,0.571,0.31
1661,81,where,5,1.66,.,.
1662,81,be,3,1.85,0.67,0.24
1663,81,you,3,4.11,.,.
1664,81,strive,8,2.07,0.582,0.837
1665,81,to,2,1.55,.,.
1666,81,see,6,3.21,0.635,0.269
1667,81,your,4,2.37,.,.
1668,81,face,4,4.87,0.571,0.173
1669,81,so,2,1.42,.,.
1670,81,pale,4,3.79,0.281,0.259
1671,81,it,2,2.81,.,.
1672,81,make,5,2.67,0.684,0.42
1673,81,I,2,3.93,.,.
1674,81,sad,3,3.07,0.225,0.333
1675,82,the,3,1.43,.,.
1676,82,Mémoires,8,.,.,.
1677,82,have,3,2.18,0.757,0.389
1678,82,long,4,3.18,0.541,0.353
1679,82,be,4,1.85,0.67,0.24
1680,82,finish,8,2.89,0.471,0.429
1681,82,and,3,1.52,.,.
1682,82,nowalice,8,.,.,.
1683,82,be,3,1.85,0.67,0.24
1684,82,translate,11,2.69,0.604,0.423
1685,82,some,4,2.48,.,.
1686,82,other,5,2.04,0.472,0.23
1687,82,book,4,4.9,0.802,0.21
1688,83,one,3,3.97,0.542,0.292
1689,83,day,3,3.92,0.719,0.269
1690,83,she,3,3.36,.,.
1691,83,come,4,2.72,0.529,0.269
1692,83,an,2,1.46,.,.
1693,83,hour,4,3.1,0.552,0.265
1694,83,too,3,1.7,.,.
1695,83,early,5,2.25,0.633,0.373
1696,83,for,3,1.63,.,.
1697,83,the,3,1.43,.,.
1698,83,lesson,6,2.79,0.704,0.577
1699,83,apologize,11,2.63,0.551,0.378
1700,83,and,3,1.52,.,.
1701,83,say,6,2.58,0.571,0.31
1702,83,that,4,1.54,.,.
1703,83,she,3,3.36,.,.
1704,83,want,6,1.93,0.671,0.642
1705,83,to,2,1.55,.,.
1706,83,leave,5,2.53,0.375,0.315
1707,83,at,2,2.07,.,.
1708,83,seven,5,3.72,0.672,0.265
1709,83,and,3,1.52,.,.
1710,83,go,2,3.15,0.51,0.441
1711,83,to,2,1.55,.,.
1712,83,the,3,1.43,.,.
1713,83,Little,6,.,0.385,0.16
1714,83,Theatre,7,.,.,.
1715,84,see,6,3.21,0.635,0.269
1716,84,she,3,3.36,.,.
1717,84,out,3,2.73,.,.
1718,84,after,5,2.12,.,.
1719,84,the,3,1.43,.,.
1720,84,lesson,6,2.79,0.704,0.577
1721,84,Vorotov,7,.,.,.
1722,84,dress,7,4.93,0.76,0.3
1723,84,and,3,1.52,.,.
1724,84,go,4,3.15,0.51,0.441
1725,84,to,2,1.55,.,.
1726,84,the,3,1.43,.,.
1727,84,theatre,7,.,.,.
1728,84,himself,7,3.5,.,.
1729,85,he,2,3.93,.,.
1730,85,go,4,3.15,0.51,0.441
1731,85,and,3,1.52,.,.
1732,85,fancy,7,2.5,0.854,0.673
1733,85,that,4,1.54,.,.
1734,85,he,2,3.93,.,.
1735,85,be,3,1.85,0.67,0.24
1736,85,go,5,3.15,0.51,0.441
1737,85,simply,6,1.83,0.535,0.148
1738,85,for,3,1.63,.,.
1739,85,change,6,2.89,0.625,0.575
1740,85,and,3,1.52,.,.
1741,85,amusement,9,2.07,0.929,0.837
1742,85,and,3,1.52,.,.
1743,85,that,4,1.54,.,.
1744,85,he,2,3.93,.,.
1745,85,be,3,1.85,0.67,0.24
1746,85,not,3,2.08,.,.
1747,85,think,8,2.41,0.786,0.408
1748,85,aboutalice,10,.,.,.
1749,85,at,2,2.07,.,.
1750,85,all,3,2.27,.,.
1751,86,he,2,3.93,.,.
1752,86,could,5,1.34,.,.
1753,86,not,3,2.08,.,.
1754,86,admit,5,2.32,0.538,0.423
1755,86,that,4,1.54,.,.
1756,86,a,1,1.46,.,.
1757,86,serious,7,2.1,0.5,0.455
1758,86,man,3,4.79,.,.
1759,86,prepare,9,2.36,0.656,0.542
1760,86,for,3,1.63,.,.
1761,86,a,1,1.46,.,.
1762,86,learn,7,2.2,0.833,0.643
1763,86,career,6,2.54,0.74,0.712
1764,86,lethargic,9,2.61,0.214,0.245
1765,86,in,2,3.0,.,.
1766,86,his,3,3.14,.,.
1767,86,habit,6,2.76,0.625,0.226
1768,86,could,5,1.34,.,.
1769,86,fle,5,.,.,.
1770,86,up,2,3.83,.,.
1771,86,his,3,3.14,.,.
1772,86,work,4,3.48,0.719,0.596
1773,86,and,3,1.52,.,.
1774,86,go,2,3.15,0.51,0.441
1775,86,to,2,1.55,.,.
1776,86,the,3,1.43,.,.
1777,86,theatre,7,.,.,.
1778,86,simply,6,1.83,0.535,0.148
1779,86,to,2,1.55,.,.
1780,86,meet,4,3.0,0.76,0.51
1781,86,there,5,2.2,.,.
1782,86,a,1,1.46,.,.
1783,86,girl,4,4.85,.,.
1784,86,he,2,3.93,.,.
1785,86,know,4,1.68,0.765,0.361
1786,86,very,4,1.43,.,.
1787,86,little,6,3.67,0.385,0.16
1788,86,who,3,1.74,.,.
1789,86,be,3,1.85,0.67,0.24
1790,86,unintelligent,13,1.64,.,.
1791,86,and,3,1.52,.,.
1792,86,utterly,7,1.69,0.633,0.44
1793,86,unintellectual,14,.,.,.
1794,87,yet,3,1.39,.,.
1795,87,for,3,1.63,.,.
1796,87,some,4,2.48,.,.
1797,87,reason,6,1.93,0.781,0.455
1798,87,his,3,3.14,.,.
1799,87,heart,5,4.52,0.827,0.5
1800,87,be,3,1.85,0.67,0.24
1801,87,beat,7,3.97,0.279,0.647
1802,87,during,6,1.48,.,.
1803,87,the,3,1.43,.,.
1804,87,interval,9,2.57,0.51,0.284
1805,87,and,3,1.52,.,.
1806,87,without,7,2.15,.,.
1807,87,realize,9,2.03,0.757,0.462
1808,87,what,4,2.0,.,.
1809,87,he,2,3.93,.,.
1810,87,be,3,1.85,0.67,0.24
1811,87,do,5,2.46,0.67,0.548
1812,87,he,2,3.93,.,.
1813,87,race,5,3.59,0.592,0.426
1814,87,about,5,1.77,.,.
1815,87,the,3,1.43,.,.
1816,87,corridor,9,4.72,0.604,0.589
1817,87,and,3,1.52,.,.
1818,87,foyer,5,4.52,0.552,0.37
1819,87,like,4,1.89,0.719,0.353
1820,87,a,1,1.46,.,.
1821,87,boy,3,4.76,.,.
1822,87,impatiently,11,2.08,0.194,0.75
1823,87,look,7,2.96,0.719,0.429
1824,87,for,3,1.63,.,.
1825,87,some,4,2.48,.,.
1826,87,one,3,3.97,0.542,0.292
1827,87,and,3,1.52,.,.
1828,87,he,2,3.93,.,.
1829,87,be,3,1.85,0.67,0.24
1830,87,disappointed,12,1.92,0.071,0.472
1831,87,when,4,1.6,.,.
1832,87,the,3,1.43,.,.
1833,87,interval,8,2.57,0.51,0.284
1834,87,be,3,1.85,0.67,0.24
1835,87,over,4,2.46,.,.
1836,88,and,3,1.52,.,.
1837,88,when,4,1.6,.,.
1838,88,he,2,3.93,.,.
1839,88,see,3,3.21,0.635,0.269
1840,88,the,3,1.43,.,.
1841,88,familiar,8,2.03,0.906,0.33
1842,88,pink,4,3.93,0.806,0.269
1843,88,dress,5,4.93,0.76,0.3
1844,88,and,3,1.52,.,.
1845,88,the,3,1.43,.,.
1846,88,handsome,8,2.63,0.89,0.6
1847,88,shoulder,9,4.93,0.562,0.286
1848,88,under,5,3.45,.,.
1849,88,the,3,1.43,.,.
1850,88,tulle,5,.,.,.
1851,88,his,3,3.14,.,.
1852,88,heart,5,4.52,0.827,0.5
1853,88,quiver,8,3.83,0.32,0.452
1854,88,as,2,1.33,.,.
1855,88,though,6,1.2,.,.
1856,88,with,4,2.0,.,.
1857,88,a,1,1.46,.,.
1858,88,foretaste,9,.,.,.
1859,88,of,2,1.67,.,.
1860,88,happiness,9,2.6,0.96,0.732
1861,88,he,2,3.93,.,.
1862,88,smile,6,4.5,0.906,0.598
1863,88,joyfully,8,2.19,.,.
1864,88,and,3,1.52,.,.
1865,88,for,3,1.63,.,.
1866,88,the,3,1.43,.,.
1867,88,first,5,2.76,0.625,0.5
1868,88,time,4,3.07,0.604,0.288
1869,88,in,2,3.0,.,.
1870,88,his,3,3.14,.,.
1871,88,life,4,2.69,0.918,0.615
1872,88,experience,11,1.8,0.827,0.618
1873,88,the,3,1.43,.,.
1874,88,sensation,9,2.87,0.781,0.663
1875,88,of,2,1.67,.,.
1876,88,jealousy,8,1.8,0.146,0.783
1877,89,Alice,5,.,.,.
1878,89,be,3,1.85,0.67,0.24
1879,89,walk,7,4.07,0.643,0.412
1880,89,with,4,2.0,.,.
1881,89,two,3,4.18,0.52,0.2
1882,89,unattractive,12,2.04,0.177,0.307
1883,89,look,7,2.96,0.719,0.429
1884,89,student,8,4.92,0.634,0.318
1885,89,and,3,1.52,.,.
1886,89,an,2,1.46,.,.
1887,89,officer,7,4.8,0.542,0.43
1888,90,she,3,3.36,.,.
1889,90,be,3,1.85,0.67,0.24
1890,90,laugh,8,4.21,0.98,0.639
1891,90,talk,7,4.07,0.833,0.346
1892,90,loudly,6,3.12,0.541,0.755
1893,90,and,3,1.52,.,.
1894,90,obviously,9,1.82,.,.
1895,90,flirt,8,3.26,0.792,0.79
1896,91,Vorotov,7,.,.,.
1897,91,have,3,2.18,0.757,0.389
1898,91,never,5,1.59,.,.
1899,91,see,4,3.21,0.635,0.269
1900,91,she,3,3.36,.,.
1901,91,like,4,1.89,0.719,0.353
1902,91,that,4,1.54,.,.
1903,92,she,3,3.36,.,.
1904,92,be,3,1.85,0.67,0.24
1905,92,evidently,9,1.38,.,.
1906,92,happy,5,2.56,1.0,0.735
1907,92,content,9,2.59,0.764,0.296
1908,92,warm,4,3.56,0.76,0.312
1909,92,sincere,7,1.81,0.918,0.265
1910,93,what,4,2.0,.,.
1911,93,for,3,1.63,.,.
1912,94,why,3,1.86,.,.
1913,95,perhaps,7,1.19,.,.
1914,95,because,7,1.22,.,.
1915,95,these,5,2.03,.,.
1916,95,man,3,4.79,.,.
1917,95,be,4,1.85,0.67,0.24
1918,95,her,3,3.0,.,.
1919,95,friend,7,3.07,0.906,0.413
1920,95,and,3,1.52,.,.
1921,95,belong,8,1.43,0.643,0.405
1922,95,to,2,1.55,.,.
1923,95,her,3,3.0,.,.
1924,95,own,3,1.96,.,.
1925,95,circle,6,4.44,0.48,0.29
1926,96,and,3,1.52,.,.
1927,96,Vorotov,7,.,.,.
1928,96,feel,4,2.28,0.802,0.602
1929,96,there,5,2.2,.,.
1930,96,be,3,1.85,0.67,0.24
1931,96,a,1,1.46,.,.
1932,96,terrible,8,2.04,0.061,0.849
1933,96,gulf,4,4.08,0.52,0.365
1934,96,between,7,2.72,.,.
1935,96,himself,7,3.5,.,.
1936,96,and,3,1.52,.,.
1937,96,that,4,1.54,.,.
1938,96,circle,6,4.44,0.48,0.29
1939,97,he,2,3.93,.,.
1940,97,bow,5,4.61,0.53,0.306
1941,97,to,2,1.55,.,.
1942,97,his,3,3.14,.,.
1943,97,teacher,7,4.52,0.76,0.404
1944,97,but,3,2.04,.,.
1945,97,she,3,3.36,.,.
1946,97,give,4,2.83,0.75,0.346
1947,97,he,3,3.93,.,.
1948,97,a,1,1.46,.,.
1949,97,chilly,6,3.56,0.329,0.459
1950,97,nod,3,4.62,0.59,0.367
1951,97,and,3,1.52,.,.
1952,97,walk,6,4.07,0.643,0.412
1953,97,quickly,7,2.36,0.784,0.85
1954,97,by,2,1.55,.,.
1955,97,she,3,3.36,.,.
1956,97,evidently,9,1.38,.,.
1957,97,do,3,2.46,0.67,0.548
1958,97,not,3,2.08,.,.
1959,97,care,4,2.33,0.729,0.37
1960,97,for,3,1.63,.,.
1961,97,her,3,3.0,.,.
1962,97,friend,7,3.07,0.906,0.413
1963,97,to,2,1.55,.,.
1964,97,know,4,1.68,0.765,0.361
1965,97,that,4,1.54,.,.
1966,97,she,3,3.36,.,.
1967,97,have,3,2.18,0.757,0.389
1968,97,pupil,6,4.55,0.729,0.406
1969,97,and,3,1.52,.,.
1970,97,that,4,1.54,.,.
1971,97,she,3,3.36,.,.
1972,97,have,3,2.18,0.757,0.389
1973,97,to,2,1.55,.,.
1974,97,give,4,2.83,0.75,0.346
1975,97,lesson,7,2.79,0.704,0.577
1976,97,to,2,1.55,.,.
1977,97,earn,4,2.39,0.865,0.769
1978,97,money,5,4.54,0.844,0.608
1979,98,after,5,2.12,.,.
1980,98,the,3,1.43,.,.
1981,98,meeting,7,3.31,0.75,0.569
1982,98,at,2,2.07,.,.
1983,98,the,3,1.43,.,.
1984,98,theatre,7,.,.,.
1985,98,Vorotov,7,.,.,.
1986,98,realise,8,.,.,.
1987,98,that,4,1.54,.,.
1988,98,he,2,3.93,.,.
1989,98,be,3,1.85,0.67,0.24
1990,98,in,2,3.0,.,.
1991,98,love,4,2.07,1.0,0.519
1992,99,during,6,1.48,.,.
1993,99,the,3,1.43,.,.
1994,99,subsequent,10,2.14,0.449,0.385
1995,99,lesson,7,2.79,0.704,0.577
1996,99,he,2,3.93,.,.
1997,99,feast,7,4.3,0.979,0.724
1998,99,his,3,3.14,.,.
1999,99,eye,4,4.9,0.531,0.265
2000,99,on,2,3.25,.,.
2001,99,his,3,3.14,.,.
2002,99,elegant,7,2.31,0.865,0.5
2003,99,teacher,7,4.52,0.76,0.404
2004,99,and,3,1.52,.,.
2005,99,without,7,2.15,.,.
2006,99,struggle,10,2.79,0.365,0.82
2007,99,with,4,2.0,.,.
2008,99,himself,7,3.5,.,.
2009,99,give,4,2.83,0.75,0.346
2010,99,full,4,3.59,0.602,0.255
2011,99,rein,4,.,0.5,0.357
2012,99,to,2,1.55,.,.
2013,99,his,3,3.14,.,.
2014,99,imagination,12,1.69,0.802,0.491
2015,99,pure,4,1.87,0.811,0.306
2016,99,and,3,1.52,.,.
2017,99,impure,6,2.0,0.26,0.56
2018,100,Mdlle,5,.,.,.
2019,101,Enquête,7,.,.,.
2020,101,’s,2,.,.,.
2021,101,face,4,4.87,0.571,0.173
2022,101,do,3,2.46,0.67,0.548
2023,101,not,3,2.08,.,.
2024,101,cease,5,2.39,0.388,0.25
2025,101,to,2,1.55,.,.
2026,101,be,2,1.85,0.67,0.24
2027,101,cold,4,3.85,0.398,0.538
2028,101,precisely,9,2.3,0.816,0.388
2029,101,at,2,2.07,.,.
2030,101,eight,5,4.04,0.54,0.199
2031,101,o’clock,7,.,.,.
2032,101,every,5,2.28,.,.
2033,101,evening,7,3.26,0.458,0.185
2034,101,she,3,3.36,.,.
2035,101,say,4,2.58,0.571,0.31
2036,101,coldly,6,2.56,0.365,0.358
2037,101,Au,2,.,.,.
2038,101,revoir,6,.,.,.
2039,101,monsieur,8,3.54,0.552,0.34
2040,101,and,3,1.52,.,.
2041,101,he,2,3.93,.,.
2042,101,feel,4,2.28,0.802,0.602
2043,101,she,3,3.36,.,.
2044,101,care,5,2.33,0.729,0.37
2045,101,nothing,7,2.21,.,.
2046,101,about,5,1.77,.,.
2047,101,he,3,3.93,.,.
2048,101,and,3,1.52,.,.
2049,101,never,5,1.59,.,.
2050,101,would,5,1.12,0.493,0.412
2051,101,care,4,2.33,0.729,0.37
2052,101,anything,8,1.38,.,.
2053,101,about,5,1.77,.,.
2054,101,he,3,3.93,.,.
2055,101,and,3,1.52,.,.
2056,101,that,4,1.54,.,.
2057,101,his,3,3.14,.,.
2058,101,position,8,2.62,0.604,0.451
2059,101,be,3,1.85,0.67,0.24
2060,101,hopeless,8,1.59,0.094,0.298
2061,102,sometimes,9,1.77,.,.
2062,102,in,2,3.0,.,.
2063,102,the,3,1.43,.,.
2064,102,middle,6,3.69,0.458,0.157
2065,102,of,2,1.67,.,.
2066,102,a,1,1.46,.,.
2067,102,lesson,6,2.79,0.704,0.577
2068,102,he,2,3.93,.,.
2069,102,would,5,1.12,0.493,0.412
2070,102,begin,5,2.56,0.677,0.569
2071,102,dream,8,2.6,0.844,0.157
2072,102,hope,6,1.25,0.927,0.317
2073,102,make,6,2.67,0.684,0.42
2074,102,plan,5,3.4,0.646,0.54
2075,103,he,2,3.93,.,.
2076,103,inwardly,8,1.88,.,.
2077,103,compose,8,2.83,0.639,0.432
2078,103,declaration,12,2.52,0.551,0.59
2079,103,of,2,1.67,.,.
2080,103,love,4,2.07,1.0,0.519
2081,103,remember,10,2.41,0.776,0.422
2082,103,that,4,1.54,.,.
2083,103,Frenchwomen,11,.,.,.
2084,103,be,4,1.85,0.67,0.24
2085,103,frivolous,9,2.43,0.271,0.565
2086,103,and,3,1.52,.,.
2087,103,easily,6,1.8,0.885,0.279
2088,103,win,3,2.67,0.927,0.694
2089,103,but,3,2.04,.,.
2090,103,it,2,2.81,.,.
2091,103,be,3,1.85,0.67,0.24
2092,103,enough,6,1.33,.,.
2093,103,for,3,1.63,.,.
2094,103,he,3,3.93,.,.
2095,103,to,2,1.55,.,.
2096,103,glance,6,3.48,0.625,0.357
2097,103,at,2,2.07,.,.
2098,103,the,3,1.43,.,.
2099,103,face,4,4.87,0.571,0.173
2100,103,of,2,1.67,.,.
2101,103,his,3,3.14,.,.
2102,103,teacher,7,4.52,0.76,0.404
2103,103,for,3,1.63,.,.
2104,103,his,3,3.14,.,.
2105,103,idea,5,1.61,0.75,0.538
2106,103,to,2,1.55,.,.
2107,103,be,2,1.85,0.67,0.24
2108,103,extinguish,12,3.47,0.24,0.576
2109,103,as,2,1.33,.,.
2110,103,a,1,1.46,.,.
2111,103,candle,6,4.86,0.602,0.221
2112,103,be,2,1.85,0.67,0.24
2113,103,blow,5,3.74,0.316,0.75
2114,103,out,3,2.73,.,.
2115,103,when,4,1.6,.,.
2116,103,you,3,4.11,.,.
2117,103,bring,5,2.55,0.635,0.46
2118,103,it,2,2.81,.,.
2119,103,into,4,2.3,.,.
2120,103,the,3,1.43,.,.
2121,103,wind,4,3.93,0.531,0.404
2122,103,on,2,3.25,.,.
2123,103,the,3,1.43,.,.
2124,103,verandah,8,.,.,.
2125,104,once,4,2.74,.,.
2126,104,overcome,8,2.28,0.719,0.689
2127,104,forget,10,2.04,0.312,0.382
2128,104,himself,7,3.5,.,.
2129,104,as,2,1.33,.,.
2130,104,though,6,1.2,.,.
2131,104,in,2,3.0,.,.
2132,104,delirium,8,1.97,0.233,0.694
2133,104,he,2,3.93,.,.
2134,104,could,5,1.34,.,.
2135,104,not,3,2.08,.,.
2136,104,restrain,8,2.76,0.134,0.696
2137,104,himself,7,3.5,.,.
2138,104,and,3,1.52,.,.
2139,104,bar,6,4.67,0.5,0.531
2140,104,her,3,3.0,.,.
2141,104,way,3,2.34,0.48,0.275
2142,104,as,2,1.33,.,.
2143,104,she,3,3.36,.,.
2144,104,be,3,1.85,0.67,0.24
2145,104,go,5,3.15,0.51,0.441
2146,104,from,4,1.84,.,.
2147,104,the,3,1.43,.,.
2148,104,study,5,3.7,0.653,0.361
2149,104,into,4,2.3,.,.
2150,104,the,3,1.43,.,.
2151,104,entry,5,3.62,0.552,0.353
2152,104,after,5,2.12,.,.
2153,104,the,3,1.43,.,.
2154,104,lesson,6,2.79,0.704,0.577
2155,104,and,3,1.52,.,.
2156,104,gasp,7,4.15,0.44,0.754
2157,104,for,3,1.63,.,.
2158,104,breath,6,4.36,0.684,0.392
2159,104,and,3,1.52,.,.
2160,104,stammering,10,2.97,.,.
2161,104,begin,5,2.56,0.677,0.569
2162,104,to,2,1.55,.,.
2163,104,declare,7,2.0,0.677,0.623
2164,104,his,3,3.14,.,.
2165,104,love,4,2.07,1.0,0.519
2166,104,you,3,4.11,.,.
2167,104,be,3,1.85,0.67,0.24
2168,104,dear,4,2.25,0.88,0.434
2169,104,to,2,1.55,.,.
2170,104,I,2,3.93,.,.
2171,105,I,1,3.93,.,.
2172,106,I,1,3.93,.,.
2173,106,love,4,2.07,1.0,0.519
2174,106,you!Allow,9,.,.,.
2175,106,I,2,3.93,.,.
2176,106,to,2,1.55,.,.
2177,106,speak,5,3.7,0.765,0.472
2178,107,and,3,1.52,.,.
2179,107,Alice,5,.,.,.
2180,107,turn,6,3.44,0.531,0.398
2181,107,pale,4,3.79,0.281,0.259
2182,107,probably,8,1.73,.,.
2183,107,from,4,1.84,.,.
2184,107,dismay,6,2.29,0.314,0.681
2185,107,reflect,10,2.81,0.698,0.342
2186,107,that,4,1.54,.,.
2187,107,after,5,2.12,.,.
2188,107,this,4,2.14,.,.
2189,107,declaration,11,2.52,0.551,0.59
2190,107,she,3,3.36,.,.
2191,107,could,5,1.34,.,.
2192,107,not,3,2.08,.,.
2193,107,come,4,2.72,0.529,0.269
2194,107,here,4,3.13,.,.
2195,107,again,5,2.0,.,.
2196,107,and,3,1.52,.,.
2197,107,get,3,2.38,0.74,0.594
2198,107,a,1,1.46,.,.
2199,107,rouble,6,.,.,.
2200,107,a,1,1.46,.,.
2201,107,lesson,6,2.79,0.704,0.577
2202,108,with,4,2.0,.,.
2203,108,a,1,1.46,.,.
2204,108,frightened,10,2.27,0.153,0.817
2205,108,look,4,2.96,0.719,0.429
2206,108,in,2,3.0,.,.
2207,108,her,3,3.0,.,.
2208,108,eye,4,4.9,0.531,0.265
2209,108,she,3,3.36,.,.
2210,108,say,4,2.58,0.571,0.31
2211,108,in,2,3.0,.,.
2212,108,a,1,1.46,.,.
2213,108,loud,4,3.73,0.573,0.65
2214,108,whisper,7,4.34,0.49,0.225
2215,108,Ach,3,.,.,.
2216,108,you,3,4.11,.,.
2217,108,must,4,2.13,0.408,0.382
2218,108,not,3,2.08,.,.
2219,109,do,2,2.46,0.67,0.548
2220,109,not,3,2.08,.,.
2221,109,speak,5,3.7,0.765,0.472
2222,109,I,1,3.93,.,.
2223,109,entreat,7,.,0.304,0.56
2224,109,you,3,4.11,.,.
2225,110,you,3,4.11,.,.
2226,110,must,4,2.13,0.408,0.382
2227,110,not,3,2.08,.,.
2228,111,and,3,1.52,.,.
2229,111,Vorotov,7,.,.,.
2230,111,do,3,2.46,0.67,0.548
2231,111,not,3,2.08,.,.
2232,111,sleep,5,4.44,0.719,0.09
2233,111,all,3,2.27,.,.
2234,111,night,5,4.52,0.598,0.396
2235,111,afterwards,10,2.14,.,.
2236,111,he,2,3.93,.,.
2237,111,be,3,1.85,0.67,0.24
2238,111,torture,8,3.59,0.115,0.878
2239,111,by,2,1.55,.,.
2240,111,shame,5,2.24,0.06,0.67
2241,111,he,2,3.93,.,.
2242,111,blame,6,2.06,0.115,0.64
2243,111,himself,7,3.5,.,.
2244,111,and,3,1.52,.,.
2245,111,think,7,2.41,0.786,0.408
2246,111,intensely,9,2.0,0.694,0.846
2247,112,it,2,2.81,.,.
2248,112,seem,6,1.75,0.471,0.302
2249,112,to,2,1.55,.,.
2250,112,he,3,3.93,.,.
2251,112,that,4,1.54,.,.
2252,112,he,2,3.93,.,.
2253,112,have,3,2.18,0.757,0.389
2254,112,insult,8,2.79,0.085,0.831
2255,112,the,3,1.43,.,.
2256,112,girl,4,4.85,.,.
2257,112,by,2,1.55,.,.
2258,112,his,3,3.14,.,.
2259,112,declaration,11,2.52,0.551,0.59
2260,112,that,4,1.54,.,.
2261,112,she,3,3.36,.,.
2262,112,would,5,1.12,0.493,0.412
2263,112,not,3,2.08,.,.
2264,112,come,4,2.72,0.529,0.269
2265,112,to,2,1.55,.,.
2266,112,he,3,3.93,.,.
2267,112,again,5,2.0,.,.
2268,113,he,2,3.93,.,.
2269,113,resolve,8,1.96,0.71,0.472
2270,113,to,2,1.55,.,.
2271,113,find,4,2.63,0.774,0.555
2272,113,out,3,2.73,.,.
2273,113,her,3,3.0,.,.
2274,113,address,7,3.89,0.65,0.327
2275,113,from,4,1.84,.,.
2276,113,the,3,1.43,.,.
2277,113,address,7,3.89,0.65,0.327
2278,113,bureau,6,4.04,0.562,0.373
2279,113,in,2,3.0,.,.
2280,113,the,3,1.43,.,.
2281,113,morning,7,3.44,0.688,0.235
2282,113,and,3,1.52,.,.
2283,113,to,2,1.55,.,.
2284,113,write,5,4.22,0.612,0.387
2285,113,she,3,3.36,.,.
2286,113,a,1,1.46,.,.
2287,113,letter,6,4.7,0.635,0.279
2288,113,of,2,1.67,.,.
2289,113,apology,7,2.86,0.571,0.346
2290,114,but,3,2.04,.,.
2291,114,Alice,5,.,.,.
2292,114,come,4,2.72,0.529,0.269
2293,114,without,7,2.15,.,.
2294,114,a,1,1.46,.,.
2295,114,letter,6,4.7,0.635,0.279
2296,115,for,3,1.63,.,.
2297,115,the,3,1.43,.,.
2298,115,first,5,2.76,0.625,0.5
2299,115,minute,6,3.04,0.582,0.279
2300,115,she,3,3.36,.,.
2301,115,feel,4,2.28,0.802,0.602
2302,115,uncomfortable,13,2.07,0.188,0.61
2303,115,then,4,1.44,.,.
2304,115,she,3,3.36,.,.
2305,115,open,6,3.21,0.62,0.48
2306,115,a,1,1.46,.,.
2307,115,book,4,4.9,0.802,0.21
2308,115,and,3,1.52,.,.
2309,115,begin,5,2.56,0.677,0.569
2310,115,briskly,7,2.83,.,.
2311,115,and,3,1.52,.,.
2312,115,rapidly,7,2.5,.,.
2313,115,translate,11,2.69,0.604,0.423
2314,115,as,2,1.33,.,.
2315,115,usual,5,1.9,0.625,0.221
2316,115,oh,2,1.48,.,.
2317,115,young,5,3.16,.,.
2318,115,gentleman,9,3.57,0.823,0.439
2319,115,do,2,2.46,0.67,0.548
2320,115,not,3,2.08,.,.
2321,115,tear,4,4.56,0.404,0.62
2322,115,those,5,2.32,.,.
2323,115,flower,7,5.0,0.802,0.189
2324,115,in,2,3.0,.,.
2325,115,my,2,2.42,.,.
2326,115,garden,6,4.73,0.77,0.23
2327,115,which,5,1.54,.,.
2328,115,I,1,3.93,.,.
2329,115,want,4,1.93,0.671,0.642
2330,115,to,2,1.55,.,.
2331,115,be,2,1.85,0.67,0.24
2332,115,give,6,2.83,0.75,0.346
2333,115,to,2,1.55,.,.
2334,115,my,2,2.42,.,.
2335,115,ill,3,3.21,0.073,0.41
2336,115,daughter,8,4.79,0.908,0.415
2337,116,she,3,3.36,.,.
2338,116,still,5,3.46,.,.
2339,116,come,5,2.72,0.529,0.269
2340,116,to,2,1.55,.,.
2341,116,this,4,2.14,.,.
2342,116,day,3,3.92,0.719,0.269
2343,117,four,4,3.37,0.552,0.28
2344,117,book,5,4.9,0.802,0.21
2345,117,have,4,2.18,0.757,0.389
2346,117,already,7,1.64,.,.
2347,117,be,4,1.85,0.67,0.24
2348,117,translate,10,2.69,0.604,0.423
2349,117,but,3,2.04,.,.
2350,117,vorotov,7,.,.,.
2351,117,know,5,1.68,0.765,0.361
2352,117,no,2,2.45,.,.
2353,117,French,6,.,.,.
2354,117,but,3,2.04,.,.
2355,117,the,3,1.43,.,.
2356,117,word,4,3.56,0.552,0.255
2357,117,Mémoires,8,.,.,.
2358,117,and,3,1.52,.,.
2359,117,when,4,1.6,.,.
2360,117,he,2,3.93,.,.
2361,117,be,2,1.85,0.67,0.24
2362,117,ask,5,2.52,0.531,0.44
2363,117,about,5,1.77,.,.
2364,117,his,3,3.14,.,.
2365,117,literary,8,2.32,0.719,0.324
2366,117,research,10,3.03,0.633,0.663
2367,117,he,2,3.93,.,.
2368,117,wave,5,4.55,0.622,0.491
2369,117,his,3,3.14,.,.
2370,117,hand,4,4.72,0.542,0.314
2371,117,and,3,1.52,.,.
2372,117,without,7,2.15,.,.
2373,117,answer,9,2.89,0.537,0.373
2374,117,turn,5,3.44,0.531,0.398
2375,117,the,3,1.43,.,.
2376,117,conversation,12,3.28,0.75,0.51
2377,117,to,2,1.55,.,.
2378,117,the,3,1.43,.,.
2379,117,weather,7,3.83,0.755,0.404
