,sentence,word,word_length,concreteness
0,0,at,2,2.07
1,0,half,4,3.27
2,0,past,4,1.7
3,0,eight,5,4.04
4,0,they,4,2.93
5,0,drive,5,3.86
6,0,out,3,2.73
7,0,of,2,1.67
8,0,the,3,1.43
9,0,town,4,4.64
10,1,the,3,1.43
11,1,highroad,8,2.59
12,1,be,3,1.85
13,1,dry,3,3.77
14,1,a,1,1.46
15,1,lovely,6,2.29
16,1,April,5,.
17,1,sun,3,4.83
18,1,be,3,1.85
19,1,shine,7,3.85
20,1,warmly,6,2.13
21,1,but,3,2.04
22,1,the,3,1.43
23,1,snow,4,4.85
24,1,be,3,1.85
25,1,still,5,3.46
26,1,lie,5,3.11
27,1,in,2,3.0
28,1,the,3,1.43
29,1,ditch,7,4.5
30,1,and,3,1.52
31,1,in,2,3.0
32,1,the,3,1.43
33,1,wood,5,4.85
34,2,winter,6,3.84
35,2,dark,4,4.29
36,2,long,4,3.18
37,2,and,3,1.52
38,2,spiteful,8,2.34
39,2,be,3,1.85
40,2,hardly,6,1.62
41,2,over,4,2.46
42,2,spring,6,3.89
43,2,have,3,2.18
44,2,come,4,2.72
45,2,all,3,2.27
46,2,of,2,1.67
47,2,a,1,1.46
48,2,sudden,6,2.07
49,3,but,3,2.04
50,3,neither,7,1.64
51,3,the,3,1.43
52,3,warmth,6,3.39
53,3,nor,3,1.8
54,3,the,3,1.43
55,3,languid,7,.
56,3,transparent,11,3.18
57,3,wood,5,4.85
58,3,warm,6,3.56
59,3,by,2,1.55
60,3,the,3,1.43
61,3,breath,6,4.36
62,3,of,2,1.67
63,3,spring,6,3.89
64,3,nor,3,1.8
65,3,the,3,1.43
66,3,black,5,3.76
67,3,flock,6,4.67
68,3,of,2,1.67
69,3,bird,5,5.0
70,3,fly,6,4.64
71,3,over,4,2.46
72,3,the,3,1.43
73,3,huge,4,3.54
74,3,puddle,7,4.67
75,3,that,4,1.54
76,3,be,4,1.85
77,3,like,4,1.89
78,3,lake,5,4.88
79,3,nor,3,1.8
80,3,the,3,1.43
81,3,marvelous,9,2.04
82,3,fathomless,10,2.12
83,3,sky,3,4.45
84,3,into,4,2.3
85,3,which,5,1.54
86,3,it,2,2.81
87,3,seem,6,1.75
88,3,one,3,3.97
89,3,would,5,1.12
90,3,have,4,2.18
91,3,go,4,3.15
92,3,away,4,2.23
93,3,so,2,1.42
94,3,joyfully,8,2.19
95,3,present,9,3.39
96,3,anything,8,1.38
97,3,new,3,2.81
98,3,or,2,1.72
99,3,interesting,11,1.6
100,3,to,2,1.55
101,3,Marya,5,.
102,3,Vassilyevna,11,.
103,3,who,3,1.74
104,3,be,3,1.85
105,3,sit,7,4.8
106,3,in,2,3.0
107,3,the,3,1.43
108,3,cart,4,4.89
109,4,for,3,1.63
110,4,thirteen,8,3.69
111,4,year,5,3.25
112,4,she,3,3.36
113,4,have,3,2.18
114,4,be,4,1.85
115,4,schoolmistress,14,4.19
116,4,and,3,1.52
117,4,there,5,2.2
118,4,be,3,1.85
119,4,no,2,2.45
120,4,reckon,9,1.74
121,4,how,3,1.35
122,4,many,4,2.37
123,4,time,5,3.07
124,4,during,6,1.48
125,4,all,3,2.27
126,4,those,5,2.32
127,4,year,5,3.25
128,4,she,3,3.36
129,4,have,3,2.18
130,4,be,4,1.85
131,4,to,2,1.55
132,4,the,3,1.43
133,4,town,4,4.64
134,4,for,3,1.63
135,4,her,3,3.0
136,4,salary,6,3.69
137,4,and,3,1.52
138,4,whether,7,1.59
139,4,it,2,2.81
140,4,be,4,1.85
141,4,spring,6,3.89
142,4,as,2,1.33
143,4,now,3,1.48
144,4,or,2,1.72
145,4,a,1,1.46
146,4,rainy,5,4.32
147,4,autumn,6,3.27
148,4,evening,7,3.26
149,4,or,2,1.72
150,4,winter,6,3.84
151,4,it,2,2.81
152,4,be,3,1.85
153,4,all,3,2.27
154,4,the,3,1.43
155,4,same,4,2.64
156,4,to,2,1.55
157,4,she,3,3.36
158,4,and,3,1.52
159,4,she,3,3.36
160,4,always,6,1.71
161,4,invariably,10,1.92
162,4,long,6,3.18
163,4,for,3,1.63
164,4,one,3,3.97
165,4,thing,5,3.17
166,4,only,4,2.41
167,4,to,2,1.55
168,4,get,3,2.38
169,4,to,2,1.55
170,4,the,3,1.43
171,4,end,3,3.14
172,4,of,2,1.67
173,4,her,3,3.0
174,4,journey,7,2.57
175,4,as,2,1.33
176,4,quickly,7,2.36
177,4,as,2,1.33
178,4,could,5,1.34
179,4,be,2,1.85
180,5,she,3,3.36
181,5,feel,4,2.28
182,5,as,2,1.33
183,5,though,6,1.2
184,5,she,3,3.36
185,5,have,3,2.18
186,5,be,4,1.85
187,5,live,6,3.57
188,5,in,2,3.0
189,5,that,4,1.54
190,5,part,4,3.29
191,5,of,2,1.67
192,5,the,3,1.43
193,5,country,7,4.17
194,5,for,3,1.63
195,5,age,4,2.86
196,5,and,3,1.52
197,5,age,4,2.86
198,5,for,3,1.63
199,5,a,1,1.46
200,5,hundred,7,3.2
201,5,year,5,3.25
202,5,and,3,1.52
203,5,it,2,2.81
204,5,seem,6,1.75
205,5,to,2,1.55
206,5,she,3,3.36
207,5,that,4,1.54
208,5,she,3,3.36
209,5,know,4,1.68
210,5,every,5,2.28
211,5,stone,5,4.72
212,5,every,5,2.28
213,5,tree,4,5.0
214,5,on,2,3.25
215,5,the,3,1.43
216,5,road,4,4.75
217,5,from,4,1.84
218,5,the,3,1.43
219,5,town,4,4.64
220,5,to,2,1.55
221,5,her,3,3.0
222,5,school,6,4.79
223,6,her,3,3.0
224,6,past,4,1.7
225,6,be,3,1.85
226,6,here,4,3.13
227,6,her,3,3.0
228,6,present,7,3.39
229,6,be,3,1.85
230,6,here,4,3.13
231,6,and,3,1.52
232,6,she,3,3.36
233,6,could,5,1.34
234,6,imagine,7,1.53
235,6,no,2,2.45
236,6,other,5,2.04
237,6,future,6,1.86
238,6,than,4,1.69
239,6,the,3,1.43
240,6,school,6,4.79
241,6,the,3,1.43
242,6,road,4,4.75
243,6,to,2,1.55
244,6,the,3,1.43
245,6,town,4,4.64
246,6,and,3,1.52
247,6,back,4,4.33
248,6,again,5,2.0
249,6,and,3,1.52
250,6,again,5,2.0
251,6,the,3,1.43
252,6,school,6,4.79
253,6,and,3,1.52
254,6,again,5,2.0
255,6,the,3,1.43
256,6,road,4,4.75
257,7,she,3,3.36
258,7,have,3,2.18
259,7,get,3,2.38
260,7,out,3,2.73
261,7,of,2,1.67
262,7,the,3,1.43
263,7,habit,5,2.76
264,7,of,2,1.67
265,7,thinking,8,1.96
266,7,of,2,1.67
267,7,her,3,3.0
268,7,past,4,1.7
269,7,before,6,1.96
270,7,she,3,3.36
271,7,become,6,1.54
272,7,a,1,1.46
273,7,schoolmistress,14,4.19
274,7,and,3,1.52
275,7,have,3,2.18
276,7,almost,6,1.66
277,7,forget,9,2.04
278,7,it,2,2.81
279,8,she,3,3.36
280,8,have,3,2.18
281,8,once,4,2.74
282,8,have,3,2.18
283,8,a,1,1.46
284,8,father,6,4.52
285,8,and,3,1.52
286,8,mother,6,4.6
287,8,they,4,2.93
288,8,have,3,2.18
289,8,live,5,3.57
290,8,in,2,3.0
291,8,Moscow,6,.
292,8,in,2,3.0
293,8,a,1,1.46
294,8,big,3,3.66
295,8,flat,4,4.07
296,8,near,4,2.79
297,8,the,3,1.43
298,8,Red,3,.
299,8,Gate,4,.
300,8,but,3,2.04
301,8,of,2,1.67
302,8,all,3,2.27
303,8,that,4,1.54
304,8,life,4,2.69
305,8,there,5,2.2
306,8,be,3,1.85
307,8,leave,4,2.53
308,8,in,2,3.0
309,8,her,3,3.0
310,8,memory,6,2.38
311,8,only,4,2.41
312,8,something,9,1.82
313,8,vague,5,1.55
314,8,and,3,1.52
315,8,fluid,5,4.73
316,8,like,4,1.89
317,8,a,1,1.46
318,8,dream,5,2.6
319,9,her,3,3.0
320,9,father,6,4.52
321,9,have,3,2.18
322,9,die,4,3.07
323,9,when,4,1.6
324,9,she,3,3.36
325,9,be,3,1.85
326,9,ten,3,3.39
327,9,year,5,3.25
328,9,old,3,2.72
329,9,and,3,1.52
330,9,her,3,3.0
331,9,mother,6,4.6
332,9,have,3,2.18
333,9,die,4,3.07
334,9,soon,4,1.79
335,9,after,5,2.12
336,10,she,3,3.36
337,10,have,3,2.18
338,10,a,1,1.46
339,10,brother,7,4.43
340,10,an,2,1.46
341,10,officer,7,4.8
342,10,at,2,2.07
343,10,first,5,2.76
344,10,they,4,2.93
345,10,use,4,2.78
346,10,to,2,1.55
347,10,write,5,4.22
348,10,to,2,1.55
349,10,each,4,2.03
350,10,other,5,2.04
351,10,then,4,1.44
352,10,her,3,3.0
353,10,brother,7,4.43
354,10,have,3,2.18
355,10,give,5,2.83
356,10,up,2,3.83
357,10,answer,9,2.89
358,10,her,3,3.0
359,10,letter,7,4.7
360,10,he,2,3.93
361,10,have,3,2.18
362,10,get,3,2.38
363,10,out,3,2.73
364,10,of,2,1.67
365,10,the,3,1.43
366,10,way,3,2.34
367,10,of,2,1.67
368,10,writing,7,3.7
369,11,of,2,1.67
370,11,her,3,3.0
371,11,old,3,2.72
372,11,belonging,10,1.92
373,11,all,3,2.27
374,11,that,4,1.54
375,11,be,3,1.85
376,11,leave,4,2.53
377,11,be,3,1.85
378,11,a,1,1.46
379,11,photograph,10,4.89
380,11,of,2,1.67
381,11,her,3,3.0
382,11,mother,6,4.6
383,11,but,3,2.04
384,11,it,2,2.81
385,11,have,3,2.18
386,11,grow,5,3.03
387,11,dim,3,3.31
388,11,from,4,1.84
389,11,the,3,1.43
390,11,dampness,8,4.15
391,11,of,2,1.67
392,11,the,3,1.43
393,11,school,6,4.79
394,11,and,3,1.52
395,11,now,3,1.48
396,11,nothing,7,2.21
397,11,could,5,1.34
398,11,be,2,1.85
399,11,see,4,3.21
400,11,but,3,2.04
401,11,the,3,1.43
402,11,hair,4,4.97
403,11,and,3,1.52
404,11,the,3,1.43
405,11,eyebrow,8,4.85
406,12,when,4,1.6
407,12,they,4,2.93
408,12,have,3,2.18
409,12,drive,6,3.86
410,12,a,1,1.46
411,12,couple,6,3.93
412,12,of,2,1.67
413,12,mile,5,3.63
414,12,old,3,2.72
415,12,Semyon,6,.
416,12,who,3,1.74
417,12,be,3,1.85
418,12,drive,7,3.86
419,12,turn,6,3.44
420,12,round,5,3.9
421,12,and,3,1.52
422,12,say,4,2.58
423,17,and,3,1.52
424,17,again,5,2.0
425,17,they,4,2.93
426,17,be,4,1.85
427,17,silent,6,3.67
428,17,for,3,1.63
429,17,a,1,1.46
430,17,long,4,3.18
431,17,time,4,3.07
432,18,Marya,5,.
433,18,Vassilyevna,11,.
434,18,think,7,2.41
435,18,of,2,1.67
436,18,her,3,3.0
437,18,school,6,4.79
438,18,of,2,1.67
439,18,the,3,1.43
440,18,examination,11,3.93
441,18,that,4,1.54
442,18,be,3,1.85
443,18,come,6,2.72
444,18,soon,4,1.79
445,18,and,3,1.52
446,18,of,2,1.67
447,18,the,3,1.43
448,18,girl,4,4.85
449,18,and,3,1.52
450,18,four,4,3.37
451,18,boy,4,4.76
452,18,she,3,3.36
453,18,be,3,1.85
454,18,send,7,2.7
455,18,up,2,3.83
456,18,for,3,1.63
457,18,it,2,2.81
458,19,and,3,1.52
459,19,just,4,1.52
460,19,as,2,1.33
461,19,she,3,3.36
462,19,be,3,1.85
463,19,think,8,2.41
464,19,about,5,1.77
465,19,the,3,1.43
466,19,examination,11,3.93
467,19,she,3,3.36
468,19,be,3,1.85
469,19,overtake,9,2.63
470,19,by,2,1.55
471,19,a,1,1.46
472,19,neighboring,11,3.04
473,19,landowner,9,4.29
474,19,call,6,4.0
475,19,Hanov,5,.
476,19,in,2,3.0
477,19,a,1,1.46
478,19,carriage,8,4.86
479,19,with,4,2.0
480,19,four,4,3.37
481,19,horse,6,5.0
482,19,the,3,1.43
483,19,very,4,1.43
484,19,man,3,4.79
485,19,who,3,1.74
486,19,have,3,2.18
487,19,be,4,1.85
488,19,examiner,8,3.57
489,19,in,2,3.0
490,19,her,3,3.0
491,19,school,6,4.79
492,19,the,3,1.43
493,19,year,4,3.25
494,19,before,6,1.96
495,20,when,4,1.6
496,20,he,2,3.93
497,20,come,4,2.72
498,20,up,2,3.83
499,20,to,2,1.55
500,20,she,3,3.36
501,20,he,2,3.93
502,20,recognize,10,2.07
503,20,she,3,3.36
504,20,and,3,1.52
505,20,bow,5,4.61
506,21,he,2,3.93
507,21,say,4,2.58
508,21,to,2,1.55
509,21,she,3,3.36
510,23,this,4,2.14
511,23,Hanov,5,.
512,23,a,1,1.46
513,23,man,3,4.79
514,23,of,2,1.67
515,23,forty,5,4.14
516,23,with,4,2.0
517,23,a,1,1.46
518,23,listless,8,2.07
519,23,expression,10,2.54
520,23,and,3,1.52
521,23,a,1,1.46
522,23,face,4,4.87
523,23,that,4,1.54
524,23,show,6,3.97
525,23,sign,5,4.62
526,23,of,2,1.67
527,23,wear,4,3.61
528,23,be,3,1.85
529,23,begin,9,2.56
530,23,to,2,1.55
531,23,look,4,2.96
532,23,old,3,2.72
533,23,but,3,2.04
534,23,be,3,1.85
535,23,still,5,3.46
536,23,handsome,8,2.63
537,23,and,3,1.52
538,23,admire,7,2.04
539,23,by,2,1.55
540,23,woman,5,4.46
541,24,he,2,3.93
542,24,live,5,3.57
543,24,in,2,3.0
544,24,his,3,3.14
545,24,big,3,3.66
546,24,homestead,9,4.07
547,24,alone,5,2.86
548,24,and,3,1.52
549,24,be,3,1.85
550,24,not,3,2.08
551,24,in,2,3.0
552,24,the,3,1.43
553,24,service,7,2.21
554,24,and,3,1.52
555,24,people,6,4.82
556,24,use,4,2.78
557,24,to,2,1.55
558,24,say,3,2.58
559,24,of,2,1.67
560,24,he,3,3.93
561,24,that,4,1.54
562,24,he,2,3.93
563,24,do,3,2.46
564,24,nothing,7,2.21
565,24,at,2,2.07
566,24,home,4,4.11
567,24,but,3,2.04
568,24,walk,4,4.07
569,24,up,2,3.83
570,24,and,3,1.52
571,24,down,4,3.52
572,24,the,3,1.43
573,24,room,4,4.79
574,24,whistle,9,4.42
575,24,or,2,1.72
576,24,play,4,3.24
577,24,chess,5,4.7
578,24,with,4,2.0
579,24,his,3,3.14
580,24,old,3,2.72
581,24,footman,7,4.55
582,25,People,6,.
583,25,say,4,2.58
584,25,too,3,1.7
585,25,that,4,1.54
586,25,he,2,3.93
587,25,drink,5,4.76
588,25,heavily,7,3.15
589,26,and,3,1.52
590,26,indeed,6,1.72
591,26,at,2,2.07
592,26,the,3,1.43
593,26,examination,11,3.93
594,26,the,3,1.43
595,26,year,4,3.25
596,26,before,6,1.96
597,26,the,3,1.43
598,26,very,4,1.43
599,26,paper,6,4.93
600,26,he,2,3.93
601,26,bring,7,2.55
602,26,with,4,2.0
603,26,he,3,3.93
604,26,smelt,5,3.93
605,26,of,2,1.67
606,26,wine,4,4.79
607,26,and,3,1.52
608,26,scent,5,3.97
609,27,he,2,3.93
610,27,have,3,2.18
611,27,be,4,1.85
612,27,dress,7,4.93
613,27,all,3,2.27
614,27,in,2,3.0
615,27,new,3,2.81
616,27,clothe,7,3.5
617,27,on,2,3.25
618,27,that,4,1.54
619,27,occasion,8,2.52
620,27,and,3,1.52
621,27,Marya,5,.
622,27,Vassilyevna,11,.
623,27,think,7,2.41
624,27,he,3,3.93
625,27,very,4,1.43
626,27,attractive,10,2.64
627,27,and,3,1.52
628,27,all,3,2.27
629,27,the,3,1.43
630,27,while,5,1.55
631,27,she,3,3.36
632,27,sit,3,4.8
633,27,beside,6,2.59
634,27,he,3,3.93
635,27,she,3,3.36
636,27,have,3,2.18
637,27,feel,4,2.28
638,27,embarrassed,11,2.0
639,28,she,3,3.36
640,28,be,3,1.85
641,28,accustomed,10,2.07
642,28,to,2,1.55
643,28,see,3,3.21
644,28,frigid,6,3.28
645,28,and,3,1.52
646,28,sensible,8,1.52
647,28,examiner,9,3.57
648,28,at,2,2.07
649,28,the,3,1.43
650,28,school,6,4.79
651,28,while,5,1.55
652,28,this,4,2.14
653,28,one,3,3.97
654,28,do,3,2.46
655,28,not,3,2.08
656,28,remember,8,2.41
657,28,a,1,1.46
658,28,single,6,3.27
659,28,prayer,6,3.28
660,28,or,2,1.72
661,28,know,4,1.68
662,28,what,4,2.0
663,28,to,2,1.55
664,28,ask,3,2.52
665,28,question,9,3.36
666,28,about,5,1.77
667,28,and,3,1.52
668,28,be,3,1.85
669,28,exceedingly,11,1.91
670,28,courteous,9,1.97
671,28,and,3,1.52
672,28,delicate,8,2.3
673,28,give,6,2.83
674,28,nothing,7,2.21
675,28,but,3,2.04
676,28,the,3,1.43
677,28,high,7,3.46
678,28,mark,5,4.21
679,29,he,2,3.93
680,29,go,4,3.15
681,29,on,2,3.25
682,29,address,10,3.89
683,29,Marya,5,.
684,29,Vassilyevna,11,.
685,30,they,4,2.93
686,30,turn,6,3.44
687,30,off,3,2.79
688,30,the,3,1.43
689,30,highroad,8,2.59
690,30,into,4,2.3
691,30,a,1,1.46
692,30,by,2,1.55
693,30,road,4,4.75
694,30,to,2,1.55
695,30,the,3,1.43
696,30,village,7,4.89
697,30,Hanov,5,.
698,30,lead,7,4.1
699,30,the,3,1.43
700,30,way,3,2.34
701,30,and,3,1.52
702,30,Semyon,6,.
703,30,follow,9,3.26
704,31,the,3,1.43
705,31,four,4,3.37
706,31,horse,6,5.0
707,31,move,5,3.25
708,31,at,2,2.07
709,31,a,1,1.46
710,31,walk,7,4.07
711,31,pace,4,3.11
712,31,with,4,2.0
713,31,effort,6,2.33
714,31,drag,8,4.17
715,31,the,3,1.43
716,31,heavy,5,3.37
717,31,carriage,8,4.86
718,31,through,7,2.9
719,31,the,3,1.43
720,31,mud,3,4.86
721,32,Semyon,6,.
722,32,tack,6,4.5
723,32,from,4,1.84
724,32,side,4,3.68
725,32,to,2,1.55
726,32,side,4,3.68
727,32,keep,7,2.37
728,32,to,2,1.55
729,32,the,3,1.43
730,32,edge,4,4.24
731,32,of,2,1.67
732,32,the,3,1.43
733,32,road,4,4.75
734,32,at,2,2.07
735,32,one,3,3.97
736,32,time,4,3.07
737,32,through,7,2.9
738,32,a,1,1.46
739,32,snowdrift,9,4.78
740,32,at,2,2.07
741,32,another,7,2.69
742,32,through,7,2.9
743,32,a,1,1.46
744,32,pool,4,4.77
745,32,often,5,2.5
746,32,jump,7,4.52
747,32,out,3,2.73
748,32,of,2,1.67
749,32,the,3,1.43
750,32,cart,4,4.89
751,32,and,3,1.52
752,32,help,7,2.56
753,32,the,3,1.43
754,32,horse,5,5.0
755,33,Marya,5,.
756,33,Vassilyevna,11,.
757,33,be,3,1.85
758,33,still,5,3.46
759,33,think,8,2.41
760,33,about,5,1.77
761,33,the,3,1.43
762,33,school,6,4.79
763,33,wonder,9,1.8
764,33,whether,7,1.59
765,33,the,3,1.43
766,33,arithmetic,10,2.74
767,33,question,9,3.36
768,33,at,2,2.07
769,33,the,3,1.43
770,33,examination,11,3.93
771,33,would,5,1.12
772,33,be,2,1.85
773,33,difficult,9,2.21
774,33,or,2,1.72
775,33,easy,4,2.07
776,34,and,3,1.52
777,34,she,3,3.36
778,34,feel,4,2.28
779,34,annoyed,7,2.89
780,34,with,4,2.0
781,34,the,3,1.43
782,34,Zemstvo,7,.
783,34,board,5,4.57
784,34,at,2,2.07
785,34,which,5,1.54
786,34,she,3,3.36
787,34,have,3,2.18
788,34,find,5,2.63
789,34,no,2,2.45
790,34,one,3,3.97
791,34,the,3,1.43
792,34,day,3,3.92
793,34,before,6,1.96
794,35,how,3,1.35
795,35,unbusiness,10,.
796,35,like,4,1.89
797,36,here,4,3.13
798,36,she,3,3.36
799,36,have,3,2.18
800,36,be,4,1.85
801,36,ask,6,2.52
802,36,they,4,2.93
803,36,for,3,1.63
804,36,the,3,1.43
805,36,last,4,3.04
806,36,two,3,4.18
807,36,year,5,3.25
808,36,to,2,1.55
809,36,dismiss,7,2.39
810,36,the,3,1.43
811,36,watchman,8,4.68
812,36,who,3,1.74
813,36,do,3,2.46
814,36,nothing,7,2.21
815,36,be,3,1.85
816,36,rude,4,2.52
817,36,to,2,1.55
818,36,she,3,3.36
819,36,and,3,1.52
820,36,hit,3,4.11
821,36,the,3,1.43
822,36,schoolboy,10,4.5
823,36,but,3,2.04
824,36,no,2,2.45
825,36,one,3,3.97
826,36,pay,4,3.54
827,36,any,3,1.72
828,36,attention,9,2.3
829,37,it,2,2.81
830,37,be,3,1.85
831,37,hard,4,3.76
832,37,to,2,1.55
833,37,find,4,2.63
834,37,the,3,1.43
835,37,president,9,4.4
836,37,at,2,2.07
837,37,the,3,1.43
838,37,office,6,4.93
839,37,and,3,1.52
840,37,when,4,1.6
841,37,one,3,3.97
842,37,do,3,2.46
843,37,find,4,2.63
844,37,he,3,3.93
845,37,he,2,3.93
846,37,would,5,1.12
847,37,say,3,2.58
848,37,with,4,2.0
849,37,tear,5,4.56
850,37,in,2,3.0
851,37,his,3,3.14
852,37,eye,4,4.9
853,37,that,4,1.54
854,37,he,2,3.93
855,37,have,3,2.18
856,37,not,3,2.08
857,37,a,1,1.46
858,37,moment,6,1.61
859,37,to,2,1.55
860,37,spare,5,3.48
861,37,the,3,1.43
862,37,inspector,9,4.62
863,37,visit,7,3.92
864,37,the,3,1.43
865,37,school,6,4.79
866,37,at,2,2.07
867,37,most,4,2.38
868,37,once,4,2.74
869,37,in,2,3.0
870,37,three,5,3.62
871,37,year,5,3.25
872,37,and,3,1.52
873,37,know,4,1.68
874,37,nothing,7,2.21
875,37,whatever,8,1.46
876,37,about,5,1.77
877,37,his,3,3.14
878,37,work,4,3.48
879,37,as,2,1.33
880,37,he,2,3.93
881,37,have,3,2.18
882,37,be,4,1.85
883,37,in,2,3.0
884,37,the,3,1.43
885,37,Excise,6,.
886,37,Duties,6,.
887,37,Department,10,.
888,37,and,3,1.52
889,37,have,3,2.18
890,37,receive,8,2.69
891,37,the,3,1.43
892,37,post,4,4.3
893,37,of,2,1.67
894,37,school,6,4.79
895,37,inspector,9,4.62
896,37,through,7,2.9
897,37,influence,9,2.11
898,38,the,3,1.43
899,38,School,6,.
900,38,Council,7,.
901,38,meet,3,3.0
902,38,very,4,1.43
903,38,rarely,6,1.64
904,38,and,3,1.52
905,38,there,5,2.2
906,38,be,3,1.85
907,38,no,2,2.45
908,38,know,7,1.68
909,38,where,5,1.66
910,38,it,2,2.81
911,38,meet,3,3.0
912,38,the,3,1.43
913,38,school,6,4.79
914,38,guardian,8,3.28
915,38,be,3,1.85
916,38,an,2,1.46
917,38,almost,6,1.66
918,38,illiterate,10,2.92
919,38,peasant,7,3.96
920,38,the,3,1.43
921,38,head,4,4.75
922,38,of,2,1.67
923,38,a,1,1.46
924,38,tanning,7,3.15
925,38,business,8,3.28
926,38,unintelligent,13,1.64
927,38,rude,4,2.52
928,38,and,3,1.52
929,38,a,1,1.46
930,38,great,5,1.81
931,38,friend,6,3.07
932,38,of,2,1.67
933,38,the,3,1.43
934,38,watchman’s,10,.
935,38,and,3,1.52
936,38,goodness,8,1.38
937,38,know,5,1.68
938,38,to,2,1.55
939,38,whom,4,1.93
940,38,she,3,3.36
941,38,could,5,1.34
942,38,appeal,6,1.73
943,38,with,4,2.0
944,38,complaint,10,2.69
945,38,or,2,1.72
946,38,inquiry,9,2.7
947,39,she,3,3.36
948,39,think,7,2.41
949,39,glance,8,3.48
950,39,at,2,2.07
951,39,Hanov,5,.
952,40,the,3,1.43
953,40,road,4,4.75
954,40,grow,4,3.03
955,40,bad,5,1.68
956,40,and,3,1.52
957,40,bad,5,1.68
958,41,they,4,2.93
959,41,drive,5,3.86
960,41,into,4,2.3
961,41,the,3,1.43
962,41,wood,4,4.85
963,42,here,4,3.13
964,42,there,5,2.2
965,42,be,3,1.85
966,42,no,2,2.45
967,42,room,4,4.79
968,42,to,2,1.55
969,42,turn,4,3.44
970,42,round,5,3.9
971,42,the,3,1.43
972,42,wheel,6,4.86
973,42,sink,4,4.74
974,42,deeply,6,2.0
975,42,in,2,3.0
976,42,water,5,5.0
977,42,splash,8,4.19
978,42,and,3,1.52
979,42,gurgle,7,4.31
980,42,through,7,2.9
981,42,they,4,2.93
982,42,and,3,1.52
983,42,sharp,5,3.86
984,42,twig,5,4.75
985,42,strike,6,4.07
986,42,they,4,2.93
987,42,in,2,3.0
988,42,the,3,1.43
989,42,face,4,4.87
990,44,say,4,2.58
991,44,Hanov,5,.
992,44,and,3,1.52
993,44,he,2,3.93
994,44,laugh,7,4.21
995,45,the,3,1.43
996,45,schoolmistress,14,4.19
997,45,look,6,2.96
998,45,at,2,2.07
999,45,he,3,3.93
1000,45,and,3,1.52
1001,45,could,5,1.34
1002,45,not,3,2.08
1003,45,understand,10,2.28
1004,45,why,3,1.86
1005,45,this,4,2.14
1006,45,queer,5,2.04
1007,45,man,3,4.79
1008,45,live,5,3.57
1009,45,here,4,3.13
1010,46,what,4,2.0
1011,46,could,5,1.34
1012,46,his,3,3.14
1013,46,money,5,4.54
1014,46,his,3,3.14
1015,46,interesting,11,1.6
1016,46,appearance,10,2.57
1017,46,his,3,3.14
1018,46,refined,7,2.04
1019,46,bearing,7,2.82
1020,46,do,2,2.46
1021,46,for,3,1.63
1022,46,he,3,3.93
1023,46,here,4,3.13
1024,46,in,2,3.0
1025,46,this,4,2.14
1026,46,mud,3,4.86
1027,46,in,2,3.0
1028,46,this,4,2.14
1029,46,God,3,.
1030,46,forsake,8,1.96
1031,46,dreary,6,2.33
1032,46,place,5,3.48
1033,47,he,2,3.93
1034,47,get,3,2.38
1035,47,no,2,2.45
1036,47,special,7,1.76
1037,47,advantage,10,2.0
1038,47,out,3,2.73
1039,47,of,2,1.67
1040,47,life,4,2.69
1041,47,and,3,1.52
1042,47,here,4,3.13
1043,47,like,4,1.89
1044,47,Semyon,6,.
1045,47,be,3,1.85
1046,47,drive,7,3.86
1047,47,at,2,2.07
1048,47,a,1,1.46
1049,47,jog,3,3.63
1050,47,trot,4,4.11
1051,47,on,2,3.25
1052,47,an,2,1.46
1053,47,appalling,9,2.03
1054,47,road,4,4.75
1055,47,and,3,1.52
1056,47,endure,8,2.0
1057,47,the,3,1.43
1058,47,same,4,2.64
1059,47,discomfort,11,2.28
1060,48,why,3,1.86
1061,48,live,4,3.57
1062,48,here,4,3.13
1063,48,if,2,1.19
1064,48,one,3,3.97
1065,48,could,5,1.34
1066,48,live,4,3.57
1067,48,in,2,3.0
1068,48,Petersburg,10,.
1069,48,or,2,1.72
1070,48,abroad,6,2.72
1071,49,and,3,1.52
1072,49,one,3,3.97
1073,49,would,5,1.12
1074,49,have,4,2.18
1075,49,think,7,2.41
1076,49,it,2,2.81
1077,49,would,5,1.12
1078,49,be,2,1.85
1079,49,nothing,7,2.21
1080,49,for,3,1.63
1081,49,a,1,1.46
1082,49,rich,4,2.79
1083,49,man,3,4.79
1084,49,like,4,1.89
1085,49,he,3,3.93
1086,49,to,2,1.55
1087,49,make,4,2.67
1088,49,a,1,1.46
1089,49,good,4,1.64
1090,49,road,4,4.75
1091,49,instead,7,1.48
1092,49,of,2,1.67
1093,49,this,4,2.14
1094,49,bad,3,1.68
1095,49,one,3,3.97
1096,49,to,2,1.55
1097,49,avoid,5,2.41
1098,49,endure,8,2.0
1099,49,this,4,2.14
1100,49,misery,6,2.04
1101,49,and,3,1.52
1102,49,see,6,3.21
1103,49,the,3,1.43
1104,49,despair,7,2.21
1105,49,on,2,3.25
1106,49,the,3,1.43
1107,49,face,5,4.87
1108,49,of,2,1.67
1109,49,his,3,3.14
1110,49,coachman,8,4.12
1111,49,and,3,1.52
1112,49,Semyon,6,.
1113,49,but,3,2.04
1114,49,he,2,3.93
1115,49,only,4,2.41
1116,49,laugh,7,4.21
1117,49,and,3,1.52
1118,49,apparently,10,1.75
1119,49,do,3,2.46
1120,49,not,3,2.08
1121,49,mind,4,2.5
1122,49,and,3,1.52
1123,49,want,6,1.93
1124,49,no,2,2.45
1125,49,well,6,3.33
1126,49,life,4,2.69
1127,50,he,2,3.93
1128,50,be,3,1.85
1129,50,kind,4,2.07
1130,50,soft,4,3.88
1131,50,naive,5,1.85
1132,50,and,3,1.52
1133,50,he,2,3.93
1134,50,do,3,2.46
1135,50,not,3,2.08
1136,50,understand,10,2.28
1137,50,this,4,2.14
1138,50,coarse,6,3.25
1139,50,life,4,2.69
1140,50,just,4,1.52
1141,50,as,2,1.33
1142,50,at,2,2.07
1143,50,the,3,1.43
1144,50,examination,11,3.93
1145,50,he,2,3.93
1146,50,do,3,2.46
1147,50,not,3,2.08
1148,50,know,4,1.68
1149,50,the,3,1.43
1150,50,prayer,7,3.28
1151,51,he,2,3.93
1152,51,subscribe,10,2.21
1153,51,nothing,7,2.21
1154,51,to,2,1.55
1155,51,the,3,1.43
1156,51,school,7,4.79
1157,51,but,3,2.04
1158,51,globe,6,4.59
1159,51,and,3,1.52
1160,51,genuinely,9,1.79
1161,51,regard,8,1.79
1162,51,himself,7,3.5
1163,51,as,2,1.33
1164,51,a,1,1.46
1165,51,useful,6,2.14
1166,51,person,6,4.72
1167,51,and,3,1.52
1168,51,a,1,1.46
1169,51,prominent,9,1.87
1170,51,worker,6,4.59
1171,51,in,2,3.0
1172,51,the,3,1.43
1173,51,cause,5,2.43
1174,51,of,2,1.67
1175,51,popular,7,2.16
1176,51,education,9,2.93
1177,52,and,3,1.52
1178,52,what,4,2.0
1179,52,use,3,2.78
1180,52,be,4,1.85
1181,52,his,3,3.14
1182,52,globe,6,4.59
1183,52,here,4,3.13
1184,54,say,4,2.58
1185,54,Semyon,6,.
1186,55,the,3,1.43
1187,55,cart,4,4.89
1188,55,lurch,7,3.41
1189,55,violently,9,1.9
1190,55,and,3,1.52
1191,55,be,3,1.85
1192,55,on,2,3.25
1193,55,the,3,1.43
1194,55,point,5,3.39
1195,55,of,2,1.67
1196,55,upsetting,9,1.86
1197,55,something,9,1.82
1198,55,heavy,5,3.37
1199,55,roll,6,4.16
1200,55,on,2,3.25
1201,55,to,2,1.55
1202,55,Marya,5,.
1203,55,Vassilyevna,11,.
1204,55,’s,2,.
1205,55,foot,4,4.9
1206,55,it,2,2.81
1207,55,be,3,1.85
1208,55,her,3,3.0
1209,55,parcel,6,4.81
1210,55,of,2,1.67
1211,55,purchase,9,2.96
1212,56,there,5,2.2
1213,56,be,3,1.85
1214,56,a,1,1.46
1215,56,steep,5,3.76
1216,56,ascent,6,2.61
1217,56,uphill,6,3.6
1218,56,through,7,2.9
1219,56,the,3,1.43
1220,56,clay,4,4.93
1221,56,here,4,3.13
1222,56,in,2,3.0
1223,56,the,3,1.43
1224,56,winding,7,3.63
1225,56,ditch,7,4.5
1226,56,rivulet,8,.
1227,56,be,4,1.85
1228,56,gurgle,8,4.31
1229,57,the,3,1.43
1230,57,water,5,5.0
1231,57,seem,6,1.75
1232,57,to,2,1.55
1233,57,have,4,2.18
1234,57,gnaw,6,3.86
1235,57,away,4,2.23
1236,57,the,3,1.43
1237,57,road,4,4.75
1238,57,and,3,1.52
1239,57,how,3,1.35
1240,57,could,5,1.34
1241,57,one,3,3.97
1242,57,get,3,2.38
1243,57,along,5,2.14
1244,57,here,4,3.13
1245,58,the,3,1.43
1246,58,horse,6,5.0
1247,58,breathe,8,4.07
1248,58,hard,4,3.76
1249,59,Hanov,5,.
1250,59,get,3,2.38
1251,59,out,3,2.73
1252,59,of,2,1.67
1253,59,his,3,3.14
1254,59,carriage,8,4.86
1255,59,and,3,1.52
1256,59,walk,6,4.07
1257,59,at,2,2.07
1258,59,the,3,1.43
1259,59,side,4,3.68
1260,59,of,2,1.67
1261,59,the,3,1.43
1262,59,road,4,4.75
1263,59,in,2,3.0
1264,59,his,3,3.14
1265,59,long,4,3.18
1266,59,overcoat,8,4.5
1267,60,he,2,3.93
1268,60,be,3,1.85
1269,60,hot,3,4.31
1270,62,he,2,3.93
1271,62,say,4,2.58
1272,62,and,3,1.52
1273,62,laugh,7,4.21
1274,62,again,5,2.0
1275,64,say,4,2.58
1276,64,Semyon,6,.
1277,64,surlily,7,.
1278,68,beside,6,2.59
1279,68,old,3,2.72
1280,68,Semyon,6,.
1281,68,he,2,3.93
1282,68,look,6,2.96
1283,68,graceful,8,2.37
1284,68,and,3,1.52
1285,68,vigorous,8,2.26
1286,68,but,3,2.04
1287,68,yet,3,1.39
1288,68,in,2,3.0
1289,68,his,3,3.14
1290,68,walk,4,4.07
1291,68,there,5,2.2
1292,68,be,3,1.85
1293,68,something,9,1.82
1294,68,just,4,1.52
1295,68,perceptible,11,2.05
1296,68,which,5,1.54
1297,68,betray,8,2.17
1298,68,in,2,3.0
1299,68,he,3,3.93
1300,68,a,1,1.46
1301,68,be,5,1.85
1302,68,already,7,1.64
1303,68,touch,7,3.86
1304,68,by,2,1.55
1305,68,decay,5,3.89
1306,68,weak,4,2.79
1307,68,and,3,1.52
1308,68,on,2,3.25
1309,68,the,3,1.43
1310,68,road,4,4.75
1311,68,to,2,1.55
1312,68,ruin,4,2.59
1313,69,and,3,1.52
1314,69,all,3,2.27
1315,69,at,2,2.07
1316,69,once,4,2.74
1317,69,there,5,2.2
1318,69,be,3,1.85
1319,69,a,1,1.46
1320,69,whiff,5,2.77
1321,69,of,2,1.67
1322,69,spirit,7,1.6
1323,69,in,2,3.0
1324,69,the,3,1.43
1325,69,wood,4,4.85
1326,70,Marya,5,.
1327,70,Vassilyevna,11,.
1328,70,be,3,1.85
1329,70,fill,6,3.32
1330,70,with,4,2.0
1331,70,dread,5,1.86
1332,70,and,3,1.52
1333,70,pity,4,1.87
1334,70,for,3,1.63
1335,70,this,4,2.14
1336,70,man,3,4.79
1337,70,go,5,3.15
1338,70,to,2,1.55
1339,70,his,3,3.14
1340,70,ruin,4,2.59
1341,70,for,3,1.63
1342,70,no,2,2.45
1343,70,visible,7,3.08
1344,70,cause,5,2.43
1345,70,or,2,1.72
1346,70,reason,6,1.93
1347,70,and,3,1.52
1348,70,it,2,2.81
1349,70,come,4,2.72
1350,70,into,4,2.3
1351,70,her,3,3.0
1352,70,mind,4,2.5
1353,70,that,4,1.54
1354,70,if,2,1.19
1355,70,she,3,3.36
1356,70,have,3,2.18
1357,70,be,4,1.85
1358,70,his,3,3.14
1359,70,wife,4,4.13
1360,70,or,2,1.72
1361,70,sister,6,4.0
1362,70,she,3,3.36
1363,70,would,5,1.12
1364,70,have,4,2.18
1365,70,devote,7,2.0
1366,70,her,3,3.0
1367,70,whole,5,3.25
1368,70,life,4,2.69
1369,70,to,2,1.55
1370,70,save,6,2.42
1371,70,he,3,3.93
1372,70,from,4,1.84
1373,70,ruin,4,2.59
1374,71,his,3,3.14
1375,71,wife,4,4.13
1376,72,Life,4,.
1377,72,be,3,1.85
1378,72,so,2,1.42
1379,72,order,7,2.79
1380,72,that,4,1.54
1381,72,here,4,3.13
1382,72,he,2,3.93
1383,72,be,3,1.85
1384,72,live,6,3.57
1385,72,in,2,3.0
1386,72,his,3,3.14
1387,72,great,5,1.81
1388,72,house,5,5.0
1389,72,alone,5,2.86
1390,72,and,3,1.52
1391,72,she,3,3.36
1392,72,be,3,1.85
1393,72,live,6,3.57
1394,72,in,2,3.0
1395,72,a,1,1.46
1396,72,God,3,.
1397,72,forsake,8,1.96
1398,72,village,7,4.89
1399,72,alone,5,2.86
1400,72,and,3,1.52
1401,72,yet,3,1.39
1402,72,for,3,1.63
1403,72,some,4,2.48
1404,72,reason,6,1.93
1405,72,the,3,1.43
1406,72,mere,4,1.43
1407,72,thought,7,1.97
1408,72,that,4,1.54
1409,72,he,2,3.93
1410,72,and,3,1.52
1411,72,she,3,3.36
1412,72,might,5,2.32
1413,72,be,2,1.85
1414,72,close,5,3.2
1415,72,to,2,1.55
1416,72,one,3,3.97
1417,72,another,7,2.69
1418,72,and,3,1.52
1419,72,equal,6,2.56
1420,72,seem,6,1.75
1421,72,impossible,10,1.66
1422,72,and,3,1.52
1423,72,absurd,6,1.64
1424,73,in,2,3.0
1425,73,reality,7,1.72
1426,73,life,4,2.69
1427,73,be,3,1.85
1428,73,arrange,8,2.79
1429,73,and,3,1.52
1430,73,human,5,4.93
1431,73,relation,9,2.11
1432,73,be,4,1.85
1433,73,complicate,11,1.65
1434,73,so,2,1.42
1435,73,utterly,7,1.69
1436,73,you,6,4.11
1437,73,all,3,2.27
1438,73,understanding,13,1.92
1439,73,that,4,1.54
1440,73,when,4,1.6
1441,73,one,3,3.97
1442,73,think,7,2.41
1443,73,about,5,1.77
1444,73,it,2,2.81
1445,73,one,3,3.97
1446,73,feel,4,2.28
1447,73,uncanny,7,1.63
1448,73,and,3,1.52
1449,73,one,3,3.97
1450,73,’s,2,.
1451,73,heart,5,4.52
1452,73,sink,4,4.74
1453,74,she,3,3.36
1454,74,think,7,2.41
1455,75,say,4,2.58
1456,75,Hanov,5,.
1457,75,get,7,2.38
1458,75,into,4,2.3
1459,75,his,3,3.14
1460,75,carriage,8,4.86
1461,78,and,3,1.52
1462,78,again,5,2.0
1463,78,she,3,3.36
1464,78,think,7,2.41
1465,78,of,2,1.67
1466,78,her,3,3.0
1467,78,pupil,6,4.55
1468,78,of,2,1.67
1469,78,the,3,1.43
1470,78,examination,11,3.93
1471,78,of,2,1.67
1472,78,the,3,1.43
1473,78,watchman,8,4.68
1474,78,of,2,1.67
1475,78,the,3,1.43
1476,78,School,6,.
1477,78,Council,7,.
1478,78,and,3,1.52
1479,78,when,4,1.6
1480,78,the,3,1.43
1481,78,wind,4,3.93
1482,78,bring,7,2.55
1483,78,the,3,1.43
1484,78,sound,5,3.7
1485,78,of,2,1.67
1486,78,the,3,1.43
1487,78,retreating,10,2.15
1488,78,carriage,8,4.86
1489,78,these,5,2.03
1490,78,thought,8,1.97
1491,78,be,4,1.85
1492,78,mingle,7,3.17
1493,78,with,4,2.0
1494,78,other,6,2.04
1495,79,she,3,3.36
1496,79,long,6,3.18
1497,79,to,2,1.55
1498,79,think,5,2.41
1499,79,of,2,1.67
1500,79,beautiful,9,2.16
1501,79,eye,4,4.9
1502,79,of,2,1.67
1503,79,love,4,2.07
1504,79,of,2,1.67
1505,79,the,3,1.43
1506,79,happiness,9,2.6
1507,79,which,5,1.54
1508,79,would,5,1.12
1509,79,never,5,1.59
1510,79,be,2,1.85
1511,79,his,3,3.14
1512,79,wife,4,4.13
1513,80,it,2,2.81
1514,80,be,3,1.85
1515,80,cold,4,3.85
1516,80,in,2,3.0
1517,80,the,3,1.43
1518,80,morning,7,3.44
1519,80,there,5,2.2
1520,80,be,3,1.85
1521,80,no,2,2.45
1522,80,one,3,3.97
1523,80,to,2,1.55
1524,80,heat,4,3.79
1525,80,the,3,1.43
1526,80,stove,5,4.96
1527,80,the,3,1.43
1528,80,watchman,8,4.68
1529,80,disappear,11,2.86
1530,80,the,3,1.43
1531,80,child,8,4.78
1532,80,come,4,2.72
1533,80,in,2,3.0
1534,80,as,2,1.33
1535,80,soon,4,1.79
1536,80,as,2,1.33
1537,80,it,2,2.81
1538,80,be,3,1.85
1539,80,light,5,4.21
1540,80,bring,8,2.55
1541,80,in,2,3.0
1542,80,snow,4,4.85
1543,80,and,3,1.52
1544,80,mud,3,4.86
1545,80,and,3,1.52
1546,80,make,6,2.67
1547,80,a,1,1.46
1548,80,noise,5,3.52
1549,80,it,2,2.81
1550,80,be,3,1.85
1551,80,all,3,2.27
1552,80,so,2,1.42
1553,80,inconvenient,12,1.46
1554,80,so,2,1.42
1555,80,comfortless,11,1.31
1556,81,her,3,3.0
1557,81,abode,5,3.92
1558,81,consist,9,2.07
1559,81,of,2,1.67
1560,81,one,3,3.97
1561,81,little,6,3.67
1562,81,room,4,4.79
1563,81,and,3,1.52
1564,81,the,3,1.43
1565,81,kitchen,7,4.97
1566,81,close,5,3.2
1567,81,by,2,1.55
1568,82,her,3,3.0
1569,82,head,4,4.75
1570,82,ache,5,3.43
1571,82,every,5,2.28
1572,82,day,3,3.92
1573,82,after,5,2.12
1574,82,her,3,3.0
1575,82,work,4,3.48
1576,82,and,3,1.52
1577,82,after,5,2.12
1578,82,dinner,6,4.5
1579,82,she,3,3.36
1580,82,have,3,2.18
1581,82,heart,5,4.52
1582,82,burn,4,4.11
1583,83,she,3,3.36
1584,83,have,3,2.18
1585,83,to,2,1.55
1586,83,collect,7,3.34
1587,83,money,5,4.54
1588,83,from,4,1.84
1589,83,the,3,1.43
1590,83,school,6,4.79
1591,83,child,8,4.78
1592,83,for,3,1.63
1593,83,wood,4,4.85
1594,83,and,3,1.52
1595,83,for,3,1.63
1596,83,the,3,1.43
1597,83,watchman,8,4.68
1598,83,and,3,1.52
1599,83,to,2,1.55
1600,83,give,4,2.83
1601,83,it,2,2.81
1602,83,to,2,1.55
1603,83,the,3,1.43
1604,83,school,6,4.79
1605,83,guardian,8,3.28
1606,83,and,3,1.52
1607,83,then,4,1.44
1608,83,to,2,1.55
1609,83,entreat,7,.
1610,83,he,3,3.93
1611,83,that,4,1.54
1612,83,overfe,7,.
1613,83,insolent,8,1.73
1614,83,peasant,7,3.96
1615,83,for,3,1.63
1616,83,God,3,.
1617,83,’s,2,.
1618,83,sake,4,2.74
1619,83,to,2,1.55
1620,83,send,4,2.7
1621,83,her,3,3.0
1622,83,wood,4,4.85
1623,84,and,3,1.52
1624,84,at,2,2.07
1625,84,night,5,4.52
1626,84,she,3,3.36
1627,84,dream,7,2.6
1628,84,of,2,1.67
1629,84,examination,12,3.93
1630,84,peasant,8,3.96
1631,84,snowdrift,10,4.78
1632,85,and,3,1.52
1633,85,this,4,2.14
1634,85,life,4,2.69
1635,85,be,3,1.85
1636,85,make,6,2.67
1637,85,she,3,3.36
1638,85,grow,4,3.03
1639,85,old,3,2.72
1640,85,and,3,1.52
1641,85,coarse,6,3.25
1642,85,make,6,2.67
1643,85,her,3,3.0
1644,85,ugly,4,3.23
1645,85,angular,7,3.07
1646,85,and,3,1.52
1647,85,awkward,7,2.0
1648,85,as,2,1.33
1649,85,though,6,1.2
1650,85,she,3,3.36
1651,85,be,4,1.85
1652,85,make,4,2.67
1653,85,of,2,1.67
1654,85,lead,4,4.1
1655,86,she,3,3.36
1656,86,be,3,1.85
1657,86,always,6,1.71
1658,86,afraid,6,2.7
1659,86,and,3,1.52
1660,86,she,3,3.36
1661,86,would,5,1.12
1662,86,get,3,2.38
1663,86,up,2,3.83
1664,86,from,4,1.84
1665,86,her,3,3.0
1666,86,seat,4,4.78
1667,86,and,3,1.52
1668,86,not,3,2.08
1669,86,venture,7,2.6
1670,86,to,2,1.55
1671,86,sit,3,4.8
1672,86,down,4,3.52
1673,86,in,2,3.0
1674,86,the,3,1.43
1675,86,presence,8,2.72
1676,86,of,2,1.67
1677,86,a,1,1.46
1678,86,member,6,3.07
1679,86,of,2,1.67
1680,86,the,3,1.43
1681,86,Zemstvo,7,.
1682,86,or,2,1.72
1683,86,the,3,1.43
1684,86,school,6,4.79
1685,86,guardian,8,3.28
1686,87,and,3,1.52
1687,87,she,3,3.36
1688,87,use,4,2.78
1689,87,formal,6,2.7
1690,87,deferential,11,2.26
1691,87,expression,11,2.54
1692,87,when,4,1.6
1693,87,she,3,3.36
1694,87,speak,5,3.7
1695,87,of,2,1.67
1696,87,any,3,1.72
1697,87,one,3,3.97
1698,87,of,2,1.67
1699,87,they,4,2.93
1700,88,and,3,1.52
1701,88,no,2,2.45
1702,88,one,3,3.97
1703,88,think,7,2.41
1704,88,she,3,3.36
1705,88,attractive,10,2.64
1706,88,and,3,1.52
1707,88,life,4,2.69
1708,88,be,3,1.85
1709,88,pass,7,2.71
1710,88,drearily,8,1.79
1711,88,without,7,2.15
1712,88,affection,9,2.22
1713,88,without,7,2.15
1714,88,friendly,8,2.32
1715,88,sympathy,8,1.88
1716,88,without,7,2.15
1717,88,interesting,11,1.6
1718,88,acquaintance,13,3.41
1719,89,how,3,1.35
1720,89,awful,5,1.92
1721,89,it,2,2.81
1722,89,would,5,1.12
1723,89,have,4,2.18
1724,89,be,4,1.85
1725,89,in,2,3.0
1726,89,her,3,3.0
1727,89,position,8,2.62
1728,89,if,2,1.19
1729,89,she,3,3.36
1730,89,have,3,2.18
1731,89,fall,6,4.04
1732,89,in,2,3.0
1733,89,love,4,2.07
1734,91,again,5,2.0
1735,91,a,1,1.46
1736,91,sharp,5,3.86
1737,91,ascent,6,2.61
1738,91,uphill,6,3.6
1739,92,she,3,3.36
1740,92,have,3,2.18
1741,92,become,6,1.54
1742,92,a,1,1.46
1743,92,schoolmistress,14,4.19
1744,92,from,4,1.84
1745,92,necessity,9,2.08
1746,92,without,7,2.15
1747,92,feel,7,2.28
1748,92,any,3,1.72
1749,92,vocation,8,2.7
1750,92,for,3,1.63
1751,92,it,2,2.81
1752,92,and,3,1.52
1753,92,she,3,3.36
1754,92,have,3,2.18
1755,92,never,5,1.59
1756,92,think,7,2.41
1757,92,of,2,1.67
1758,92,a,1,1.46
1759,92,vocation,8,2.7
1760,92,of,2,1.67
1761,92,serve,7,3.78
1762,92,the,3,1.43
1763,92,cause,5,2.43
1764,92,of,2,1.67
1765,92,enlightenment,13,1.5
1766,92,and,3,1.52
1767,92,it,2,2.81
1768,92,always,6,1.71
1769,92,seem,6,1.75
1770,92,to,2,1.55
1771,92,she,3,3.36
1772,92,that,4,1.54
1773,92,what,4,2.0
1774,92,be,3,1.85
1775,92,most,4,2.38
1776,92,important,9,2.14
1777,92,in,2,3.0
1778,92,her,3,3.0
1779,92,work,4,3.48
1780,92,be,3,1.85
1781,92,not,3,2.08
1782,92,the,3,1.43
1783,92,child,8,4.78
1784,92,nor,3,1.8
1785,92,enlightenment,13,1.5
1786,92,but,3,2.04
1787,92,the,3,1.43
1788,92,examination,12,3.93
1789,93,and,3,1.52
1790,93,what,4,2.0
1791,93,time,4,3.07
1792,93,have,3,2.18
1793,93,she,3,3.36
1794,93,for,3,1.63
1795,93,thinking,8,1.96
1796,93,of,2,1.67
1797,93,vocation,8,2.7
1798,93,of,2,1.67
1799,93,serve,7,3.78
1800,93,the,3,1.43
1801,93,cause,5,2.43
1802,93,of,2,1.67
1803,93,enlightenment,13,1.5
1804,94,teacher,8,4.52
1805,94,badly,5,1.93
1806,94,pay,4,3.54
1807,94,doctor,7,4.69
1808,94,and,3,1.52
1809,94,their,5,3.34
1810,94,assistant,10,4.07
1811,94,with,4,2.0
1812,94,their,5,3.34
1813,94,terribly,8,1.21
1814,94,hard,4,3.76
1815,94,work,4,3.48
1816,94,have,4,2.18
1817,94,not,3,2.08
1818,94,even,4,2.79
1819,94,the,3,1.43
1820,94,comfort,7,2.89
1821,94,of,2,1.67
1822,94,think,8,2.41
1823,94,that,4,1.54
1824,94,they,4,2.93
1825,94,be,3,1.85
1826,94,serve,7,3.78
1827,94,an,2,1.46
1828,94,idea,4,1.61
1829,94,or,2,1.72
1830,94,the,3,1.43
1831,94,people,6,4.82
1832,94,as,2,1.33
1833,94,their,5,3.34
1834,94,head,5,4.75
1835,94,be,3,1.85
1836,94,always,6,1.71
1837,94,stuff,7,3.13
1838,94,with,4,2.0
1839,94,thought,8,1.97
1840,94,of,2,1.67
1841,94,their,5,3.34
1842,94,daily,5,3.15
1843,94,bread,5,4.92
1844,94,of,2,1.67
1845,94,wood,4,4.85
1846,94,for,3,1.63
1847,94,the,3,1.43
1848,94,fire,4,4.68
1849,94,of,2,1.67
1850,94,bad,3,1.68
1851,94,road,5,4.75
1852,94,of,2,1.67
1853,94,illness,9,3.54
1854,95,it,2,2.81
1855,95,be,2,1.85
1856,95,a,1,1.46
1857,95,hard,4,3.76
1858,95,working,7,3.48
1859,95,an,2,1.46
1860,95,uninteresting,13,1.42
1861,95,life,4,2.69
1862,95,and,3,1.52
1863,95,only,4,2.41
1864,95,silent,6,3.67
1865,95,patient,7,2.5
1866,95,cart,4,4.89
1867,95,horse,6,5.0
1868,95,like,4,1.89
1869,95,Mary,4,.
1870,95,Vassilyevna,11,.
1871,95,could,5,1.34
1872,95,put,3,2.5
1873,95,up,2,3.83
1874,95,with,4,2.0
1875,95,it,2,2.81
1876,95,for,3,1.63
1877,95,long,4,3.18
1878,95,the,3,1.43
1879,95,lively,6,2.36
1880,95,nervous,7,1.85
1881,95,impressionable,14,1.4
1882,95,people,6,4.82
1883,95,who,3,1.74
1884,95,talk,6,4.07
1885,95,about,5,1.77
1886,95,vocation,8,2.7
1887,95,and,3,1.52
1888,95,serve,7,3.78
1889,95,the,3,1.43
1890,95,idea,4,1.61
1891,95,be,4,1.85
1892,95,soon,4,1.79
1893,95,weary,5,3.0
1894,95,of,2,1.67
1895,95,it,2,2.81
1896,95,and,3,1.52
1897,95,give,4,2.83
1898,95,up,2,3.83
1899,95,the,3,1.43
1900,95,work,4,3.48
1901,96,Semyon,6,.
1902,96,keep,4,2.37
1903,96,pick,7,3.82
1904,96,out,3,2.73
1905,96,the,3,1.43
1906,96,driest,6,.
1907,96,and,3,1.52
1908,96,shortest,8,.
1909,96,way,3,2.34
1910,96,first,5,2.76
1911,96,by,2,1.55
1912,96,a,1,1.46
1913,96,meadow,6,4.86
1914,96,then,4,1.44
1915,96,by,2,1.55
1916,96,the,3,1.43
1917,96,back,5,4.33
1918,96,of,2,1.67
1919,96,the,3,1.43
1920,96,village,7,4.89
1921,96,hut,4,4.65
1922,96,but,3,2.04
1923,96,in,2,3.0
1924,96,one,3,3.97
1925,96,place,5,3.48
1926,96,the,3,1.43
1927,96,peasant,8,3.96
1928,96,would,5,1.12
1929,96,not,3,2.08
1930,96,let,3,2.26
1931,96,they,4,2.93
1932,96,pass,4,2.71
1933,96,in,2,3.0
1934,96,another,7,2.69
1935,96,it,2,2.81
1936,96,be,3,1.85
1937,96,the,3,1.43
1938,96,priest,6,4.77
1939,96,’s,2,.
1940,96,land,4,4.57
1941,96,and,3,1.52
1942,96,they,4,2.93
1943,96,could,5,1.34
1944,96,not,3,2.08
1945,96,cross,5,4.44
1946,96,it,2,2.81
1947,96,in,2,3.0
1948,96,another,7,2.69
1949,96,Ivan,4,.
1950,96,Ionov,5,.
1951,96,have,3,2.18
1952,96,buy,6,3.35
1953,96,a,1,1.46
1954,96,plot,4,3.14
1955,96,from,4,1.84
1956,96,the,3,1.43
1957,96,landowner,9,4.29
1958,96,and,3,1.52
1959,96,have,3,2.18
1960,96,dig,3,4.33
1961,96,a,1,1.46
1962,96,ditch,5,4.5
1963,96,round,5,3.9
1964,96,it,2,2.81
1965,97,they,4,2.93
1966,97,keep,4,2.37
1967,97,have,6,2.18
1968,97,to,2,1.55
1969,97,turn,4,3.44
1970,97,back,4,4.33
1971,98,they,4,2.93
1972,98,reach,7,3.7
1973,98,Nizhneye,8,.
1974,98,Gorodistche,11,.
1975,99,near,4,2.79
1976,99,the,3,1.43
1977,99,tavern,6,4.78
1978,99,on,2,3.25
1979,99,the,3,1.43
1980,99,dung,4,4.64
1981,99,strew,6,2.71
1982,99,earth,5,4.8
1983,99,where,5,1.66
1984,99,the,3,1.43
1985,99,snow,4,4.85
1986,99,be,3,1.85
1987,99,still,5,3.46
1988,99,lie,5,3.11
1989,99,there,5,2.2
1990,99,stand,5,4.16
1991,99,wagon,6,4.89
1992,99,that,4,1.54
1993,99,have,3,2.18
1994,99,bring,7,2.55
1995,99,great,5,1.81
1996,99,bottle,7,4.91
1997,99,of,2,1.67
1998,99,crude,5,1.96
1999,99,sulphuric,9,3.29
2000,99,acid,4,4.25
2001,100,there,5,2.2
2002,100,be,4,1.85
2003,100,a,1,1.46
2004,100,great,5,1.81
2005,100,many,4,2.37
2006,100,people,6,4.82
2007,100,in,2,3.0
2008,100,the,3,1.43
2009,100,tavern,6,4.78
2010,100,all,3,2.27
2011,100,driver,7,4.71
2012,100,and,3,1.52
2013,100,there,5,2.2
2014,100,be,3,1.85
2015,100,a,1,1.46
2016,100,smell,5,3.7
2017,100,of,2,1.67
2018,100,vodka,5,4.97
2019,100,tobacco,7,4.88
2020,100,and,3,1.52
2021,100,sheepskin,10,4.78
2022,101,there,5,2.2
2023,101,be,3,1.85
2024,101,a,1,1.46
2025,101,loud,4,3.73
2026,101,noise,5,3.52
2027,101,of,2,1.67
2028,101,conversation,12,3.28
2029,101,and,3,1.52
2030,101,the,3,1.43
2031,101,banging,7,3.38
2032,101,of,2,1.67
2033,101,the,3,1.43
2034,101,swing,5,4.54
2035,101,door,4,4.81
2036,102,through,7,2.9
2037,102,the,3,1.43
2038,102,wall,4,4.86
2039,102,without,7,2.15
2040,102,cease,7,2.39
2041,102,for,3,1.63
2042,102,a,1,1.46
2043,102,moment,6,1.61
2044,102,come,4,2.72
2045,102,the,3,1.43
2046,102,sound,5,3.7
2047,102,of,2,1.67
2048,102,a,1,1.46
2049,102,concertina,10,.
2050,102,be,5,1.85
2051,102,play,6,3.24
2052,102,in,2,3.0
2053,102,the,3,1.43
2054,102,shop,4,4.31
2055,103,Marya,5,.
2056,103,Vassilyevna,11,.
2057,103,sit,3,4.8
2058,103,down,4,3.52
2059,103,and,3,1.52
2060,103,drink,5,4.76
2061,103,some,4,2.48
2062,103,tea,3,4.69
2063,103,while,5,1.55
2064,103,at,2,2.07
2065,103,the,3,1.43
2066,103,next,4,2.56
2067,103,table,5,4.9
2068,103,peasant,8,3.96
2069,103,be,4,1.85
2070,103,drink,8,4.76
2071,103,vodka,5,4.97
2072,103,and,3,1.52
2073,103,beer,4,4.88
2074,103,perspire,10,.
2075,103,from,4,1.84
2076,103,the,3,1.43
2077,103,tea,3,4.69
2078,103,they,4,2.93
2079,103,have,3,2.18
2080,103,just,4,1.52
2081,103,swallow,9,3.89
2082,103,and,3,1.52
2083,103,the,3,1.43
2084,103,stifle,8,2.59
2085,103,fume,5,3.58
2086,103,of,2,1.67
2087,103,the,3,1.43
2088,103,tavern,6,4.78
2089,105,voice,6,4.13
2090,105,keep,4,2.37
2091,105,shout,8,4.17
2092,105,in,2,3.0
2093,105,confusion,9,2.24
2094,110,a,1,1.46
2095,110,little,6,3.67
2096,110,pock,4,.
2097,110,mark,6,4.21
2098,110,man,3,4.79
2099,110,with,4,2.0
2100,110,a,1,1.46
2101,110,black,5,3.76
2102,110,beard,5,4.96
2103,110,who,3,1.74
2104,110,be,3,1.85
2105,110,quite,5,1.72
2106,110,drunk,5,3.48
2107,110,be,3,1.85
2108,110,suddenly,8,1.84
2109,110,surprise,9,3.24
2110,110,by,2,1.55
2111,110,something,9,1.82
2112,110,and,3,1.52
2113,110,begin,5,2.56
2114,110,use,5,2.78
2115,110,bad,3,1.68
2116,110,language,8,2.35
2117,112,Semyon,6,.
2118,112,who,3,1.74
2119,112,be,3,1.85
2120,112,sit,7,4.8
2121,112,some,4,2.48
2122,112,way,3,2.34
2123,112,off,3,2.79
2124,112,respond,9,2.64
2125,112,angrily,7,2.52
2126,115,someone,7,3.71
2127,115,mimic,8,3.22
2128,115,in,2,3.0
2129,115,another,7,2.69
2130,115,corner,6,4.61
2131,117,say,4,2.58
2132,117,the,3,1.43
2133,117,little,6,3.67
2134,117,man,3,4.79
2135,117,in,2,3.0
2136,117,confusion,9,2.24
2137,121,answer,8,2.89
2138,121,the,3,1.43
2139,121,schoolmistress,14,4.19
2140,123,Marya,5,.
2141,123,Vassilyevna,11,.
2142,123,drink,5,4.76
2143,123,her,3,3.0
2144,123,tea,3,4.69
2145,123,with,4,2.0
2146,123,satisfaction,12,1.9
2147,123,and,3,1.52
2148,123,she,3,3.36
2149,123,too,3,1.7
2150,123,begin,5,2.56
2151,123,turn,7,3.44
2152,123,red,3,4.24
2153,123,like,4,1.89
2154,123,the,3,1.43
2155,123,peasant,8,3.96
2156,123,and,3,1.52
2157,123,fall,4,4.04
2158,123,to,2,1.55
2159,123,think,8,2.41
2160,123,again,5,2.0
2161,123,about,5,1.77
2162,123,firewood,8,4.93
2163,123,about,5,1.77
2164,123,the,3,1.43
2165,123,watchman,8,4.68
2166,124,she,3,3.36
2167,124,hear,5,3.66
2168,124,from,4,1.84
2169,124,the,3,1.43
2170,124,next,4,2.56
2171,124,table,5,4.9
2172,127,the,3,1.43
2173,127,swing,5,4.54
2174,127,door,4,4.81
2175,127,be,3,1.85
2176,127,continually,11,1.76
2177,127,bang,7,3.77
2178,127,some,4,2.48
2179,127,come,6,2.72
2180,127,in,2,3.0
2181,127,other,6,2.04
2182,127,go,5,3.15
2183,127,out,3,2.73
2184,128,Marya,5,.
2185,128,Vassilyevna,11,.
2186,128,sit,3,4.8
2187,128,on,2,3.25
2188,128,think,8,2.41
2189,128,all,3,2.27
2190,128,the,3,1.43
2191,128,time,4,3.07
2192,128,of,2,1.67
2193,128,the,3,1.43
2194,128,same,4,2.64
2195,128,thing,6,3.17
2196,128,while,5,1.55
2197,128,the,3,1.43
2198,128,concertina,10,.
2199,128,go,4,3.15
2200,128,on,2,3.25
2201,128,play,7,3.24
2202,128,and,3,1.52
2203,128,playing,7,.
2204,129,the,3,1.43
2205,129,patch,7,4.7
2206,129,of,2,1.67
2207,129,sunshine,8,4.21
2208,129,have,3,2.18
2209,129,be,4,1.85
2210,129,on,2,3.25
2211,129,the,3,1.43
2212,129,floor,5,4.8
2213,129,then,4,1.44
2214,129,they,4,2.93
2215,129,pass,6,2.71
2216,129,to,2,1.55
2217,129,the,3,1.43
2218,129,counter,7,4.17
2219,129,to,2,1.55
2220,129,the,3,1.43
2221,129,wall,4,4.86
2222,129,and,3,1.52
2223,129,disappear,11,2.86
2224,129,altogether,10,2.36
2225,129,so,2,1.42
2226,129,by,2,1.55
2227,129,the,3,1.43
2228,129,sun,3,4.83
2229,129,it,2,2.81
2230,129,be,3,1.85
2231,129,past,4,1.7
2232,129,midday,6,3.72
2233,130,the,3,1.43
2234,130,peasant,8,3.96
2235,130,at,2,2.07
2236,130,the,3,1.43
2237,130,next,4,2.56
2238,130,table,5,4.9
2239,130,be,4,1.85
2240,130,get,7,2.38
2241,130,ready,5,2.07
2242,130,to,2,1.55
2243,130,go,2,3.15
2244,131,the,3,1.43
2245,131,little,6,3.67
2246,131,man,3,4.79
2247,131,somewhat,8,1.28
2248,131,unsteadily,10,2.81
2249,131,go,4,3.15
2250,131,up,2,3.83
2251,131,to,2,1.55
2252,131,Marya,5,.
2253,131,Vassilyevna,11,.
2254,131,and,3,1.52
2255,131,hold,4,3.68
2256,131,out,3,2.73
2257,131,his,3,3.14
2258,131,hand,4,4.72
2259,131,to,2,1.55
2260,131,she,3,3.36
2261,131,follow,9,3.26
2262,131,his,3,3.14
2263,131,example,7,3.03
2264,131,the,3,1.43
2265,131,other,6,2.04
2266,131,shake,5,4.07
2267,131,hand,5,4.72
2268,131,too,3,1.7
2269,131,at,2,2.07
2270,131,parting,7,2.79
2271,131,and,3,1.52
2272,131,go,4,3.15
2273,131,out,3,2.73
2274,131,one,3,3.97
2275,131,after,5,2.12
2276,131,another,7,2.69
2277,131,and,3,1.52
2278,131,the,3,1.43
2279,131,swing,5,4.54
2280,131,door,4,4.81
2281,131,squeak,8,4.07
2282,131,and,3,1.52
2283,131,slam,7,4.0
2284,131,nine,4,4.04
2285,131,time,5,3.07
2286,132,Semyon,6,.
2287,132,call,6,4.0
2288,132,to,2,1.55
2289,132,she,3,3.36
2290,133,they,4,2.93
2291,133,set,3,3.41
2292,133,off,3,2.79
2293,134,and,3,1.52
2294,134,again,5,2.0
2295,134,they,4,2.93
2296,134,go,4,3.15
2297,134,at,2,2.07
2298,134,a,1,1.46
2299,134,walk,7,4.07
2300,134,pace,4,3.11
2301,135,say,4,2.58
2302,135,Semyon,6,.
2303,135,turn,7,3.44
2304,135,round,5,3.9
2305,144,but,3,2.04
2306,144,it,2,2.81
2307,144,be,3,1.85
2308,144,clear,5,3.55
2309,144,that,4,1.54
2310,144,Semyon,6,.
2311,144,do,3,2.46
2312,144,not,3,2.08
2313,144,believe,7,1.55
2314,144,the,3,1.43
2315,144,schoolmistress,14,4.19
2316,145,the,3,1.43
2317,145,peasant,8,3.96
2318,145,do,3,2.46
2319,145,not,3,2.08
2320,145,believe,7,1.55
2321,145,she,3,3.36
2322,146,they,4,2.93
2323,146,always,6,1.71
2324,146,think,7,2.41
2325,146,she,3,3.36
2326,146,receive,8,2.69
2327,146,too,3,1.7
2328,146,large,5,3.37
2329,146,a,1,1.46
2330,146,salary,6,3.69
2331,146,twenty,6,3.67
2332,146,one,3,3.97
2333,146,rouble,7,.
2334,146,a,1,1.46
2335,146,month,5,4.2
2336,146,five,4,3.87
2337,146,would,5,1.12
2338,146,have,4,2.18
2339,146,be,4,1.85
2340,146,enough,6,1.33
2341,146,and,3,1.52
2342,146,that,4,1.54
2343,146,of,2,1.67
2344,146,the,3,1.43
2345,146,money,5,4.54
2346,146,that,4,1.54
2347,146,she,3,3.36
2348,146,collect,9,3.34
2349,146,from,4,1.84
2350,146,the,3,1.43
2351,146,child,8,4.78
2352,146,for,3,1.63
2353,146,the,3,1.43
2354,146,firewood,8,4.93
2355,146,and,3,1.52
2356,146,the,3,1.43
2357,146,watchman,8,4.68
2358,146,the,3,1.43
2359,146,great,7,1.81
2360,146,part,4,3.29
2361,146,she,3,3.36
2362,146,keep,4,2.37
2363,146,for,3,1.63
2364,146,herself,7,3.0
2365,147,the,3,1.43
2366,147,guardian,8,3.28
2367,147,think,7,2.41
2368,147,the,3,1.43
2369,147,same,4,2.64
2370,147,as,2,1.33
2371,147,the,3,1.43
2372,147,peasant,8,3.96
2373,147,and,3,1.52
2374,147,he,2,3.93
2375,147,himself,7,3.5
2376,147,make,4,2.67
2377,147,a,1,1.46
2378,147,profit,6,3.07
2379,147,off,3,2.79
2380,147,the,3,1.43
2381,147,firewood,8,4.93
2382,147,and,3,1.52
2383,147,receive,8,2.69
2384,147,payment,8,3.91
2385,147,from,4,1.84
2386,147,the,3,1.43
2387,147,peasant,8,3.96
2388,147,for,3,1.63
2389,147,be,5,1.85
2390,147,a,1,1.46
2391,147,guardian,8,3.28
2392,147,without,7,2.15
2393,147,the,3,1.43
2394,147,knowledge,9,1.73
2395,147,of,2,1.67
2396,147,the,3,1.43
2397,147,authority,11,2.34
2398,148,the,3,1.43
2399,148,forest,6,4.76
2400,148,thank,5,3.0
2401,148,God,3,.
2402,149,be,3,1.85
2403,149,behind,6,3.48
2404,149,they,4,2.93
2405,149,and,3,1.52
2406,149,now,3,1.48
2407,149,it,2,2.81
2408,149,would,5,1.12
2409,149,be,2,1.85
2410,149,flat,4,4.07
2411,149,open,4,3.21
2412,149,ground,6,4.77
2413,149,all,3,2.27
2414,149,the,3,1.43
2415,149,way,3,2.34
2416,149,to,2,1.55
2417,149,Vyazovye,8,.
2418,149,and,3,1.52
2419,149,there,5,2.2
2420,149,be,3,1.85
2421,149,not,3,2.08
2422,149,far,3,2.71
2423,149,to,2,1.55
2424,149,go,2,3.15
2425,149,now,3,1.48
2426,150,they,4,2.93
2427,150,have,3,2.18
2428,150,to,2,1.55
2429,150,cross,5,4.44
2430,150,the,3,1.43
2431,150,river,5,4.89
2432,150,and,3,1.52
2433,150,then,4,1.44
2434,150,the,3,1.43
2435,150,railway,7,4.63
2436,150,line,4,4.5
2437,150,and,3,1.52
2438,150,then,4,1.44
2439,150,Vyazovye,8,.
2440,150,be,3,1.85
2441,150,in,2,3.0
2442,150,sight,5,3.21
2443,152,Marya,5,.
2444,152,Vassilyevna,11,.
2445,152,ask,5,2.52
2446,152,Semyon,6,.
2447,158,say,4,2.58
2448,158,Marya,5,.
2449,158,Vassilyevna,11,.
2450,158,see,6,3.21
2451,158,the,3,1.43
2452,158,four,4,3.37
2453,158,horse,6,5.0
2454,158,far,3,2.71
2455,158,away,4,2.23
2456,158,to,2,1.55
2457,158,the,3,1.43
2458,158,right,5,3.47
2459,166,they,4,2.93
2460,166,reach,7,3.7
2461,166,the,3,1.43
2462,166,river,5,4.89
2463,167,in,2,3.0
2464,167,the,3,1.43
2465,167,summer,6,3.64
2466,167,it,2,2.81
2467,167,be,3,1.85
2468,167,a,1,1.46
2469,167,little,6,3.67
2470,167,stream,6,4.5
2471,167,easily,6,1.8
2472,167,cross,7,4.44
2473,167,by,2,1.55
2474,167,wade,6,3.47
2475,168,it,2,2.81
2476,168,usually,7,2.04
2477,168,dry,5,3.77
2478,168,up,2,3.83
2479,168,in,2,3.0
2480,168,August,6,.
2481,168,but,3,2.04
2482,168,now,3,1.48
2483,168,after,5,2.12
2484,168,the,3,1.43
2485,168,spring,6,3.89
2486,168,flood,6,4.62
2487,168,it,2,2.81
2488,168,be,3,1.85
2489,168,a,1,1.46
2490,168,river,5,4.89
2491,168,forty,5,4.14
2492,168,foot,4,4.9
2493,168,in,2,3.0
2494,168,breadth,7,2.23
2495,168,rapid,5,3.07
2496,168,muddy,5,4.32
2497,168,and,3,1.52
2498,168,cold,4,3.85
2499,168,on,2,3.25
2500,168,the,3,1.43
2501,168,bank,4,4.78
2502,168,and,3,1.52
2503,168,right,5,3.47
2504,168,up,2,3.83
2505,168,to,2,1.55
2506,168,the,3,1.43
2507,168,water,5,5.0
2508,168,there,5,2.2
2509,168,be,4,1.85
2510,168,fresh,5,1.97
2511,168,track,6,4.31
2512,168,of,2,1.67
2513,168,wheel,6,4.86
2514,168,so,2,1.42
2515,168,it,2,2.81
2516,168,have,3,2.18
2517,168,be,4,1.85
2518,168,cross,7,4.44
2519,168,here,4,3.13
2520,170,shout,7,4.17
2521,170,Semyon,6,.
2522,170,angrily,7,2.52
2523,170,and,3,1.52
2524,170,anxiously,9,2.08
2525,170,tug,7,3.5
2526,170,violently,9,1.9
2527,170,at,2,2.07
2528,170,the,3,1.43
2529,170,rein,5,.
2530,170,and,3,1.52
2531,170,jerk,7,3.26
2532,170,his,3,3.14
2533,170,elbow,6,5.0
2534,170,as,2,1.33
2535,170,a,1,1.46
2536,170,bird,4,5.0
2537,170,do,4,2.46
2538,170,its,3,1.9
2539,170,wing,5,4.86
2540,172,the,3,1.43
2541,172,horse,5,5.0
2542,172,go,4,3.15
2543,172,on,2,3.25
2544,172,into,4,2.3
2545,172,the,3,1.43
2546,172,water,5,5.0
2547,172,up,2,3.83
2548,172,to,2,1.55
2549,172,his,3,3.14
2550,172,belly,5,4.8
2551,172,and,3,1.52
2552,172,stop,7,3.68
2553,172,but,3,2.04
2554,172,at,2,2.07
2555,172,once,4,2.74
2556,172,go,4,3.15
2557,172,on,2,3.25
2558,172,again,5,2.0
2559,172,with,4,2.0
2560,172,an,2,1.46
2561,172,effort,6,2.33
2562,172,and,3,1.52
2563,172,Marya,5,.
2564,172,Vassilyevna,11,.
2565,172,be,3,1.85
2566,172,aware,5,2.0
2567,172,of,2,1.67
2568,172,a,1,1.46
2569,172,keen,4,1.61
2570,172,chilliness,10,2.9
2571,172,in,2,3.0
2572,172,her,3,3.0
2573,172,foot,4,4.9
2574,174,she,3,3.36
2575,174,too,3,1.7
2576,174,shout,7,4.17
2577,174,get,7,2.38
2578,174,up,2,3.83
2579,176,they,4,2.93
2580,176,get,3,2.38
2581,176,out,3,2.73
2582,176,on,2,3.25
2583,176,the,3,1.43
2584,176,bank,4,4.78
2585,178,muttered,8,.
2586,178,Semyon,6,.
2587,178,set,7,3.41
2588,178,straight,8,2.76
2589,178,the,3,1.43
2590,178,harness,7,4.14
2591,180,her,3,3.0
2592,180,shoe,5,4.97
2593,180,and,3,1.52
2594,180,golosh,8,.
2595,180,be,4,1.85
2596,180,full,4,3.59
2597,180,of,2,1.67
2598,180,water,5,5.0
2599,180,the,3,1.43
2600,180,low,5,3.34
2601,180,part,4,3.29
2602,180,of,2,1.67
2603,180,her,3,3.0
2604,180,dress,5,4.93
2605,180,and,3,1.52
2606,180,of,2,1.67
2607,180,her,3,3.0
2608,180,coat,4,4.97
2609,180,and,3,1.52
2610,180,one,3,3.97
2611,180,sleeve,6,4.84
2612,180,be,4,1.85
2613,180,wet,3,4.46
2614,180,and,3,1.52
2615,180,dripping,8,3.89
2616,180,the,3,1.43
2617,180,sugar,5,4.87
2618,180,and,3,1.52
2619,180,flour,5,4.97
2620,180,have,3,2.18
2621,180,get,3,2.38
2622,180,wet,3,4.46
2623,180,and,3,1.52
2624,180,that,4,1.54
2625,180,be,3,1.85
2626,180,bad,5,1.68
2627,180,of,2,1.67
2628,180,all,3,2.27
2629,180,and,3,1.52
2630,180,Marya,5,.
2631,180,Vassilyevna,11,.
2632,180,could,5,1.34
2633,180,only,4,2.41
2634,180,clasp,5,4.41
2635,180,her,3,3.0
2636,180,hand,5,4.72
2637,180,in,2,3.0
2638,180,despair,7,2.21
2639,180,and,3,1.52
2640,180,say,3,2.58
2641,182,the,3,1.43
2642,182,barrier,7,4.41
2643,182,be,3,1.85
2644,182,down,4,3.52
2645,182,at,2,2.07
2646,182,the,3,1.43
2647,182,railway,7,4.63
2648,182,crossing,8,3.42
2649,183,a,1,1.46
2650,183,train,5,4.79
2651,183,be,3,1.85
2652,183,come,6,2.72
2653,183,out,3,2.73
2654,183,of,2,1.67
2655,183,the,3,1.43
2656,183,station,7,4.32
2657,184,Marya,5,.
2658,184,Vassilyevna,11,.
2659,184,stand,5,4.16
2660,184,at,2,2.07
2661,184,the,3,1.43
2662,184,crossing,8,3.42
2663,184,wait,7,2.68
2664,184,till,4,4.0
2665,184,it,2,2.81
2666,184,should,6,1.53
2667,184,pass,4,2.71
2668,184,and,3,1.52
2669,184,shiver,9,3.88
2670,184,all,3,2.27
2671,184,over,4,2.46
2672,184,with,4,2.0
2673,184,cold,4,3.85
2674,185,Vyazovye,8,.
2675,185,be,3,1.85
2676,185,in,2,3.0
2677,185,sight,5,3.21
2678,185,now,3,1.48
2679,185,and,3,1.52
2680,185,the,3,1.43
2681,185,school,6,4.79
2682,185,with,4,2.0
2683,185,the,3,1.43
2684,185,green,5,4.07
2685,185,roof,4,4.79
2686,185,and,3,1.52
2687,185,the,3,1.43
2688,185,church,6,4.9
2689,185,with,4,2.0
2690,185,its,3,1.9
2691,185,crosse,7,.
2692,185,flash,8,3.67
2693,185,in,2,3.0
2694,185,the,3,1.43
2695,185,evening,7,3.26
2696,185,sun,3,4.83
2697,185,and,3,1.52
2698,185,the,3,1.43
2699,185,station,7,4.32
2700,185,window,7,4.86
2701,185,flash,7,3.67
2702,185,too,3,1.7
2703,185,and,3,1.52
2704,185,a,1,1.46
2705,185,pink,4,3.93
2706,185,smoke,5,4.96
2707,185,rise,4,4.04
2708,185,from,4,1.84
2709,185,the,3,1.43
2710,185,engine,6,4.86
2711,185,and,3,1.52
2712,185,it,2,2.81
2713,185,seem,6,1.75
2714,185,to,2,1.55
2715,185,she,3,3.36
2716,185,that,4,1.54
2717,185,everything,10,2.3
2718,185,be,3,1.85
2719,185,tremble,9,3.61
2720,185,with,4,2.0
2721,185,cold,4,3.85
2722,186,here,4,3.13
2723,186,be,3,1.85
2724,186,the,3,1.43
2725,186,train,5,4.79
2726,186,the,3,1.43
2727,186,window,7,4.86
2728,186,reflect,9,2.81
2729,186,the,3,1.43
2730,186,gleam,8,3.28
2731,186,light,5,4.21
2732,186,like,4,1.89
2733,186,the,3,1.43
2734,186,crosse,7,.
2735,186,on,2,3.25
2736,186,the,3,1.43
2737,186,church,6,4.9
2738,186,it,2,2.81
2739,186,make,4,2.67
2740,186,her,3,3.0
2741,186,eye,4,4.9
2742,186,ache,4,3.43
2743,186,to,2,1.55
2744,186,look,4,2.96
2745,186,at,2,2.07
2746,186,they,4,2.93
2747,187,on,2,3.25
2748,187,the,3,1.43
2749,187,little,6,3.67
2750,187,platform,8,4.48
2751,187,between,7,2.72
2752,187,two,3,4.18
2753,187,first,5,2.76
2754,187,class,5,3.85
2755,187,carriage,9,4.86
2756,187,a,1,1.46
2757,187,lady,4,4.33
2758,187,be,3,1.85
2759,187,stand,8,4.16
2760,187,and,3,1.52
2761,187,Marya,5,.
2762,187,Vassilyevna,11,.
2763,187,glance,7,3.48
2764,187,at,2,2.07
2765,187,she,3,3.36
2766,187,as,2,1.33
2767,187,she,3,3.36
2768,187,pass,6,2.71
2769,188,her,3,3.0
2770,188,mother,6,4.6
2771,189,what,4,2.0
2772,189,a,1,1.46
2773,189,resemblance,11,2.07
2774,190,her,3,3.0
2775,190,mother,6,4.6
2776,190,have,3,2.18
2777,190,have,3,2.18
2778,190,just,4,1.52
2779,190,such,4,1.48
2780,190,luxuriant,9,1.71
2781,190,hair,4,4.97
2782,190,just,4,1.52
2783,190,such,4,1.48
2784,190,a,1,1.46
2785,190,brow,4,4.39
2786,190,and,3,1.52
2787,190,bend,4,3.88
2788,190,of,2,1.67
2789,190,the,3,1.43
2790,190,head,4,4.75
2791,191,and,3,1.52
2792,191,with,4,2.0
2793,191,amazing,7,1.55
2794,191,distinctness,12,2.0
2795,191,for,3,1.63
2796,191,the,3,1.43
2797,191,first,5,2.76
2798,191,time,4,3.07
2799,191,in,2,3.0
2800,191,those,5,2.32
2801,191,thirteen,8,3.69
2802,191,year,5,3.25
2803,191,there,5,2.2
2804,191,rise,4,4.04
2805,191,before,6,1.96
2806,191,her,3,3.0
2807,191,mind,4,2.5
2808,191,a,1,1.46
2809,191,vivid,5,2.04
2810,191,picture,7,4.52
2811,191,of,2,1.67
2812,191,her,3,3.0
2813,191,mother,6,4.6
2814,191,her,3,3.0
2815,191,father,6,4.52
2816,191,her,3,3.0
2817,191,brother,7,4.43
2818,191,their,5,3.34
2819,191,flat,4,4.07
2820,191,in,2,3.0
2821,191,Moscow,6,.
2822,191,the,3,1.43
2823,191,aquarium,8,4.77
2824,191,with,4,2.0
2825,191,little,6,3.67
2826,191,fish,4,5.0
2827,191,everything,10,2.3
2828,191,to,2,1.55
2829,191,the,3,1.43
2830,191,tiny,7,3.11
2831,191,detail,6,2.5
2832,191,she,3,3.36
2833,191,hear,5,3.66
2834,191,the,3,1.43
2835,191,sound,5,3.7
2836,191,of,2,1.67
2837,191,the,3,1.43
2838,191,piano,5,4.9
2839,191,her,3,3.0
2840,191,father,6,4.52
2841,191,’s,2,.
2842,191,voice,5,4.13
2843,191,she,3,3.36
2844,191,feel,4,2.28
2845,191,as,2,1.33
2846,191,she,3,3.36
2847,191,have,3,2.18
2848,191,be,4,1.85
2849,191,then,4,1.44
2850,191,young,5,3.16
2851,191,good,4,1.64
2852,191,look,7,2.96
2853,191,well,4,3.33
2854,191,dress,7,4.93
2855,191,in,2,3.0
2856,191,a,1,1.46
2857,191,bright,6,3.92
2858,191,warm,4,3.56
2859,191,room,4,4.79
2860,191,among,5,2.38
2861,191,her,3,3.0
2862,191,own,3,1.96
2863,191,people,6,4.82
2864,192,a,1,1.46
2865,192,feeling,7,1.68
2866,192,of,2,1.67
2867,192,joy,3,2.37
2868,192,and,3,1.52
2869,192,happiness,9,2.6
2870,192,suddenly,8,1.84
2871,192,come,4,2.72
2872,192,over,4,2.46
2873,192,she,3,3.36
2874,192,she,3,3.36
2875,192,press,7,3.9
2876,192,her,3,3.0
2877,192,hand,5,4.72
2878,192,to,2,1.55
2879,192,her,3,3.0
2880,192,temple,7,4.53
2881,192,in,2,3.0
2882,192,an,2,1.46
2883,192,ecstacy,7,.
2884,192,and,3,1.52
2885,192,call,6,4.0
2886,192,softly,6,3.07
2887,192,beseechingly,12,1.83
2888,193,and,3,1.52
2889,193,she,3,3.36
2890,193,begin,5,2.56
2891,193,cry,6,4.0
2892,193,she,3,3.36
2893,193,do,3,2.46
2894,193,not,3,2.08
2895,193,know,4,1.68
2896,193,why,3,1.86
2897,194,just,4,1.52
2898,194,at,2,2.07
2899,194,that,4,1.54
2900,194,instant,7,2.7
2901,194,Hanov,5,.
2902,194,drive,5,3.86
2903,194,up,2,3.83
2904,194,with,4,2.0
2905,194,his,3,3.14
2906,194,team,4,3.79
2907,194,of,2,1.67
2908,194,four,4,3.37
2909,194,horse,6,5.0
2910,194,and,3,1.52
2911,194,see,6,3.21
2912,194,he,3,3.93
2913,194,she,3,3.36
2914,194,imagine,8,1.53
2915,194,happiness,9,2.6
2916,194,such,4,1.48
2917,194,as,2,1.33
2918,194,she,3,3.36
2919,194,have,3,2.18
2920,194,never,5,1.59
2921,194,have,3,2.18
2922,194,and,3,1.52
2923,194,smile,6,4.5
2924,194,and,3,1.52
2925,194,nod,6,4.62
2926,194,to,2,1.55
2927,194,he,3,3.93
2928,194,as,2,1.33
2929,194,an,2,1.46
2930,194,equal,5,2.56
2931,194,and,3,1.52
2932,194,a,1,1.46
2933,194,friend,6,3.07
2934,194,and,3,1.52
2935,194,it,2,2.81
2936,194,seem,6,1.75
2937,194,to,2,1.55
2938,194,she,3,3.36
2939,194,that,4,1.54
2940,194,her,3,3.0
2941,194,happiness,9,2.6
2942,194,her,3,3.0
2943,194,triumph,7,2.17
2944,194,be,3,1.85
2945,194,glow,7,3.65
2946,194,in,2,3.0
2947,194,the,3,1.43
2948,194,sky,3,4.45
2949,194,and,3,1.52
2950,194,on,2,3.25
2951,194,all,3,2.27
2952,194,side,5,3.68
2953,194,in,2,3.0
2954,194,the,3,1.43
2955,194,window,7,4.86
2956,194,and,3,1.52
2957,194,on,2,3.25
2958,194,the,3,1.43
2959,194,tree,5,5.0
2960,195,her,3,3.0
2961,195,father,6,4.52
2962,195,and,3,1.52
2963,195,mother,6,4.6
2964,195,have,3,2.18
2965,195,never,5,1.59
2966,195,die,4,3.07
2967,195,she,3,3.36
2968,195,have,3,2.18
2969,195,never,5,1.59
2970,195,be,4,1.85
2971,195,a,1,1.46
2972,195,schoolmistress,14,4.19
2973,195,it,2,2.81
2974,195,be,3,1.85
2975,195,a,1,1.46
2976,195,long,4,3.18
2977,195,tedious,7,1.97
2978,195,strange,7,1.86
2979,195,dream,5,2.6
2980,195,and,3,1.52
2981,195,now,3,1.48
2982,195,she,3,3.36
2983,195,have,3,2.18
2984,195,awaken,8,3.45
2985,196,and,3,1.52
2986,196,at,2,2.07
2987,196,once,4,2.74
2988,196,it,2,2.81
2989,196,all,3,2.27
2990,196,vanish,8,2.77
2991,197,the,3,1.43
2992,197,barrier,7,4.41
2993,197,be,3,1.85
2994,197,slowly,6,3.1
2995,197,raise,6,3.8
2996,198,Marya,5,.
2997,198,Vassilyevna,11,.
2998,198,shiver,9,3.88
2999,198,and,3,1.52
3000,198,numb,4,3.1
3001,198,with,4,2.0
3002,198,cold,4,3.85
3003,198,get,3,2.38
3004,198,into,4,2.3
3005,198,the,3,1.43
3006,198,cart,4,4.89
3007,199,the,3,1.43
3008,199,carriage,8,4.86
3009,199,with,4,2.0
3010,199,the,3,1.43
3011,199,four,4,3.37
3012,199,horse,6,5.0
3013,199,cross,7,4.44
3014,199,the,3,1.43
3015,199,railway,7,4.63
3016,199,line,4,4.5
3017,199,Semyon,6,.
3018,199,follow,8,3.26
3019,199,it,2,2.81
3020,200,the,3,1.43
3021,200,signalman,9,4.33
3022,200,take,4,3.06
3023,200,off,3,2.79
3024,200,his,3,3.14
3025,200,cap,3,4.59
