Filename,Segment,WC,Analytic,Clout,Authentic,Tone,WPS,BigWords,Dic,Linguistic,function,pronoun,ppron,i,we,you,shehe,they,ipron,det,article,number,prep,auxverb,adverb,conj,negate,verb,adj,quantity,Drives,affiliation,achieve,power,Cognition,allnone,cogproc,insight,cause,discrep,tentat,certitude,differ,memory,Affect,tone_pos,tone_neg,emotion,emo_pos,emo_neg,emo_anx,emo_anger,emo_sad,swear,Social,socbehav,prosocial,polite,conflict,moral,comm,socrefs,family,friend,female,male,Culture,politic,ethnicity,tech,Lifestyle,leisure,home,work,money,relig,Physical,health,illness,wellness,mental,substances,sexual,food,death,need,want,acquire,lack,fulfill,fatigue,reward,risk,curiosity,allure,Perception,attention,motion,space,visual,auditory,feeling,time,focuspast,focuspresent,focusfuture,Conversation,netspeak,assent,nonflu,filler,AllPunc,Period,Comma,QMark,Exclam,Apostro,OtherP
schoolmistress.txt,1,9,99,99,77.17,20.23,9,11.11,88.89,77.78,66.67,11.11,11.11,0,0,0,0,11.11,0,22.22,11.11,11.11,33.33,0,0,0,0,11.11,0,11.11,0,0,0,0,0,0,0,0,0,0,0,0,0,0,0,0,0,0,0,0,0,0,0,0,22.22,0,0,0,0,0,0,22.22,0,0,0,0,0,0,0,0,0,0,0,0,0,0,0,0,0,0,0,0,0,0,0,0,0,0,0,0,0,0,0,0,11.11,22.22,0,11.11,11.11,0,0,0,0,11.11,0,0,0,0,0,0,0,22.22,11.11,0,0,0,0,11.11
schoolmistress.txt,2,24,89.52,18.97,39.59,99,24,12.5,79.17,70.83,58.33,0,0,0,0,0,0,0,0,20.83,20.83,0,8.33,12.5,8.33,8.33,0,16.67,8.33,0,0,0,0,0,4.17,0,4.17,0,0,0,0,0,4.17,0,8.33,8.33,0,0,0,0,0,0,0,0,0,0,0,0,0,0,0,0,0,0,0,0,0,0,0,0,0,0,0,0,0,0,0,0,0,0,0,0,0,0,0,0,0,0,0,0,0,0,0,0,4.17,20.83,0,0,8.33,4.17,0,8.33,4.17,12.5,0,0,0,0,0,0,0,12.5,4.17,8.33,0,0,0,0
schoolmistress.txt,3,15,77.34,40.06,99,1,15,6.67,93.33,73.33,53.33,0,0,0,0,0,0,0,0,13.33,6.67,0,13.33,13.33,6.67,6.67,0,20,13.33,13.33,0,0,0,0,13.33,6.67,6.67,0,0,0,6.67,0,0,0,6.67,0,6.67,6.67,0,6.67,0,6.67,0,0,0,0,0,0,0,0,0,0,0,0,0,0,0,0,0,0,0,0,0,0,0,0,0,0,0,0,0,0,0,0,0,0,0,0,0,0,0,0,0,0,13.33,26.67,0,6.67,20,6.67,0,0,13.33,13.33,0,0,0,0,0,0,0,40,6.67,26.67,0,0,0,6.67
schoolmistress.txt,4,60,77.34,1,89.39,97.84,60,20,81.67,73.33,55,8.33,1.67,0,0,0,0,0,6.67,16.67,11.67,1.67,15,6.67,1.67,10,6.67,15,11.67,3.33,0,0,0,0,16.67,0,16.67,1.67,0,1.67,5,0,11.67,0,6.67,6.67,0,1.67,1.67,0,0,0,0,0,1.67,0,0,0,0,0,0,1.67,0,0,0,0,0,0,0,0,0,0,0,0,0,0,1.67,0,0,0,0,0,0,0,0,0,0,0,1.67,0,0,0,0,1.67,3.33,20,0,3.33,8.33,5,0,3.33,1.67,8.33,0,0,0,0,0,0,0,10,1.67,8.33,0,0,0,0
schoolmistress.txt,5,71,21.96,56.87,16.15,20.23,71,11.27,95.77,83.1,74.65,14.08,8.45,0,0,0,8.45,0,5.63,19.72,5.63,2.82,16.9,12.68,8.45,12.68,1.41,14.08,5.63,11.27,0,0,0,0,19.72,5.63,14.08,2.82,1.41,4.23,2.82,1.41,5.63,0,0,0,0,0,0,0,0,0,0,0,9.86,0,0,0,0,0,0,9.86,0,0,8.45,0,0,0,0,0,1.41,0,0,1.41,1.41,0,0,0,0,0,0,0,0,0,0,0,2.82,1.41,0,0,0,0,0,0,4.23,1.41,0,0,1.41,0,0,0,15.49,9.86,1.41,0,0,0,0,0,0,11.27,1.41,8.45,0,0,0,1.41
schoolmistress.txt,6,43,81.67,87.48,36.92,20.23,43,4.65,95.35,81.4,67.44,18.6,11.63,0,0,0,11.63,0,6.98,25.58,9.3,2.33,20.93,4.65,2.33,9.3,0,13.95,0,11.63,0,0,0,0,16.28,4.65,11.63,6.98,0,0,2.33,0,4.65,0,0,0,0,0,0,0,0,0,0,0,16.28,0,0,0,0,0,0,13.95,0,0,11.63,0,0,0,0,0,2.33,0,0,2.33,0,0,2.33,0,0,0,0,0,0,0,0,0,0,0,0,0,0,0,0,0,4.65,11.63,0,0,9.3,0,0,2.33,6.98,11.63,0,0,0,0,0,0,0,9.3,2.33,6.98,0,0,0,0
schoolmistress.txt,7,34,16.49,57.59,93.5,20.23,34,5.88,97.06,73.53,70.59,8.82,8.82,0,0,0,8.82,0,0,26.47,14.71,0,5.88,8.82,14.71,14.71,2.94,8.82,5.88,0,0,0,0,0,14.71,2.94,11.76,2.94,0,2.94,0,0,5.88,0,0,0,0,0,0,0,0,0,0,0,11.76,0,0,0,0,0,0,11.76,0,0,8.82,0,0,0,0,0,5.88,0,0,5.88,0,0,0,0,0,0,0,0,0,0,0,0,0,0,0,0,0,0,0,0,17.65,14.71,0,0,14.71,0,0,0,14.71,8.82,0,2.94,0,0,0,0,0,23.53,11.76,11.76,0,0,0,0
schoolmistress.txt,8,22,71.44,96.39,1,20.23,22,13.64,90.91,90.91,68.18,18.18,13.64,0,0,0,13.64,0,4.55,13.64,9.09,0,22.73,9.09,4.55,9.09,0,27.27,4.55,0,0,0,0,0,18.18,0,18.18,4.55,0,0,4.55,0,0,4.55,0,0,0,0,0,0,0,0,0,0,13.64,0,0,0,0,0,0,13.64,0,0,13.64,0,0,0,0,0,0,0,0,0,0,0,0,0,0,0,0,0,0,0,0,0,0,4.55,0,0,0,0,0,0,4.55,4.55,0,0,4.55,0,0,0,9.09,22.73,0,0,0,0,0,0,0,9.09,4.55,4.55,0,0,0,0
schoolmistress.txt,9,40,62.1,89.5,78.67,20.23,40,2.5,95,77.5,65,12.5,7.5,0,0,0,5,2.5,5,20,10,2.5,15,10,7.5,7.5,0,12.5,15,7.5,5,5,0,0,12.5,2.5,10,0,0,0,5,0,2.5,2.5,0,0,0,0,0,0,0,0,0,0,15,0,0,0,0,0,0,12.5,5,0,7.5,2.5,0,0,0,0,0,0,0,0,0,0,2.5,0,0,0,0,0,0,0,0,0,0,0,0,0,0,0,0,0,10,25,0,0,22.5,2.5,0,0,2.5,12.5,0,0,0,0,0,0,0,7.5,2.5,2.5,0,0,0,2.5
schoolmistress.txt,10,17,1,99,12.44,20.23,17,0,100,88.24,64.71,17.65,17.65,0,0,0,17.65,0,0,17.65,0,5.88,5.88,17.65,11.76,17.65,0,29.41,5.88,11.76,11.76,11.76,0,0,0,0,0,0,0,0,0,0,0,0,0,0,0,0,0,0,0,0,0,0,29.41,0,0,0,0,0,0,29.41,11.76,0,23.53,5.88,0,0,0,0,0,0,0,0,0,0,11.76,0,0,0,0,0,0,0,11.76,0,0,0,0,0,0,0,0,0,0,0,0,0,0,0,0,0,29.41,29.41,0,5.88,0,0,0,0,0,29.41,23.53,5.88,0,0,0,0
schoolmistress.txt,11,33,89.52,99,1,20.23,33,18.18,96.97,78.79,66.67,15.15,15.15,0,0,0,12.12,3.03,0,24.24,9.09,3.03,21.21,9.09,3.03,3.03,0,21.21,6.06,3.03,15.15,6.06,6.06,3.03,9.09,0,9.09,3.03,3.03,0,0,0,3.03,0,0,0,0,0,0,0,0,0,0,0,33.33,9.09,0,0,0,0,9.09,24.24,6.06,0,9.09,9.09,0,0,0,0,0,0,0,0,0,0,0,0,0,0,0,0,0,0,0,0,0,3.03,0,0,0,0,0,3.03,3.03,6.06,0,0,6.06,0,0,0,3.03,12.12,0,0,0,0,0,0,0,15.15,3.03,9.09,0,0,0,3.03
schoolmistress.txt,12,37,51.04,40.06,3.49,20.23,37,13.51,91.89,72.97,67.57,10.81,5.41,0,0,0,5.41,0,5.41,24.32,13.51,0,10.81,13.51,2.7,10.81,2.7,16.22,2.7,2.7,5.41,5.41,0,0,13.51,5.41,8.11,0,0,2.7,0,0,5.41,0,0,0,0,0,0,0,0,0,0,0,8.11,0,0,0,0,0,0,8.11,2.7,0,8.11,0,0,0,0,0,2.7,0,0,2.7,0,0,5.41,0,0,0,0,0,0,0,0,0,0,0,0,0,0,0,0,0,2.7,10.81,0,0,5.41,5.41,0,0,5.41,13.51,2.7,0,0,0,0,0,0,10.81,2.7,8.11,0,0,0,0
schoolmistress.txt,13,17,16.49,93.56,99,20.23,17,5.88,88.24,82.35,47.06,11.76,11.76,0,0,0,0,5.88,0,5.88,5.88,0,5.88,11.76,5.88,11.76,0,23.53,11.76,11.76,0,0,0,0,0,0,0,0,0,0,0,0,0,0,0,0,0,0,0,0,0,0,0,0,17.65,5.88,0,0,0,0,5.88,11.76,0,0,0,0,0,0,0,0,0,0,0,0,0,0,0,0,0,0,0,0,0,0,0,0,0,0,0,0,0,0,0,0,0,23.53,0,11.76,11.76,0,0,0,11.76,23.53,0,0,0,0,0,0,0,23.53,0,17.65,0,0,0,5.88
schoolmistress.txt,14,28,89.52,99,2.36,1,9.33,10.71,89.29,67.86,60.71,17.86,14.29,0,0,0,7.14,7.14,3.57,21.43,14.29,0,14.29,10.71,0,0,0,17.86,0,3.57,3.57,0,0,3.57,0,0,0,0,0,0,0,0,0,0,3.57,0,3.57,0,0,0,0,0,0,0,28.57,7.14,0,0,3.57,0,3.57,21.43,0,0,0,7.14,10.71,7.14,3.57,0,0,0,0,0,0,0,3.57,0,0,0,0,0,0,0,3.57,0,0,7.14,0,0,0,0,0,0,7.14,14.29,0,3.57,10.71,0,0,0,0,10.71,3.57,0,0,0,0,0,0,25,10.71,7.14,0,0,0,7.14
schoolmistress.txt,15,4,1,99,1,20.23,4,0,100,100,75,75,50,0,0,25,0,0,25,25,0,0,0,0,0,0,0,25,0,0,0,0,0,0,0,0,0,0,0,0,0,0,0,0,0,0,0,0,0,0,0,0,0,0,75,25,0,0,0,0,25,50,0,0,0,0,0,0,0,0,0,0,0,0,0,0,0,0,0,0,0,0,0,0,0,0,0,0,0,0,0,0,0,0,0,0,0,0,0,0,0,0,0,25,0,0,0,0,0,0,0,75,0,0,25,0,0,50
schoolmistress.txt,16,11,89.52,86.82,50.45,20.23,11,9.09,63.64,63.64,54.55,18.18,9.09,0,0,0,0,9.09,9.09,9.09,9.09,0,18.18,9.09,0,0,0,18.18,0,0,0,0,0,0,0,0,0,0,0,0,0,0,0,0,0,0,0,0,0,0,0,0,0,0,9.09,0,0,0,0,0,0,9.09,0,0,0,0,0,0,0,0,0,0,0,0,0,0,0,0,0,0,0,0,0,0,0,0,0,0,0,0,0,0,0,0,0,18.18,0,0,18.18,0,0,0,0,9.09,0,0,0,0,0,0,0,45.45,9.09,9.09,0,0,9.09,18.18
schoolmistress.txt,17,9,33.38,92.24,77.17,20.23,9,0,100,88.89,66.67,11.11,11.11,0,0,0,0,11.11,0,11.11,11.11,0,11.11,11.11,11.11,11.11,0,11.11,22.22,11.11,0,0,0,0,0,0,0,0,0,0,0,0,0,0,0,0,0,0,0,0,0,0,0,0,11.11,0,0,0,0,0,0,11.11,0,0,0,0,0,0,0,0,0,0,0,0,0,0,0,0,0,0,0,0,0,0,0,0,0,0,0,0,0,0,0,0,22.22,22.22,0,0,11.11,0,11.11,0,11.11,11.11,0,0,0,0,0,0,0,11.11,11.11,0,0,0,0,0
schoolmistress.txt,18,26,74.95,98.04,11.63,20.23,26,15.38,88.46,76.92,65.38,15.38,7.69,0,0,0,7.69,0,7.69,19.23,7.69,3.85,19.23,7.69,3.85,7.69,0,19.23,0,3.85,0,0,0,0,3.85,0,3.85,3.85,0,0,0,0,0,0,0,0,0,0,0,0,0,0,0,0,15.38,0,0,0,0,0,0,15.38,0,0,11.54,3.85,0,0,0,0,3.85,0,0,3.85,0,0,0,0,0,0,0,0,0,0,0,0,0,0,0,0,0,0,0,0,0,7.69,0,3.85,7.69,0,0,0,3.85,7.69,0,3.85,0,0,0,0,0,11.54,3.85,7.69,0,0,0,0
schoolmistress.txt,19,37,80.1,99,1,20.23,37,18.92,86.49,70.27,64.86,10.81,10.81,0,0,0,8.11,0,0,18.92,13.51,2.7,18.92,10.81,8.11,8.11,0,16.22,0,2.7,5.41,2.7,2.7,0,2.7,0,2.7,2.7,0,0,0,0,0,0,0,0,0,0,0,0,0,0,0,0,21.62,2.7,0,0,0,0,2.7,18.92,0,0,8.11,2.7,0,0,0,0,8.11,0,2.7,5.41,0,0,0,0,0,0,0,0,0,0,0,0,0,0,0,0,0,0,0,0,2.7,5.41,0,0,5.41,0,0,0,2.7,13.51,0,0,0,0,0,0,0,8.11,2.7,5.41,0,0,0,0
schoolmistress.txt,20,11,1.5,99,1,20.23,11,9.09,90.91,90.91,72.73,36.36,36.36,0,0,0,36.36,0,0,18.18,0,0,18.18,0,9.09,18.18,0,18.18,0,0,0,0,0,0,9.09,0,9.09,9.09,0,0,0,0,0,0,0,0,0,0,0,0,0,0,0,0,36.36,0,0,0,0,0,0,36.36,0,0,18.18,18.18,0,0,0,0,0,0,0,0,0,0,0,0,0,0,0,0,0,0,0,0,0,0,0,0,0,0,0,0,0,18.18,0,9.09,9.09,0,0,0,9.09,18.18,0,0,0,0,0,0,0,9.09,9.09,0,0,0,0,0
schoolmistress.txt,21,1,89.52,40.06,99,99,1,100,100,0,0,0,0,0,0,0,0,0,0,0,0,0,0,0,0,0,0,0,0,0,0,0,0,0,0,0,0,0,0,0,0,0,0,0,100,100,0,0,0,0,0,0,0,0,100,100,0,100,0,0,0,0,0,0,0,0,0,0,0,0,0,0,0,0,0,0,0,0,0,0,0,0,0,0,0,0,0,0,0,0,0,0,0,0,0,0,0,0,0,0,0,0,100,0,0,0,0,0,0,0,0,400,0,100,0,0,0,300
schoolmistress.txt,22,4,26.1,99,1,20.23,4,0,100,100,75,50,50,0,0,0,50,0,0,25,0,0,25,0,0,0,0,25,0,0,0,0,0,0,0,0,0,0,0,0,0,0,0,0,0,0,0,0,0,0,0,0,0,0,75,25,0,0,0,0,25,50,0,0,25,25,0,0,0,0,0,0,0,0,0,0,0,0,0,0,0,0,0,0,0,0,0,0,0,0,0,0,0,0,0,0,0,0,0,0,0,0,0,25,0,0,0,0,0,0,0,25,25,0,0,0,0,0
schoolmistress.txt,23,6,1,98.75,99,20.23,6,33.33,100,66.67,50,33.33,33.33,16.67,0,16.67,0,0,0,0,0,0,0,16.67,0,0,0,33.33,0,0,0,0,0,0,16.67,0,16.67,0,0,0,16.67,0,0,0,0,0,0,0,0,0,0,0,0,0,16.67,0,0,0,0,0,0,16.67,0,0,0,0,0,0,0,0,16.67,0,16.67,0,0,0,0,0,0,0,0,0,0,0,0,0,0,0,0,0,0,0,0,0,0,33.33,0,16.67,16.67,0,0,0,0,0,16.67,0,0,0,0,0,0,66.67,16.67,16.67,0,0,0,33.33
schoolmistress.txt,24,31,89.52,59.25,6.29,97.31,31,16.13,87.1,70.97,51.61,6.45,0,0,0,0,0,0,6.45,16.13,9.68,0,16.13,6.45,3.23,9.68,0,19.35,6.45,0,0,0,0,0,3.23,0,3.23,0,0,0,0,0,3.23,0,6.45,6.45,0,3.23,3.23,0,0,0,0,0,9.68,3.23,3.23,0,0,0,0,6.45,0,0,3.23,3.23,0,0,0,0,0,0,0,0,0,0,3.23,0,0,0,0,0,0,0,0,0,0,0,3.23,0,0,0,0,0,6.45,6.45,3.23,0,0,6.45,0,0,6.45,9.68,0,0,0,0,0,0,0,12.9,3.23,9.68,0,0,0,0
schoolmistress.txt,25,41,55.8,40.06,42.46,58.42,41,12.2,95.12,78.05,63.41,14.63,12.2,0,0,0,12.2,0,2.44,12.2,4.88,0,19.51,4.88,2.44,12.2,4.88,14.63,7.32,2.44,0,0,0,0,12.2,2.44,9.76,0,2.44,0,2.44,0,7.32,0,2.44,2.44,0,0,0,0,0,0,0,0,17.07,2.44,0,0,0,0,2.44,12.2,0,0,0,12.2,0,0,0,0,12.2,4.88,4.88,2.44,0,0,2.44,0,0,0,0,0,0,0,0,0,0,0,0,0,0,0,0,0,4.88,21.95,0,2.44,17.07,0,2.44,0,2.44,9.76,0,0,0,0,0,0,0,9.76,2.44,4.88,0,0,0,2.44
schoolmistress.txt,26,7,1,97.11,1,20.23,7,14.29,100,85.71,57.14,28.57,14.29,0,0,0,14.29,0,14.29,14.29,0,0,0,0,28.57,0,0,28.57,0,0,0,0,0,0,0,0,0,0,0,0,0,0,0,0,0,0,0,0,0,0,0,0,0,0,28.57,14.29,0,0,0,0,14.29,14.29,0,0,0,14.29,0,0,0,0,0,0,0,0,0,0,14.29,0,0,0,0,0,0,14.29,0,0,0,0,0,0,0,0,0,0,14.29,14.29,0,0,0,0,0,14.29,0,28.57,0,0,0,0,0,0,0,42.86,14.29,28.57,0,0,0,0
schoolmistress.txt,27,20,89.52,89.5,1,20.23,20,10,80,70,65,10,10,0,0,0,10,0,0,15,15,0,20,0,10,15,0,5,0,0,0,0,0,0,5,0,5,5,0,0,0,5,0,0,0,0,0,0,0,0,0,0,0,0,15,5,0,0,0,0,0,10,0,0,0,10,0,0,0,0,0,0,0,0,0,0,5,0,0,0,0,5,0,5,0,0,0,0,0,0,0,0,0,0,5,5,0,5,0,0,0,0,5,5,0,0,0,0,0,0,0,5,5,0,0,0,0,0
schoolmistress.txt,28,30,15.41,98.75,7.03,72.45,30,23.33,90,80,63.33,20,16.67,0,0,0,16.67,0,3.33,13.33,3.33,0,10,10,3.33,10,0,20,6.67,6.67,0,0,0,0,13.33,6.67,6.67,6.67,0,0,0,0,0,0,10,6.67,3.33,3.33,0,3.33,0,0,0,0,20,3.33,0,0,0,0,0,16.67,0,0,6.67,10,0,0,0,0,0,0,0,0,0,0,3.33,0,0,0,0,0,0,0,0,0,0,0,0,0,0,0,0,0,0,13.33,0,0,10,0,0,3.33,10,16.67,0,0,0,0,0,0,0,10,3.33,6.67,0,0,0,0
schoolmistress.txt,29,40,32.63,8.37,45.52,90.5,40,25,92.5,80,60,7.5,2.5,0,0,0,2.5,0,5,15,7.5,5,10,7.5,5,15,5,20,10,5,0,0,0,0,20,2.5,17.5,7.5,0,0,5,2.5,7.5,2.5,5,5,0,0,0,0,0,0,0,0,10,5,0,2.5,0,0,2.5,5,0,0,2.5,0,0,0,0,0,7.5,0,0,5,0,2.5,0,0,0,0,0,0,0,0,0,0,0,0,0,0,0,0,0,0,5,5,0,0,2.5,2.5,0,0,2.5,10,0,2.5,0,0,0,0,0,12.5,2.5,10,0,0,0,0
schoolmistress.txt,30,6,49.68,1,39.59,20.23,6,16.67,83.33,66.67,50,16.67,16.67,16.67,0,0,0,0,0,0,0,0,16.67,16.67,0,0,0,50,0,0,0,0,0,0,0,0,0,0,0,0,0,0,0,0,0,0,0,0,0,0,0,0,0,0,16.67,16.67,0,0,0,0,0,0,0,0,0,0,0,0,0,0,0,0,0,0,0,0,0,0,0,0,0,0,0,0,0,0,0,0,0,0,0,0,0,0,16.67,0,0,0,0,0,0,0,0,0,16.67,33.33,0,0,0,0,0,50,0,16.67,0,0,0,33.33
schoolmistress.txt,31,6,89.52,98.75,1,20.23,6,33.33,50,50,33.33,16.67,16.67,0,0,0,16.67,0,0,0,0,0,16.67,0,0,0,0,16.67,0,0,0,0,0,0,0,0,0,0,0,0,0,0,0,0,0,0,0,0,0,0,0,0,0,0,16.67,0,0,0,0,0,0,16.67,0,0,0,16.67,0,0,0,0,0,0,0,0,0,0,0,0,0,0,0,0,0,0,0,0,0,0,0,0,0,0,0,0,0,16.67,0,16.67,0,0,0,0,0,16.67,0,0,0,0,0,0,0,33.33,0,33.33,0,0,0,0
schoolmistress.txt,32,9,1,1,99,20.23,9,0,100,88.89,77.78,22.22,22.22,11.11,0,0,11.11,0,0,0,0,0,11.11,22.22,0,11.11,11.11,33.33,0,0,0,0,0,0,22.22,0,22.22,0,0,0,0,0,22.22,0,0,0,0,0,0,0,0,0,0,0,22.22,11.11,0,0,0,0,11.11,11.11,0,0,0,11.11,0,0,0,0,11.11,0,11.11,0,0,0,0,0,0,0,0,0,0,0,0,0,0,0,0,0,0,0,0,0,0,11.11,0,0,11.11,0,0,0,0,11.11,22.22,0,0,0,0,0,0,33.33,11.11,0,0,0,0,22.22
schoolmistress.txt,33,18,99,92.24,39.59,20.23,18,22.22,77.78,61.11,50,5.56,5.56,0,0,0,0,5.56,0,22.22,22.22,0,16.67,0,0,5.56,0,11.11,0,0,5.56,0,5.56,5.56,0,0,0,0,0,0,0,0,0,0,0,0,0,0,0,0,0,0,0,0,11.11,0,0,0,0,0,0,11.11,0,0,0,0,0,0,0,0,0,0,0,0,0,0,0,0,0,0,0,0,0,0,0,0,0,0,0,0,0,0,0,0,0,16.67,0,5.56,11.11,0,0,0,0,5.56,0,0,0,0,0,0,0,16.67,5.56,5.56,0,0,0,5.56
schoolmistress.txt,34,17,99,40.06,12.44,20.23,17,23.53,70.59,64.71,47.06,0,0,0,0,0,0,0,0,29.41,23.53,5.88,17.65,0,0,0,0,11.76,5.88,11.76,5.88,0,5.88,0,0,0,0,0,0,0,0,0,0,0,0,0,0,0,0,0,0,0,0,0,0,0,0,0,0,0,0,0,0,0,0,0,0,0,0,0,5.88,0,0,5.88,0,0,0,0,0,0,0,0,0,0,0,0,0,0,0,0,0,0,0,0,0,17.65,0,11.76,0,0,0,5.88,0,5.88,0,0,0,0,0,0,0,11.76,5.88,5.88,0,0,0,0
schoolmistress.txt,35,34,99,24.36,83.69,95.42,34,20.59,82.35,64.71,58.82,2.94,0,0,0,0,0,0,2.94,23.53,17.65,2.94,29.41,0,2.94,2.94,0,5.88,0,5.88,2.94,2.94,0,0,5.88,0,5.88,0,0,0,2.94,0,2.94,0,5.88,5.88,0,0,0,0,0,0,0,0,2.94,2.94,2.94,0,0,0,0,0,0,0,0,0,0,0,0,0,0,0,0,0,0,0,0,0,0,0,0,0,0,0,0,0,0,0,0,0,0,0,0,0,8.82,17.65,0,2.94,14.71,0,0,0,2.94,0,0,0,0,0,0,0,0,14.71,2.94,11.76,0,0,0,0
schoolmistress.txt,36,21,70.33,4.61,56.69,1,21,38.1,80.95,66.67,52.38,0,0,0,0,0,0,0,0,14.29,14.29,0,9.52,14.29,9.52,9.52,0,23.81,4.76,0,0,0,0,0,33.33,0,33.33,14.29,0,4.76,14.29,0,9.52,0,4.76,0,4.76,0,0,0,0,0,0,0,0,0,0,0,0,0,0,0,0,0,0,0,0,0,0,0,4.76,0,0,4.76,0,0,0,0,0,0,0,0,0,0,0,0,0,0,0,0,0,0,0,4.76,9.52,0,0,0,0,0,0,0,0,4.76,0,0,0,0,0,0,0,9.52,4.76,4.76,0,0,0,0
schoolmistress.txt,37,18,49.68,40.06,39.59,1,18,11.11,88.89,83.33,66.67,22.22,11.11,0,0,0,11.11,0,11.11,22.22,11.11,0,16.67,5.56,0,11.11,5.56,16.67,0,5.56,0,0,0,0,27.78,11.11,16.67,11.11,0,0,0,0,5.56,0,5.56,0,5.56,5.56,0,5.56,0,5.56,0,0,16.67,5.56,0,0,5.56,0,0,11.11,0,0,11.11,0,0,0,0,0,0,0,0,0,0,0,0,0,0,0,0,0,0,0,0,0,0,0,0,0,0,0,0,0,5.56,5.56,0,0,0,0,0,5.56,11.11,16.67,0,0,0,0,0,0,0,5.56,5.56,0,0,0,0,0
schoolmistress.txt,38,2,1,40.06,99,20.23,2,50,50,50,50,0,0,0,0,0,0,0,0,0,0,0,0,0,50,0,0,0,0,0,0,0,0,0,50,0,50,50,50,0,0,0,0,0,0,0,0,0,0,0,0,0,0,0,0,0,0,0,0,0,0,0,0,0,0,0,0,0,0,0,0,0,0,0,0,0,0,0,0,0,0,0,0,0,0,0,0,0,0,0,0,0,0,0,0,0,0,0,0,0,0,0,0,0,0,0,0,0,0,0,0,100,0,0,0,50,0,50
schoolmistress.txt,39,32,26.1,75.49,1.63,1,32,15.63,96.88,81.25,68.75,15.63,12.5,0,0,0,6.25,3.13,3.13,25,9.38,3.13,9.38,12.5,3.13,6.25,6.25,18.75,3.13,6.25,3.13,0,0,3.13,15.63,9.38,6.25,0,0,0,3.13,0,3.13,0,6.25,0,6.25,3.13,0,3.13,0,3.13,0,0,21.88,6.25,0,0,3.13,0,3.13,15.63,0,0,6.25,3.13,0,0,0,0,3.13,0,0,0,3.13,0,0,0,0,0,0,0,0,0,0,0,0,0,0,0,0,0,0,0,3.13,6.25,3.13,0,3.13,0,0,0,6.25,15.63,0,0,0,0,0,0,0,15.63,3.13,9.38,0,0,0,3.13
schoolmistress.txt,40,68,68.25,73.71,1.39,20.23,68,14.71,94.12,76.47,64.71,13.24,8.82,0,0,0,8.82,0,4.41,20.59,10.29,4.41,17.65,10.29,4.41,7.35,2.94,17.65,4.41,7.35,7.35,0,1.47,5.88,10.29,1.47,8.82,4.41,1.47,1.47,0,0,1.47,0,0,0,0,0,0,0,0,0,0,0,14.71,4.41,0,0,0,0,1.47,10.29,0,0,0,8.82,1.47,1.47,0,0,10.29,0,0,10.29,0,0,1.47,0,0,0,0,0,0,0,0,0,0,1.47,0,0,0,0,0,0,4.41,10.29,0,0,4.41,1.47,0,1.47,5.88,13.24,0,0,0,0,0,0,0,10.29,1.47,5.88,0,0,1.47,1.47
schoolmistress.txt,41,49,68.5,52.23,7.55,96.32,49,24.49,91.84,69.39,55.1,6.12,4.08,0,0,0,2.04,0,2.04,16.33,14.29,0,8.16,6.12,10.2,8.16,2.04,16.33,4.08,0,4.08,0,0,4.08,14.29,2.04,12.24,6.12,0,2.04,4.08,0,2.04,0,10.2,8.16,2.04,4.08,0,2.04,0,2.04,0,0,18.37,10.2,0,0,4.08,0,4.08,6.12,0,0,2.04,0,0,0,0,0,10.2,2.04,0,8.16,2.04,0,2.04,0,0,0,0,0,0,0,0,0,0,0,0,0,0,0,0,0,6.12,4.08,0,0,4.08,0,0,0,2.04,8.16,2.04,0,0,0,0,0,0,22.45,8.16,10.2,0,0,2.04,2.04
schoolmistress.txt,42,4,1,99,1,99,4,25,100,100,75,25,25,0,0,0,25,0,0,0,0,0,0,25,25,0,0,25,25,0,0,0,0,0,25,0,25,0,0,0,0,25,0,0,25,25,0,0,0,0,0,0,0,0,25,0,0,0,0,0,0,25,0,0,0,25,0,0,0,0,0,0,0,0,0,0,0,0,0,0,0,0,0,0,0,0,0,0,0,0,0,0,0,0,0,0,0,0,0,0,0,0,0,0,25,0,0,0,0,0,0,75,0,25,0,0,0,50
schoolmistress.txt,43,5,89.52,99,1,20.23,5,40,80,60,40,20,20,0,0,0,20,0,0,0,0,0,20,0,0,0,0,20,0,0,0,0,0,0,20,0,20,20,0,0,0,0,0,0,0,0,0,0,0,0,0,0,0,0,20,0,0,0,0,0,0,20,0,0,20,0,0,0,0,0,0,0,0,0,0,0,0,0,0,0,0,0,0,0,0,0,0,0,0,0,0,0,0,0,0,20,0,0,0,20,0,0,0,0,0,0,0,0,0,0,0,40,20,20,0,0,0,0
schoolmistress.txt,44,6,89.52,40.06,99,1,6,0,100,83.33,33.33,0,0,0,0,0,0,0,0,16.67,16.67,0,0,0,0,16.67,0,16.67,33.33,0,0,0,0,0,0,0,0,0,0,0,0,0,0,0,33.33,0,33.33,0,0,0,0,0,0,0,0,0,0,0,0,0,0,0,0,0,0,0,0,0,0,0,0,0,0,0,0,0,0,0,0,0,0,0,0,0,0,0,0,0,0,0,0,0,0,0,16.67,33.33,0,0,33.33,0,0,0,0,16.67,0,0,0,0,0,0,0,66.67,66.67,0,0,0,0,0
schoolmistress.txt,45,5,99,99,99,20.23,5,0,80,80,60,20,20,0,0,0,0,20,0,20,20,0,20,0,0,0,0,20,0,0,0,0,0,0,0,0,0,0,0,0,0,0,0,0,0,0,0,0,0,0,0,0,0,0,20,0,0,0,0,0,0,20,0,0,0,0,0,0,0,0,0,0,0,0,0,0,0,0,0,0,0,0,0,0,0,0,0,0,0,0,0,0,0,0,0,40,0,20,20,0,0,0,0,20,0,0,0,0,0,0,0,20,20,0,0,0,0,0
schoolmistress.txt,46,27,75.62,62.05,99,20.23,27,11.11,81.48,66.67,51.85,7.41,7.41,0,0,0,0,7.41,0,11.11,7.41,0,14.81,3.7,7.41,7.41,3.7,11.11,7.41,0,0,0,0,0,3.7,3.7,0,0,0,0,0,0,0,0,0,0,0,0,0,0,0,0,0,0,7.41,0,0,0,0,0,0,7.41,0,0,0,0,0,0,0,0,3.7,0,3.7,0,0,0,3.7,0,0,0,0,0,0,0,0,0,0,0,0,0,0,0,0,0,11.11,33.33,0,11.11,22.22,0,0,0,0,11.11,0,0,0,0,0,0,0,14.81,3.7,11.11,0,0,0,0
schoolmistress.txt,47,3,89.52,40.06,99,20.23,3,0,100,66.67,66.67,33.33,0,0,0,0,0,0,33.33,33.33,33.33,0,0,0,0,0,0,0,0,0,0,0,0,0,0,0,0,0,0,0,0,0,0,0,0,0,0,0,0,0,0,0,0,0,0,0,0,0,0,0,0,0,0,0,0,0,0,0,0,0,0,0,0,0,0,0,0,0,0,0,0,0,0,0,0,0,0,0,0,0,0,0,0,0,33.33,33.33,0,0,33.33,0,0,0,0,0,0,0,0,0,0,0,0,100,0,0,0,33.33,0,66.67
schoolmistress.txt,48,5,3.8,99,1,99,5,20,80,60,40,20,20,0,0,0,20,0,0,0,0,0,0,0,0,20,0,20,0,0,0,0,0,0,0,0,0,0,0,0,0,0,0,0,20,20,0,20,20,0,0,0,0,0,60,40,0,0,0,0,40,20,0,0,0,20,0,0,0,0,0,0,0,0,0,0,0,0,0,0,0,0,0,0,0,0,0,0,0,0,0,0,0,0,0,0,0,0,0,0,0,0,0,20,0,0,0,0,0,0,0,40,20,20,0,0,0,0
schoolmistress.txt,49,15,10.19,40.06,19.26,20.23,15,13.33,93.33,86.67,60,13.33,6.67,0,0,0,6.67,0,6.67,13.33,6.67,0,6.67,6.67,13.33,6.67,6.67,26.67,6.67,0,0,0,0,0,26.67,0,26.67,6.67,6.67,6.67,0,0,6.67,0,0,0,0,0,0,0,0,0,0,0,13.33,0,0,0,0,0,0,13.33,0,0,0,13.33,0,0,0,0,0,0,0,0,0,0,13.33,0,0,0,0,0,6.67,0,0,0,0,0,0,0,0,0,0,0,6.67,20,0,0,13.33,6.67,0,0,0,13.33,0,0,0,0,0,0,0,6.67,6.67,0,0,0,0,0
schoolmistress.txt,50,22,12.37,99,1,20.23,22,22.73,86.36,59.09,59.09,31.82,18.18,0,0,0,18.18,0,13.64,22.73,0,0,13.64,9.09,4.55,0,0,9.09,0,0,4.55,0,0,4.55,4.55,0,4.55,0,0,4.55,0,0,0,0,9.09,4.55,4.55,4.55,0,4.55,0,0,4.55,0,18.18,0,0,0,0,0,0,18.18,0,0,0,18.18,0,0,0,0,4.55,0,0,0,0,4.55,0,0,0,0,0,0,0,0,0,0,0,0,0,0,0,0,0,4.55,13.64,22.73,0,0,18.18,4.55,0,0,0,0,0,0,0,0,0,0,0,31.82,0,22.73,4.55,0,0,4.55
schoolmistress.txt,51,26,96.67,20.31,57.98,1,26,26.92,92.31,65.38,53.85,3.85,3.85,0,0,0,3.85,0,0,15.38,11.54,0,19.23,3.85,3.85,7.69,3.85,7.69,7.69,0,3.85,0,3.85,3.85,7.69,3.85,3.85,0,0,0,0,0,3.85,0,11.54,0,11.54,7.69,0,7.69,0,0,0,0,7.69,0,0,0,0,0,0,3.85,0,0,0,3.85,0,0,0,0,0,0,0,0,0,0,0,0,0,0,0,0,0,0,0,0,0,3.85,0,0,0,3.85,0,0,26.92,15.38,0,3.85,11.54,0,0,0,3.85,3.85,0,0,0,0,0,0,0,19.23,3.85,11.54,0,0,0,3.85
schoolmistress.txt,52,11,6.68,1,99,20.23,11,9.09,81.82,81.82,63.64,0,0,0,0,0,0,0,0,9.09,0,9.09,9.09,9.09,18.18,18.18,0,27.27,0,9.09,0,0,0,0,36.36,0,36.36,0,9.09,9.09,18.18,0,18.18,0,0,0,0,0,0,0,0,0,0,0,0,0,0,0,0,0,0,0,0,0,0,0,0,0,0,0,0,0,0,0,0,0,18.18,0,0,0,0,0,0,0,0,0,0,0,0,0,0,0,0,0,27.27,36.36,0,0,36.36,0,0,0,0,0,0,0,0,0,0,0,0,9.09,0,0,9.09,0,0,0
schoolmistress.txt,53,56,35.59,21.49,1,47.3,56,14.29,96.43,76.79,64.29,10.71,5.36,0,0,0,5.36,0,5.36,17.86,7.14,3.57,12.5,8.93,5.36,10.71,5.36,16.07,7.14,3.57,3.57,0,1.79,1.79,21.43,3.57,17.86,1.79,1.79,5.36,1.79,0,5.36,0,16.07,8.93,7.14,8.93,3.57,5.36,0,0,1.79,0,10.71,1.79,0,0,0,0,1.79,7.14,0,0,0,7.14,0,0,0,0,1.79,0,0,0,1.79,0,1.79,0,0,0,0,0,0,0,0,0,1.79,0,0,0,0,0,1.79,0,14.29,5.36,0,0,1.79,3.57,0,0,1.79,3.57,0,0,0,0,0,0,0,8.93,1.79,5.36,0,0,0,1.79
schoolmistress.txt,54,24,10.19,18.97,1,20.23,24,12.5,87.5,79.17,62.5,16.67,12.5,0,0,0,12.5,0,4.17,12.5,8.33,0,8.33,12.5,4.17,8.33,8.33,20.83,8.33,0,0,0,0,0,16.67,0,16.67,8.33,0,0,0,0,8.33,0,0,0,0,0,0,0,0,0,0,0,16.67,0,0,0,0,0,0,12.5,0,0,0,12.5,0,0,0,0,4.17,0,0,0,0,4.17,0,0,0,0,0,0,0,0,0,0,0,0,0,0,0,0,0,0,8.33,4.17,0,0,0,0,0,4.17,0,12.5,0,4.17,0,0,0,0,0,20.83,4.17,16.67,0,0,0,0
schoolmistress.txt,55,26,89.52,81.78,1,79.29,26,34.62,96.15,69.23,57.69,7.69,7.69,0,0,0,7.69,0,0,15.38,15.38,0,15.38,0,3.85,15.38,3.85,0,11.54,0,7.69,0,0,7.69,15.38,3.85,11.54,0,3.85,0,0,3.85,3.85,0,3.85,3.85,0,0,0,0,0,0,0,0,26.92,7.69,0,3.85,0,3.85,0,15.38,0,0,0,7.69,0,0,0,0,11.54,0,0,11.54,0,0,0,0,0,0,0,0,0,0,0,0,0,0,0,0,0,0,0,0,0,7.69,0,0,7.69,0,0,0,0,0,0,0,0,0,0,0,0,7.69,3.85,3.85,0,0,0,0
schoolmistress.txt,56,7,1,97.11,24.32,20.23,7,0,100,85.71,71.43,28.57,14.29,0,0,0,14.29,0,14.29,14.29,0,0,0,14.29,14.29,14.29,0,28.57,0,0,0,0,0,0,14.29,0,14.29,0,14.29,0,0,0,0,0,0,0,0,0,0,0,0,0,0,0,14.29,0,0,0,0,0,0,14.29,0,0,0,14.29,0,0,0,0,0,0,0,0,0,0,0,0,0,0,0,0,0,0,0,0,0,0,0,0,0,0,0,0,14.29,28.57,0,0,28.57,0,0,0,0,14.29,0,0,0,0,0,0,0,14.29,0,0,14.29,0,0,0
schoolmistress.txt,57,3,99,40.06,1,20.23,3,33.33,66.67,66.67,33.33,0,0,0,0,0,0,0,0,0,0,0,33.33,0,0,0,0,33.33,0,0,0,0,0,0,0,0,0,0,0,0,0,0,0,0,0,0,0,0,0,0,0,0,0,0,0,0,0,0,0,0,0,0,0,0,0,0,0,0,0,0,0,0,0,0,0,0,0,0,0,0,0,0,0,0,0,0,0,0,0,0,0,0,0,0,33.33,0,0,0,0,0,0,0,0,0,0,0,0,0,0,0,0,133.33,0,33.33,0,33.33,0,66.67
schoolmistress.txt,58,2,89.52,40.06,1,20.23,2,0,50,50,0,0,0,0,0,0,0,0,0,0,0,0,0,0,0,0,0,50,0,0,0,0,0,0,0,0,0,0,0,0,0,0,0,0,0,0,0,0,0,0,0,0,0,0,50,50,0,0,0,0,50,0,0,0,0,0,0,0,0,0,0,0,0,0,0,0,0,0,0,0,0,0,0,0,0,0,0,0,0,0,0,0,0,0,0,0,0,0,0,0,0,0,0,50,0,0,0,0,0,0,0,50,50,0,0,0,0,0
schoolmistress.txt,59,25,89.52,63.73,1,1,25,24,76,64,56,12,4,0,0,0,4,0,8,12,8,0,20,8,4,4,0,12,4,4,0,0,0,0,4,0,4,0,0,0,4,0,0,0,8,0,8,8,0,8,0,4,4,0,4,0,0,0,0,0,0,4,0,0,4,0,0,0,0,0,4,0,0,0,4,0,4,0,0,0,0,0,0,0,0,0,0,4,0,0,0,0,0,0,0,8,0,4,0,0,0,4,0,12,0,0,0,0,0,0,0,12,4,0,0,0,4,4
schoolmistress.txt,60,17,95.53,40.06,97.97,20.23,17,29.41,70.59,58.82,52.94,0,0,0,0,0,0,0,0,17.65,17.65,0,11.76,11.76,11.76,0,0,11.76,5.88,0,0,0,0,0,0,0,0,0,0,0,0,0,0,0,0,0,0,0,0,0,0,0,0,0,0,0,0,0,0,0,0,0,0,0,0,0,0,0,0,0,0,0,0,0,0,0,0,0,0,0,0,0,0,0,0,0,0,0,0,0,0,0,0,0,5.88,35.29,0,0,29.41,0,5.88,0,0,11.76,0,0,0,0,0,0,0,11.76,5.88,0,0,0,0,5.88
schoolmistress.txt,61,16,89.52,40.06,89.39,20.23,16,0,87.5,81.25,68.75,0,0,0,0,0,0,0,0,18.75,12.5,6.25,18.75,12.5,12.5,6.25,0,25,0,6.25,0,0,0,0,18.75,0,18.75,12.5,6.25,6.25,6.25,0,0,0,0,0,0,0,0,0,0,0,0,0,0,0,0,0,0,0,0,0,0,0,0,0,0,0,0,0,0,0,0,0,0,0,0,0,0,0,0,0,0,0,0,0,0,6.25,0,0,0,0,0,0,25,18.75,0,0,18.75,0,0,0,0,6.25,0,0,0,0,0,0,0,12.5,0,0,0,6.25,0,6.25
schoolmistress.txt,62,4,99,40.06,1,20.23,4,25,75,75,25,0,0,0,0,0,0,0,0,25,25,0,0,0,0,0,0,25,25,0,0,0,0,0,0,0,0,0,0,0,0,0,0,0,0,0,0,0,0,0,0,0,0,0,0,0,0,0,0,0,0,0,0,0,0,0,0,0,0,0,0,0,0,0,0,0,25,0,0,0,0,0,0,0,0,0,0,0,0,0,0,0,0,0,0,25,0,0,0,0,0,25,0,25,0,0,0,0,0,0,0,25,25,0,0,0,0,0
schoolmistress.txt,63,18,99,92.24,77.17,20.23,18,11.11,83.33,72.22,55.56,11.11,11.11,0,0,0,11.11,0,0,22.22,11.11,0,27.78,0,0,5.56,0,11.11,5.56,5.56,0,0,0,0,0,0,0,0,0,0,0,0,0,0,0,0,0,0,0,0,0,0,0,0,11.11,0,0,0,0,0,0,11.11,0,0,0,11.11,0,0,0,0,0,0,0,0,0,0,0,0,0,0,0,0,0,0,0,0,0,5.56,0,0,0,0,0,0,16.67,33.33,0,5.56,27.78,0,0,0,0,5.56,0,0,0,0,0,0,0,5.56,5.56,0,0,0,0,0
schoolmistress.txt,64,3,1,99,1,20.23,3,0,100,100,66.67,33.33,33.33,0,0,0,33.33,0,0,0,0,0,0,33.33,0,0,0,33.33,33.33,0,0,0,0,0,0,0,0,0,0,0,0,0,0,0,0,0,0,0,0,0,0,0,0,0,33.33,0,0,0,0,0,0,33.33,0,0,0,33.33,0,0,0,0,0,0,0,0,0,0,0,0,0,0,0,0,0,0,0,0,0,0,0,0,0,0,0,0,0,33.33,0,0,0,0,0,33.33,0,33.33,0,0,0,0,0,0,0,33.33,33.33,0,0,0,0,0
schoolmistress.txt,65,0,,,,,,,,,,,,,,,,,,,,,,,,,,,,,,,,,,,,,,,,,,,,,,,,,,,,,,,,,,,,,,,,,,,,,,,,,,,,,,,,,,,,,,,,,,,,,,,,,,,,,,,,,,,,,,,,,,,,
schoolmistress.txt,66,3,89.52,40.06,99,20.23,3,0,100,66.67,66.67,33.33,0,0,0,0,0,0,33.33,33.33,33.33,0,0,0,0,0,0,0,0,0,0,0,0,0,0,0,0,0,0,0,0,0,0,0,0,0,0,0,0,0,0,0,0,0,0,0,0,0,0,0,0,0,0,0,0,0,0,0,0,0,0,0,0,0,0,0,0,0,0,0,0,0,0,0,0,0,0,0,0,0,0,0,0,0,33.33,33.33,0,0,33.33,0,0,0,0,0,0,0,0,0,0,0,0,100,0,0,0,33.33,0,66.67
schoolmistress.txt,67,5,1,99,1,99,5,20,100,80,60,20,20,0,0,0,20,0,0,0,0,0,0,0,20,20,0,20,0,0,0,0,0,0,0,0,0,0,0,0,0,0,0,0,20,20,0,20,20,0,0,0,0,0,60,40,0,0,0,0,40,20,0,0,0,20,0,0,0,0,0,0,0,0,0,0,0,0,0,0,0,0,0,0,0,0,0,0,0,0,0,0,0,0,0,0,0,0,0,0,0,0,20,20,0,0,0,0,0,0,0,40,20,20,0,0,0,0
schoolmistress.txt,68,7,18.12,40.06,97.09,1,7,14.29,71.43,57.14,57.14,14.29,0,0,0,0,0,0,14.29,0,0,0,14.29,14.29,14.29,0,0,14.29,0,0,0,0,0,0,14.29,0,14.29,0,0,14.29,0,0,0,0,14.29,0,14.29,0,0,0,0,0,0,0,0,0,0,0,0,0,0,0,0,0,0,0,0,0,0,0,0,0,0,0,0,0,0,0,0,0,0,0,0,0,0,0,0,0,0,0,0,0,0,0,0,28.57,0,14.29,14.29,0,0,0,14.29,0,0,14.29,0,0,0,0,0,57.14,14.29,0,0,0,14.29,28.57
schoolmistress.txt,69,9,66.04,92.24,77.17,20.23,9,22.22,77.78,66.67,66.67,22.22,11.11,0,0,11.11,0,0,11.11,11.11,0,0,33.33,0,11.11,0,11.11,0,0,0,0,0,0,0,11.11,11.11,0,0,0,0,0,0,0,0,0,0,0,0,0,0,0,0,0,0,11.11,0,0,0,0,0,0,11.11,0,0,0,0,0,0,0,0,0,0,0,0,0,0,0,0,0,0,0,0,0,0,0,0,0,0,0,0,0,0,0,0,11.11,22.22,0,11.11,11.11,0,0,0,0,0,0,0,0,0,0,0,0,33.33,0,11.11,0,0,0,22.22
schoolmistress.txt,70,3,89.52,40.06,1,20.23,3,33.33,33.33,33.33,0,0,0,0,0,0,0,0,0,0,0,0,0,0,0,0,0,33.33,0,0,0,0,0,0,0,0,0,0,0,0,0,0,0,0,0,0,0,0,0,0,0,0,0,0,33.33,33.33,0,0,0,0,33.33,0,0,0,0,0,0,0,0,0,0,0,0,0,0,0,0,0,0,0,0,0,0,0,0,0,0,0,0,0,0,0,0,0,0,0,0,0,0,0,0,0,0,33.33,0,0,0,0,0,0,0,33.33,33.33,0,0,0,0,0
schoolmistress.txt,71,5,39.7,99,63.35,20.23,5,0,100,80,60,20,20,0,0,20,0,0,0,0,0,0,20,20,0,0,0,40,0,0,0,0,0,0,20,0,20,0,0,20,0,0,0,0,0,0,0,0,0,0,0,0,0,0,20,0,0,0,0,0,0,20,0,0,0,0,0,0,0,0,20,0,20,0,0,0,0,0,0,0,0,0,0,0,0,0,0,0,0,0,0,0,0,0,20,40,0,0,40,0,0,0,0,0,0,0,0,0,0,0,0,60,20,0,0,0,0,40
schoolmistress.txt,72,12,49.68,1,99,1,6,16.67,100,75,58.33,16.67,16.67,16.67,0,0,0,0,0,0,0,0,25,16.67,0,0,8.33,25,8.33,0,8.33,8.33,0,0,0,0,0,0,0,0,0,0,0,0,8.33,0,8.33,0,0,0,0,0,0,0,8.33,0,0,0,0,0,0,8.33,8.33,0,0,8.33,0,0,0,0,16.67,0,16.67,0,0,0,0,0,0,0,0,0,0,0,0,0,0,0,0,0,0,0,0,0,8.33,25,0,0,25,0,0,0,0,0,16.67,0,0,0,0,0,0,50,16.67,8.33,0,0,8.33,16.67
schoolmistress.txt,73,35,48.23,57.11,91.58,1,35,20,91.43,80,62.86,14.29,8.57,0,0,0,8.57,0,5.71,8.57,5.71,0,17.14,5.71,11.43,8.57,0,14.29,8.57,0,2.86,0,0,2.86,14.29,0,14.29,2.86,0,2.86,5.71,0,5.71,0,11.43,2.86,8.57,0,0,0,0,0,0,0,11.43,2.86,0,0,2.86,2.86,0,8.57,0,0,0,8.57,0,0,0,0,0,0,0,0,0,0,2.86,2.86,0,0,0,0,0,0,0,0,0,0,0,0,0,0,0,0,2.86,25.71,0,2.86,14.29,2.86,0,2.86,11.43,11.43,0,0,0,0,0,0,0,11.43,2.86,8.57,0,0,0,0
schoolmistress.txt,74,13,96.67,40.06,81.58,20.23,13,7.69,76.92,76.92,76.92,0,0,0,0,0,0,0,0,30.77,15.38,7.69,23.08,7.69,15.38,7.69,0,7.69,0,15.38,0,0,0,0,7.69,7.69,0,0,0,0,0,0,0,0,0,0,0,0,0,0,0,0,0,0,0,0,0,0,0,0,0,0,0,0,0,0,0,0,0,0,0,0,0,0,0,0,0,0,0,0,0,0,0,0,0,0,0,0,0,0,0,0,0,0,0,15.38,0,0,15.38,0,0,0,7.69,7.69,0,0,0,0,0,0,0,7.69,7.69,0,0,0,0,0
schoolmistress.txt,75,48,16.96,94.84,1,4.22,48,6.25,89.58,66.67,58.33,20.83,14.58,0,0,0,14.58,0,6.25,14.58,0,0,14.58,10.42,0,10.42,2.08,16.67,4.17,2.08,6.25,4.17,0,2.08,16.67,2.08,14.58,2.08,4.17,2.08,6.25,0,6.25,0,6.25,2.08,4.17,4.17,0,2.08,2.08,0,0,0,22.92,0,0,0,0,0,0,20.83,4.17,0,12.5,8.33,0,0,0,0,0,0,0,0,0,0,0,0,0,0,0,0,0,0,0,0,0,0,0,2.08,0,0,0,0,8.33,8.33,0,2.08,4.17,2.08,0,0,0,8.33,0,4.17,0,0,0,0,0,4.17,2.08,2.08,0,0,0,0
schoolmistress.txt,76,2,1,99,1,20.23,2,0,100,50,50,50,50,0,0,0,50,0,0,50,0,0,0,0,0,0,0,0,0,0,50,50,0,0,0,0,0,0,0,0,0,0,0,0,0,0,0,0,0,0,0,0,0,0,100,0,0,0,0,0,0,100,50,0,50,50,0,0,0,0,0,0,0,0,0,0,0,0,0,0,0,0,0,0,0,0,0,0,0,0,0,0,0,0,0,0,0,0,0,0,0,0,0,0,0,0,0,0,0,0,0,50,0,0,0,50,0,0
schoolmistress.txt,77,47,4.97,76.11,27.91,53.17,47,12.77,100,87.23,65.96,17.02,10.64,0,0,0,10.64,0,6.38,17.02,4.26,2.13,8.51,10.64,10.64,12.77,0,19.15,14.89,8.51,2.13,0,0,2.13,17.02,0,17.02,6.38,2.13,2.13,6.38,0,6.38,0,2.13,2.13,0,0,0,0,0,0,0,0,21.28,2.13,0,0,0,2.13,0,12.77,0,0,4.26,6.38,0,0,0,0,4.26,0,2.13,0,0,2.13,4.26,0,0,0,0,0,0,0,0,0,0,0,0,0,0,0,0,0,8.51,12.77,0,0,12.77,0,0,0,2.13,10.64,0,2.13,0,0,0,0,0,8.51,2.13,4.26,0,0,0,2.13
schoolmistress.txt,78,28,7.34,61.28,97.09,20.23,28,28.57,89.29,75,53.57,7.14,0,0,0,0,0,0,7.14,14.29,0,7.14,10.71,7.14,17.86,14.29,0,21.43,7.14,10.71,0,0,0,0,25,3.57,21.43,14.29,0,0,0,3.57,0,0,0,0,0,0,0,0,0,0,0,0,10.71,0,0,0,0,0,0,3.57,0,0,0,0,3.57,3.57,0,0,0,0,0,0,0,0,3.57,0,0,0,0,0,0,0,0,0,0,0,0,0,0,0,0,0,3.57,14.29,0,3.57,7.14,0,0,3.57,3.57,14.29,0,0,0,0,0,0,0,10.71,3.57,3.57,0,0,3.57,0
schoolmistress.txt,79,0,,,,,,,,,,,,,,,,,,,,,,,,,,,,,,,,,,,,,,,,,,,,,,,,,,,,,,,,,,,,,,,,,,,,,,,,,,,,,,,,,,,,,,,,,,,,,,,,,,,,,,,,,,,,,,,,,,,,
schoolmistress.txt,80,6,1,40.06,99,20.23,6,16.67,100,83.33,83.33,16.67,0,0,0,0,0,0,16.67,16.67,0,0,16.67,16.67,16.67,16.67,0,16.67,0,16.67,0,0,0,0,33.33,16.67,16.67,16.67,0,0,0,0,0,0,0,0,0,0,0,0,0,0,0,0,0,0,0,0,0,0,0,0,0,0,0,0,0,0,0,0,0,0,0,0,0,0,0,0,0,0,0,0,0,0,0,0,0,0,0,0,0,0,0,0,0,16.67,0,0,16.67,0,0,0,0,0,16.67,0,0,0,0,0,0,50,0,16.67,0,0,0,33.33
schoolmistress.txt,81,2,1,99,1,20.23,2,50,100,100,50,50,50,0,0,0,50,0,0,0,0,0,0,0,0,0,0,50,0,0,0,0,0,0,50,0,50,50,0,0,0,0,0,0,0,0,0,0,0,0,0,0,0,0,50,0,0,0,0,0,0,50,0,0,50,0,0,0,0,0,0,0,0,0,0,0,0,0,0,0,0,0,0,0,0,0,0,0,0,0,0,0,0,0,0,0,0,0,0,0,0,0,0,0,0,0,0,0,0,0,0,50,0,50,0,0,0,0
schoolmistress.txt,82,20,8.11,69.2,1,20.23,20,20,95,75,40,10,5,0,0,0,0,5,5,5,0,0,5,5,15,10,0,10,30,0,5,0,0,5,10,0,10,0,10,0,0,0,0,0,30,15,15,10,5,5,0,0,5,0,20,15,5,5,0,5,0,5,0,0,0,0,0,0,0,0,5,0,0,0,0,5,15,5,0,0,0,0,0,5,0,0,0,0,0,0,0,0,0,0,5,10,0,0,0,5,0,0,0,0,10,0,0,0,0,0,0,40,5,25,0,0,0,10
schoolmistress.txt,83,8,89.52,99,15.38,20.23,8,0,100,87.5,75,12.5,12.5,0,12.5,0,0,0,0,12.5,12.5,0,25,12.5,12.5,0,0,25,0,0,12.5,12.5,0,0,12.5,0,12.5,0,0,12.5,0,0,0,0,0,0,0,0,0,0,0,0,0,0,12.5,0,0,0,0,0,0,12.5,0,0,0,0,0,0,0,0,0,0,0,0,0,0,0,0,0,0,0,0,0,0,0,12.5,0,0,0,0,0,0,0,0,37.5,25,0,12.5,12.5,0,0,0,0,0,0,0,0,0,0,0,0,37.5,0,12.5,0,0,0,25
schoolmistress.txt,84,6,89.52,98.75,1,20.23,6,33.33,66.67,66.67,33.33,16.67,16.67,0,0,0,16.67,0,0,16.67,0,0,16.67,0,0,0,0,33.33,0,0,0,0,0,0,0,0,0,0,0,0,0,0,0,0,0,0,0,0,0,0,0,0,0,0,33.33,16.67,0,0,0,0,16.67,16.67,0,0,0,16.67,0,0,0,0,0,0,0,0,0,0,0,0,0,0,0,0,0,0,0,0,0,16.67,0,0,0,0,0,0,0,16.67,0,0,16.67,0,0,0,0,16.67,0,0,0,0,0,0,0,33.33,16.67,16.67,0,0,0,0
schoolmistress.txt,85,7,2.35,97.11,1,99,3.5,0,85.71,71.43,57.14,42.86,28.57,14.29,0,14.29,0,0,14.29,14.29,0,0,0,0,0,0,0,14.29,0,14.29,0,0,0,0,28.57,14.29,14.29,0,0,14.29,0,0,0,0,14.29,14.29,0,14.29,14.29,0,0,0,0,0,14.29,0,0,0,0,0,0,14.29,0,0,0,0,0,0,0,0,0,0,0,0,0,0,0,0,0,0,0,0,0,0,0,0,14.29,0,0,0,0,0,0,0,14.29,0,0,0,0,0,0,0,0,0,0,14.29,0,0,0,0,0,71.43,0,0,0,28.57,0,42.86
schoolmistress.txt,86,34,95.53,57.59,12.44,20.23,34,26.47,82.35,67.65,61.76,11.76,5.88,0,0,0,5.88,0,5.88,23.53,17.65,0,17.65,2.94,5.88,8.82,0,8.82,0,0,0,0,0,0,8.82,0,8.82,5.88,0,0,0,0,2.94,0,0,0,0,0,0,0,0,0,0,0,14.71,5.88,0,0,0,0,0,5.88,0,0,5.88,0,0,0,0,0,5.88,0,0,5.88,0,0,0,0,0,0,0,0,0,0,0,0,0,0,0,0,0,0,0,0,0,5.88,0,2.94,0,0,2.94,0,5.88,5.88,0,0,0,0,0,0,0,14.71,2.94,8.82,0,0,0,2.94
schoolmistress.txt,87,16,78.28,11.66,1.63,99,16,12.5,93.75,75,62.5,12.5,6.25,0,0,0,6.25,0,6.25,6.25,6.25,0,25,12.5,6.25,0,6.25,18.75,6.25,0,0,0,0,0,25,6.25,18.75,6.25,0,6.25,0,0,6.25,0,18.75,18.75,0,12.5,12.5,0,0,0,0,0,12.5,6.25,0,0,0,0,0,6.25,0,0,6.25,0,0,0,0,0,0,0,0,0,0,0,6.25,0,0,0,0,0,0,0,0,0,0,0,0,0,0,0,0,0,12.5,6.25,0,0,0,6.25,0,0,6.25,0,0,0,0,0,0,0,0,37.5,25,12.5,0,0,0,0
schoolmistress.txt,88,2,1,99,1,20.23,2,0,100,50,50,50,50,0,0,0,50,0,0,50,0,0,0,0,0,0,0,0,0,0,50,50,0,0,0,0,0,0,0,0,0,0,0,0,0,0,0,0,0,0,0,0,0,0,100,0,0,0,0,0,0,100,50,0,50,50,0,0,0,0,0,0,0,0,0,0,0,0,0,0,0,0,0,0,0,0,0,0,0,0,0,0,0,0,0,0,0,0,0,0,0,0,0,0,0,0,0,0,0,0,0,50,0,0,50,0,0,0
schoolmistress.txt,89,43,43.84,40.06,69.5,3.38,43,16.28,93.02,76.74,62.79,9.3,0,0,0,0,0,0,9.3,18.6,11.63,0,13.95,9.3,9.3,13.95,2.33,18.6,4.65,2.33,0,0,0,0,9.3,6.98,2.33,0,2.33,0,0,0,0,0,6.98,2.33,4.65,2.33,2.33,0,0,0,0,0,4.65,2.33,0,0,0,0,0,2.33,0,0,0,0,0,0,0,0,2.33,0,2.33,0,0,0,0,0,0,0,0,0,0,0,0,0,0,0,0,0,0,0,0,0,2.33,25.58,0,4.65,11.63,2.33,2.33,4.65,4.65,13.95,0,2.33,0,0,0,0,0,16.28,2.33,9.3,0,0,0,4.65
schoolmistress.txt,90,12,97.04,84.23,39.59,20.23,12,16.67,83.33,66.67,50,8.33,8.33,0,0,0,8.33,0,0,25,8.33,8.33,16.67,0,0,8.33,0,0,8.33,16.67,0,0,0,0,0,0,0,0,0,0,0,0,0,0,0,0,0,0,0,0,0,0,0,0,8.33,0,0,0,0,0,0,8.33,0,0,8.33,0,0,0,0,0,16.67,0,16.67,0,0,0,8.33,0,0,0,0,0,0,8.33,0,0,0,0,0,0,0,0,0,0,0,25,0,0,25,0,0,0,0,0,0,0,0,0,0,0,0,8.33,8.33,0,0,0,0,0
schoolmistress.txt,91,14,7.34,99,1,1,14,7.14,92.86,64.29,57.14,21.43,21.43,0,0,0,21.43,0,0,21.43,0,0,14.29,7.14,0,21.43,0,7.14,0,14.29,7.14,0,7.14,0,7.14,7.14,0,0,0,0,0,0,0,0,7.14,0,7.14,7.14,0,7.14,0,0,0,0,21.43,0,0,0,0,0,0,21.43,0,0,21.43,0,0,0,0,0,7.14,0,0,7.14,0,0,21.43,7.14,7.14,0,0,0,0,7.14,0,0,0,0,0,0,0,0,0,0,14.29,7.14,0,0,0,0,0,7.14,21.43,7.14,0,0,0,0,0,0,0,21.43,7.14,7.14,0,0,0,7.14
schoolmistress.txt,92,38,95.09,90.88,1,20.23,38,21.05,81.58,63.16,57.89,13.16,7.89,0,0,0,7.89,0,5.26,13.16,7.89,0,23.68,2.63,0,10.53,0,10.53,0,0,7.89,0,0,7.89,0,0,0,0,0,0,0,0,0,0,0,0,0,0,0,0,0,0,0,0,15.79,5.26,0,0,0,0,0,10.53,0,0,5.26,2.63,0,0,0,0,5.26,0,0,2.63,0,2.63,0,0,0,0,0,0,0,0,0,5.26,0,2.63,0,0,0,0,0,0,5.26,0,0,0,0,0,0,0,2.63,5.26,2.63,0,0,0,0,0,0,15.79,2.63,7.89,0,0,2.63,2.63
schoolmistress.txt,93,9,89.52,99,1,20.23,9,44.44,66.67,44.44,44.44,11.11,11.11,0,0,0,11.11,0,0,0,0,0,22.22,0,0,11.11,0,0,0,0,11.11,0,0,11.11,0,0,0,0,0,0,0,0,0,0,0,0,0,0,0,0,0,0,0,0,22.22,0,0,0,0,0,0,22.22,0,0,11.11,0,0,0,0,0,0,0,0,0,0,0,0,0,0,0,0,0,0,0,0,0,0,0,0,0,0,0,0,0,11.11,0,0,0,0,0,0,0,11.11,0,0,0,0,0,0,0,0,33.33,11.11,22.22,0,0,0,0
schoolmistress.txt,94,23,2.08,85.5,1,1,23,8.7,91.3,82.61,52.17,17.39,13.04,0,0,0,13.04,0,4.35,13.04,0,0,8.7,8.7,4.35,21.74,0,26.09,13.04,0,4.35,0,4.35,4.35,21.74,0,21.74,0,17.39,0,0,0,4.35,0,8.7,0,8.7,0,0,0,0,0,0,0,17.39,0,0,0,0,0,0,13.04,0,0,13.04,0,0,0,0,0,0,0,0,0,0,0,0,0,0,0,0,0,0,0,0,0,0,0,0,0,0,0,0,0,4.35,4.35,0,0,4.35,0,0,0,4.35,13.04,0,0,0,0,0,0,0,21.74,4.35,17.39,0,0,0,0
schoolmistress.txt,95,31,93.3,59.25,6.29,1.4,31,12.9,87.1,77.42,67.74,9.68,9.68,0,0,0,9.68,0,0,16.13,12.9,0,22.58,6.45,3.23,9.68,3.23,12.9,3.23,0,6.45,3.23,0,3.23,12.9,3.23,9.68,0,0,3.23,3.23,0,6.45,0,3.23,0,3.23,3.23,0,3.23,3.23,0,0,0,12.9,0,0,0,0,0,0,12.9,0,0,9.68,0,0,0,0,0,3.23,0,0,3.23,0,0,0,0,0,0,0,0,0,0,0,0,0,3.23,0,0,0,0,0,0,3.23,12.9,0,0,12.9,0,0,0,3.23,3.23,0,0,0,0,0,0,0,6.45,3.23,3.23,0,0,0,0
schoolmistress.txt,96,14,18.12,99,1,20.23,14,14.29,92.86,85.71,64.29,21.43,21.43,0,0,0,14.29,7.14,0,14.29,0,7.14,14.29,0,7.14,14.29,0,14.29,7.14,7.14,7.14,0,0,7.14,14.29,0,14.29,0,7.14,0,7.14,0,0,0,0,0,0,0,0,0,0,0,0,0,42.86,21.43,0,0,0,0,7.14,21.43,0,0,14.29,0,0,0,0,0,0,0,0,0,0,0,0,0,0,0,0,0,0,0,0,0,0,0,0,0,0,0,0,0,0,0,0,0,0,0,0,0,7.14,14.29,0,0,0,0,0,0,0,14.29,7.14,7.14,0,0,0,0
schoolmistress.txt,97,19,12.74,3.34,70.28,99,19,63.16,100,68.42,47.37,10.53,5.26,0,0,0,5.26,0,5.26,15.79,0,0,15.79,5.26,15.79,10.53,5.26,15.79,10.53,0,15.79,15.79,0,0,31.58,10.53,21.05,5.26,0,0,0,0,15.79,0,31.58,26.32,5.26,21.05,10.53,5.26,0,0,5.26,0,31.58,15.79,15.79,0,0,0,0,10.53,0,5.26,5.26,0,0,0,0,0,0,0,0,0,0,0,0,0,0,0,0,0,0,0,0,0,0,0,0,0,0,0,0,5.26,5.26,5.26,0,5.26,0,0,0,0,0,5.26,0,0,0,0,0,0,0,26.32,5.26,21.05,0,0,0,0
schoolmistress.txt,98,15,1.16,77.41,93.95,20.23,15,6.67,100,80,73.33,20,13.33,0,0,0,13.33,0,6.67,6.67,0,0,13.33,26.67,6.67,6.67,0,26.67,6.67,0,0,0,0,0,20,0,20,6.67,6.67,6.67,6.67,0,6.67,0,13.33,6.67,6.67,13.33,6.67,6.67,0,0,0,0,20,6.67,0,0,0,0,0,13.33,0,0,13.33,0,0,0,0,0,0,0,0,0,0,0,0,0,0,0,0,0,0,0,0,0,0,0,0,0,0,0,0,0,13.33,26.67,0,6.67,26.67,0,0,0,0,20,0,0,0,0,0,0,0,6.67,0,0,0,6.67,0,0
schoolmistress.txt,99,3,99,40.06,1,20.23,3,33.33,66.67,66.67,33.33,0,0,0,0,0,0,0,0,0,0,0,33.33,0,0,0,0,33.33,0,0,0,0,0,0,0,0,0,0,0,0,0,0,0,0,0,0,0,0,0,0,0,0,0,0,0,0,0,0,0,0,0,0,0,0,0,0,0,0,0,0,0,0,0,0,0,0,0,0,0,0,0,0,0,0,0,0,0,0,0,0,0,0,0,0,33.33,0,0,0,0,0,0,0,0,0,0,0,0,0,0,0,0,133.33,0,33.33,0,33.33,0,66.67
schoolmistress.txt,100,5,89.52,40.06,99,20.23,5,0,80,60,40,0,0,0,0,0,0,0,0,20,20,0,0,0,20,0,0,0,20,0,0,0,0,0,0,0,0,0,0,0,0,0,0,0,0,0,0,0,0,0,0,0,0,0,0,0,0,0,0,0,0,0,0,0,0,0,0,0,0,0,0,0,0,0,0,0,0,0,0,0,0,0,0,0,0,0,0,0,0,0,0,0,0,0,0,20,0,0,20,0,0,0,20,0,0,0,0,0,0,0,0,80,80,0,0,0,0,0
schoolmistress.txt,101,50,45.65,19.67,35.01,50.98,50,26,94,76,68,16,8,0,0,0,8,0,8,20,10,0,16,8,6,8,6,14,4,2,2,0,2,0,28,4,24,10,2,0,4,0,8,0,2,2,0,0,0,0,0,0,0,0,10,0,0,0,0,0,0,10,0,0,8,0,0,0,0,0,6,0,0,6,0,0,0,0,0,0,0,0,0,0,0,2,0,0,0,0,0,0,0,0,2,4,0,0,2,0,0,2,4,10,0,0,0,0,0,0,0,14,2,8,0,0,0,4
schoolmistress.txt,102,15,96.08,77.41,1.91,20.23,15,26.67,93.33,66.67,60,13.33,6.67,0,0,0,6.67,0,6.67,6.67,6.67,0,26.67,6.67,0,6.67,0,13.33,0,0,0,0,0,0,20,0,20,13.33,6.67,0,0,0,0,0,0,0,0,0,0,0,0,0,0,0,6.67,0,0,0,0,0,0,6.67,0,0,6.67,0,0,0,0,0,6.67,0,0,6.67,0,0,0,0,0,0,0,0,0,0,0,0,0,0,0,0,0,0,0,0,6.67,0,0,0,0,0,0,0,0,6.67,0,0,0,0,0,0,0,13.33,0,6.67,6.67,0,0,0
schoolmistress.txt,103,50,74.19,82.98,35.01,1,50,20,92,68,58,12,10,0,0,0,0,10,2,18,8,0,18,6,8,6,2,10,4,0,4,0,4,0,12,2,10,6,0,0,2,0,4,0,10,2,8,10,2,6,0,0,0,0,14,0,0,0,0,0,0,14,0,0,0,0,0,0,0,0,12,0,0,10,2,0,8,4,2,0,0,0,0,2,0,0,0,0,0,0,0,0,0,0,4,2,0,0,2,0,0,0,4,2,4,0,0,0,0,0,0,18,2,16,0,0,0,0
schoolmistress.txt,104,45,82.09,53.33,4.71,1,45,20,91.11,75.56,53.33,8.89,2.22,0,0,0,0,0,6.67,11.11,11.11,0,15.56,6.67,8.89,6.67,0,11.11,17.78,2.22,8.89,0,8.89,0,4.44,0,4.44,2.22,0,2.22,0,0,0,0,8.89,2.22,6.67,8.89,2.22,6.67,2.22,0,0,0,8.89,4.44,0,0,0,0,2.22,2.22,0,0,0,0,0,0,0,0,6.67,0,0,6.67,0,0,0,0,0,0,0,0,0,0,0,0,0,0,0,0,4.44,0,0,0,11.11,11.11,2.22,2.22,4.44,0,2.22,0,2.22,4.44,2.22,2.22,0,0,0,0,0,20,2.22,11.11,0,0,0,6.67
schoolmistress.txt,105,63,84.5,16.63,84.92,20.23,63,12.7,85.71,76.19,60.32,11.11,3.17,0,0,0,0,3.17,7.94,20.63,14.29,3.17,12.7,7.94,0,7.94,3.17,17.46,6.35,7.94,6.35,0,0,6.35,12.7,0,11.11,0,0,3.17,0,0,7.94,0,0,0,0,0,0,0,0,0,0,0,6.35,0,0,0,0,0,0,6.35,0,0,0,0,0,0,0,0,3.17,0,0,0,1.59,1.59,0,0,0,0,0,0,0,0,0,0,0,1.59,0,0,0,0,0,0,4.76,19.05,0,4.76,12.7,0,0,1.59,1.59,9.52,0,0,0,0,0,0,0,11.11,1.59,6.35,0,0,1.59,1.59
schoolmistress.txt,106,6,49.68,98.75,99,20.23,6,0,100,83.33,50,16.67,16.67,0,0,0,0,16.67,0,0,0,0,16.67,16.67,0,0,0,66.67,0,0,0,0,0,0,0,0,0,0,0,0,0,0,0,0,0,0,0,0,0,0,0,0,0,0,16.67,0,0,0,0,0,0,16.67,0,0,0,0,0,0,0,0,0,0,0,0,0,0,0,0,0,0,0,0,0,0,0,33.33,0,0,0,0,0,0,0,0,33.33,33.33,0,16.67,16.67,0,0,0,0,16.67,0,0,0,0,0,0,0,16.67,16.67,0,0,0,0,0
schoolmistress.txt,107,4,26.1,99,99,20.23,4,75,50,25,25,25,25,0,0,0,0,25,0,0,0,0,0,0,0,0,0,0,0,0,0,0,0,0,0,0,0,0,0,0,0,0,0,0,0,0,0,0,0,0,0,0,0,0,25,0,0,0,0,0,0,25,0,0,0,0,0,0,0,0,0,0,0,0,0,0,0,0,0,0,0,0,0,0,0,0,0,0,0,0,0,0,0,0,0,25,0,25,25,0,0,0,0,25,0,0,0,0,0,0,0,25,25,0,0,0,0,0
schoolmistress.txt,108,25,89.52,40.06,63.35,81.12,25,16,64,64,48,4,0,0,0,0,0,0,4,16,12,0,12,8,12,0,0,20,8,0,0,0,0,0,0,0,0,0,0,0,0,0,0,0,4,4,0,0,0,0,0,0,0,0,4,4,0,0,0,0,0,0,0,0,0,0,0,0,0,0,0,0,0,0,0,0,0,0,0,0,0,0,0,0,0,0,0,0,0,0,0,0,0,0,8,20,0,4,16,0,0,0,0,16,0,0,0,0,0,0,0,16,4,8,0,0,0,4
schoolmistress.txt,109,21,81.45,40.06,24.32,88.66,21,14.29,80.95,66.67,61.9,0,0,0,0,0,0,0,0,23.81,14.29,0,9.52,9.52,9.52,9.52,0,9.52,9.52,9.52,0,0,0,0,4.76,4.76,0,0,0,0,0,0,0,0,4.76,4.76,0,0,0,0,0,0,0,0,0,0,0,0,0,0,0,0,0,0,0,0,0,0,0,0,0,0,0,0,0,0,9.52,0,0,0,0,9.52,0,4.76,0,0,0,0,0,0,0,0,0,0,9.52,14.29,0,0,14.29,0,0,0,0,9.52,0,0,0,0,0,0,0,23.81,4.76,19.05,0,0,0,0
schoolmistress.txt,110,13,99,40.06,2.93,1,13,23.08,92.31,69.23,61.54,0,0,0,0,0,0,0,0,23.08,23.08,0,15.38,7.69,7.69,7.69,0,7.69,7.69,0,0,0,0,0,0,0,0,0,0,0,0,0,0,0,7.69,0,7.69,0,0,0,0,0,0,0,7.69,7.69,0,0,0,0,7.69,0,0,0,0,0,0,0,0,0,0,0,0,0,0,0,0,0,0,0,0,0,0,0,0,0,0,0,0,0,0,0,0,0,0,30.77,0,0,7.69,0,23.08,0,0,7.69,0,0,0,0,0,0,0,15.38,7.69,0,0,0,0,7.69
schoolmistress.txt,111,19,99,14.81,99,92.27,19,21.05,100,68.42,57.89,0,0,0,0,0,0,0,0,26.32,26.32,0,26.32,5.26,5.26,0,0,15.79,0,0,5.26,0,0,5.26,5.26,0,5.26,0,0,0,0,0,5.26,0,5.26,5.26,0,0,0,0,0,0,0,0,0,0,0,0,0,0,0,0,0,0,0,0,0,0,0,0,15.79,10.53,0,0,5.26,0,0,0,0,0,0,0,0,0,0,0,0,0,0,0,0,0,0,0,0,21.05,0,5.26,10.53,0,5.26,0,10.53,10.53,0,0,0,0,0,0,0,15.79,5.26,10.53,0,0,0,0
schoolmistress.txt,112,34,89.52,73.71,12.44,20.23,34,17.65,82.35,58.82,50,2.94,2.94,0,0,0,0,2.94,0,14.71,11.76,0,11.76,5.88,2.94,11.76,0,11.76,2.94,2.94,2.94,0,0,2.94,0,0,0,0,0,0,0,0,0,0,0,0,0,0,0,0,0,0,0,0,5.88,0,0,0,0,0,0,5.88,0,0,0,0,0,0,0,0,0,0,0,0,0,0,23.53,0,0,0,0,5.88,0,20.59,0,0,0,0,0,0,0,0,0,0,0,5.88,0,0,5.88,0,0,0,5.88,14.71,0,0,0,0,0,0,0,8.82,2.94,5.88,0,0,0,0
schoolmistress.txt,113,3,10.19,1,99,20.23,3,0,66.67,66.67,33.33,33.33,33.33,33.33,0,0,0,0,0,0,0,0,0,0,0,0,0,33.33,0,0,0,0,0,0,0,0,0,0,0,0,0,0,0,0,0,0,0,0,0,0,0,0,0,0,33.33,33.33,0,0,0,0,33.33,0,0,0,0,0,0,0,0,0,0,0,0,0,0,0,0,0,0,0,0,0,0,0,0,0,0,0,0,0,0,0,0,0,0,0,0,0,0,0,0,0,0,0,0,0,0,0,0,0,0,133.33,0,33.33,0,33.33,0,66.67
schoolmistress.txt,114,5,99,40.06,63.35,1,5,40,80,40,20,0,0,0,0,0,0,0,0,0,0,0,20,0,0,0,0,20,0,0,0,0,0,0,20,0,20,0,0,0,20,0,0,0,20,0,20,20,0,20,0,0,0,0,20,20,0,0,0,0,20,0,0,0,0,0,0,0,0,0,0,0,0,0,0,0,0,0,0,0,0,0,0,0,0,0,0,0,0,0,0,0,0,0,0,40,0,0,20,0,20,0,0,20,0,0,0,0,0,0,0,20,20,0,0,0,0,0
schoolmistress.txt,115,2,1,40.06,99,20.23,2,0,100,100,100,50,0,0,0,0,0,0,50,0,0,0,0,0,50,0,0,0,0,0,0,0,0,0,0,0,0,0,0,0,0,0,0,0,0,0,0,0,0,0,0,0,0,0,0,0,0,0,0,0,0,0,0,0,0,0,0,0,0,0,0,0,0,0,0,0,0,0,0,0,0,0,0,0,0,0,0,0,0,0,0,0,0,0,0,50,0,0,50,0,0,0,0,0,0,0,0,0,0,0,0,150,0,0,0,50,0,100
schoolmistress.txt,116,4,89.52,99,1,99,4,0,100,50,50,25,25,0,25,0,0,0,0,25,25,0,0,0,0,0,0,0,0,0,50,25,0,25,0,0,0,0,0,0,0,0,0,0,25,25,0,0,0,0,0,0,0,0,50,25,0,0,0,0,0,25,0,0,0,0,0,0,0,0,25,0,0,0,0,25,0,0,0,0,0,0,0,0,0,0,0,0,0,0,0,0,0,0,0,0,0,0,0,0,0,0,0,0,0,0,0,0,0,0,0,75,0,0,0,25,0,50
schoolmistress.txt,117,7,1,97.11,1,20.23,7,14.29,71.43,71.43,57.14,42.86,28.57,14.29,0,14.29,0,0,14.29,14.29,0,0,0,14.29,0,0,0,28.57,0,0,0,0,0,0,14.29,0,14.29,0,0,14.29,0,0,0,0,0,0,0,0,0,0,0,0,0,0,28.57,14.29,0,0,0,0,14.29,14.29,0,0,0,0,0,0,0,0,0,0,0,0,0,0,0,0,0,0,0,0,0,0,0,0,0,0,0,0,0,0,0,0,0,0,0,0,0,0,0,0,0,0,14.29,0,0,0,0,0,0,57.14,0,14.29,0,14.29,0,28.57
schoolmistress.txt,118,4,99,99,99,20.23,4,0,100,75,25,0,0,0,0,0,0,0,0,0,0,0,25,0,0,0,0,25,25,0,0,0,0,0,0,0,0,0,0,0,0,0,0,0,0,0,0,0,0,0,0,0,0,0,25,0,0,0,0,0,0,25,0,0,0,25,0,0,0,0,0,0,0,0,0,0,0,0,0,0,0,0,0,0,0,0,0,0,0,0,0,0,0,0,50,50,25,0,25,25,0,0,25,0,0,0,0,0,0,0,0,100,0,25,0,25,0,50
schoolmistress.txt,119,22,58.76,86.82,5.07,1,22,22.73,95.45,72.73,50,9.09,4.55,0,0,0,0,0,4.55,9.09,9.09,0,9.09,9.09,9.09,4.55,0,18.18,13.64,4.55,0,0,0,0,18.18,0,18.18,0,4.55,0,9.09,0,0,0,9.09,0,4.55,9.09,0,4.55,0,0,0,0,13.64,4.55,0,0,0,0,0,9.09,0,0,0,4.55,0,0,0,0,0,0,0,0,0,0,9.09,0,0,0,0,4.55,0,0,0,0,0,0,0,0,0,0,0,4.55,0,9.09,4.55,0,0,4.55,0,0,9.09,13.64,0,0,0,0,0,0,0,18.18,4.55,9.09,0,0,0,4.55
schoolmistress.txt,120,7,1,99,24.32,20.23,7,14.29,100,100,85.71,42.86,28.57,0,0,28.57,0,0,14.29,0,0,0,14.29,14.29,14.29,0,0,28.57,0,0,0,0,0,0,0,0,0,0,0,0,0,0,0,0,0,0,0,0,0,0,0,0,0,0,42.86,14.29,0,0,0,0,0,28.57,0,0,0,0,0,0,0,0,0,0,0,0,0,0,0,0,0,0,0,0,0,0,0,0,0,0,0,0,0,0,0,0,0,14.29,0,0,14.29,0,0,0,0,0,14.29,0,0,0,0,0,0,57.14,0,14.29,14.29,0,0,28.57
schoolmistress.txt,121,9,33.38,92.24,77.17,1,9,33.33,88.89,77.78,55.56,11.11,11.11,0,0,0,0,0,0,11.11,0,0,11.11,11.11,11.11,0,0,33.33,0,11.11,0,0,0,0,11.11,0,11.11,0,11.11,0,0,0,0,0,11.11,0,11.11,11.11,0,11.11,0,11.11,0,0,22.22,11.11,0,0,0,0,11.11,11.11,0,0,0,0,0,0,0,0,0,0,0,0,0,0,0,0,0,0,0,0,0,0,0,0,0,0,0,0,0,0,0,0,0,22.22,0,0,22.22,0,0,0,0,22.22,0,0,0,0,0,0,0,33.33,11.11,22.22,0,0,0,0
schoolmistress.txt,122,6,10.19,99,39.59,20.23,6,0,100,83.33,50,16.67,16.67,0,0,16.67,0,0,0,16.67,16.67,0,0,16.67,0,0,16.67,33.33,16.67,0,0,0,0,0,0,0,0,0,0,0,0,0,0,0,0,0,0,0,0,0,0,0,0,0,33.33,16.67,0,16.67,0,0,0,33.33,0,0,16.67,0,0,0,0,0,0,0,0,0,0,0,0,0,0,0,0,0,0,0,0,0,0,0,0,0,0,0,0,0,16.67,16.67,0,0,0,16.67,0,0,16.67,0,16.67,0,0,0,0,0,0,66.67,0,0,16.67,0,16.67,33.33
schoolmistress.txt,123,3,99,99,99,20.23,3,0,100,66.67,33.33,0,0,0,0,0,0,0,0,33.33,33.33,0,0,0,0,0,0,0,33.33,0,0,0,0,0,0,0,0,0,0,0,0,0,0,0,0,0,0,0,0,0,0,0,0,0,33.33,33.33,0,33.33,0,0,0,33.33,0,0,33.33,0,0,0,0,0,0,0,0,0,0,0,0,0,0,0,0,0,0,0,0,0,0,0,0,0,0,0,0,0,0,0,0,0,0,0,0,0,33.33,0,0,0,0,0,0,0,0,100,0,0,0,33.33,0,66.67
schoolmistress.txt,124,5,39.7,40.06,99,20.23,5,60,80,60,60,40,0,0,0,0,0,0,40,20,0,0,20,0,0,0,0,0,0,20,0,0,0,0,40,0,40,0,0,0,20,0,20,0,0,0,0,0,0,0,0,0,0,0,40,20,0,0,0,0,0,20,0,0,0,0,0,0,0,0,0,0,0,0,0,0,0,0,0,0,0,0,0,0,0,0,0,0,0,0,0,0,0,0,0,20,0,0,20,0,0,0,0,0,0,0,0,0,0,0,0,20,20,0,0,0,0,0
schoolmistress.txt,125,2,89.52,40.06,1,20.23,2,50,0,0,0,0,0,0,0,0,0,0,0,0,0,0,0,0,0,0,0,0,0,0,0,0,0,0,0,0,0,0,0,0,0,0,0,0,0,0,0,0,0,0,0,0,0,0,0,0,0,0,0,0,0,0,0,0,0,0,0,0,0,0,0,0,0,0,0,0,0,0,0,0,0,0,0,0,0,0,0,0,0,0,0,0,0,0,0,0,0,0,0,0,0,0,0,0,0,0,0,0,0,0,0,150,0,0,0,50,0,100
schoolmistress.txt,126,3,1,99,99,20.23,3,33.33,100,100,66.67,33.33,33.33,0,33.33,0,0,0,0,0,0,0,0,0,0,0,33.33,33.33,0,0,33.33,33.33,0,0,66.67,33.33,33.33,33.33,0,0,0,0,0,0,0,0,0,0,0,0,0,0,0,0,33.33,0,0,0,0,0,0,33.33,0,0,0,0,0,0,0,0,0,0,0,0,0,0,0,0,0,0,0,0,0,0,0,0,0,0,0,0,0,0,0,0,0,0,0,0,0,0,0,0,0,33.33,0,0,0,0,0,0,0,166.67,100,0,0,0,0,66.67
schoolmistress.txt,127,6,99,98.75,39.59,1,6,16.67,100,66.67,33.33,0,0,0,0,0,0,0,0,16.67,16.67,0,16.67,0,0,0,0,16.67,16.67,16.67,0,0,0,0,16.67,0,16.67,0,0,0,16.67,0,0,0,16.67,0,16.67,16.67,0,16.67,0,0,0,0,33.33,16.67,0,0,0,0,16.67,16.67,0,0,0,16.67,0,0,0,0,0,0,0,0,0,0,0,0,0,0,0,0,0,0,0,0,0,0,0,0,0,0,0,0,0,16.67,0,0,16.67,0,0,0,0,16.67,0,0,0,0,0,0,0,16.67,16.67,0,0,0,0,0
schoolmistress.txt,128,16,43.4,99,15.38,20.23,5.33,6.25,100,68.75,56.25,31.25,31.25,6.25,12.5,6.25,6.25,0,0,18.75,6.25,0,12.5,0,0,6.25,0,6.25,6.25,0,25,12.5,0,12.5,0,0,0,0,0,0,0,0,0,0,12.5,6.25,6.25,0,0,0,0,0,0,0,50,25,0,18.75,0,0,0,31.25,0,0,12.5,0,0,0,0,0,6.25,0,0,0,6.25,0,0,0,0,0,0,0,0,0,0,6.25,0,0,0,0,0,0,0,0,6.25,0,0,0,0,0,0,0,12.5,0,0,0,0,0,0,0,0,37.5,12.5,0,0,6.25,0,18.75
schoolmistress.txt,129,1,89.52,40.06,99,99,1,100,100,0,0,0,0,0,0,0,0,0,0,0,0,0,0,0,0,0,0,0,0,0,0,0,0,0,0,0,0,0,0,0,0,0,0,0,100,100,0,0,0,0,0,0,0,0,100,100,0,100,0,0,0,0,0,0,0,0,0,0,0,0,0,0,0,0,0,0,0,0,0,0,0,0,0,0,0,0,0,0,0,0,0,0,0,0,0,0,0,0,0,0,0,0,100,0,0,0,0,0,0,0,0,400,0,100,0,0,0,300
schoolmistress.txt,130,3,99,40.06,99,20.23,3,66.67,66.67,33.33,33.33,0,0,0,0,0,0,0,0,33.33,33.33,0,0,0,0,0,0,0,0,0,0,0,0,0,33.33,0,33.33,33.33,0,0,0,0,0,0,0,0,0,0,0,0,0,0,0,0,33.33,33.33,0,0,0,0,33.33,0,0,0,0,0,0,0,0,0,0,0,0,0,0,0,0,0,0,0,0,0,0,0,0,0,0,0,0,0,0,0,0,0,0,0,0,0,0,0,0,0,0,33.33,0,0,0,0,0,0,0,33.33,33.33,0,0,0,0,0
schoolmistress.txt,131,6,1,99,1,99,6,16.67,83.33,83.33,66.67,33.33,33.33,0,16.67,16.67,0,0,0,16.67,0,0,0,0,0,16.67,0,16.67,16.67,16.67,16.67,16.67,0,0,0,0,0,0,0,0,0,0,0,0,16.67,16.67,0,0,0,0,0,0,0,0,50,16.67,16.67,16.67,0,0,16.67,33.33,0,0,0,0,0,0,0,0,0,0,0,0,0,0,0,0,0,0,0,0,0,0,0,0,0,0,0,0,0,0,0,0,0,0,0,0,0,0,0,0,0,0,0,0,0,0,0,0,0,50,16.67,0,0,0,0,33.33
schoolmistress.txt,132,26,83.25,93.13,30.98,79.29,26,26.92,84.62,73.08,50,7.69,7.69,0,0,0,7.69,0,0,11.54,7.69,0,19.23,0,15.38,7.69,0,19.23,3.85,0,3.85,0,0,3.85,3.85,0,3.85,3.85,0,0,0,0,0,0,3.85,3.85,0,3.85,3.85,0,0,0,0,0,11.54,0,0,0,0,0,0,11.54,0,0,7.69,0,0,0,0,0,0,0,0,0,0,0,7.69,0,0,0,0,0,0,7.69,0,0,0,0,0,3.85,0,0,0,0,3.85,11.54,0,7.69,3.85,3.85,0,0,7.69,11.54,0,0,0,0,0,0,0,34.62,15.38,19.23,0,0,0,0
schoolmistress.txt,133,3,89.52,99,99,20.23,3,0,100,66.67,0,0,0,0,0,0,0,0,0,0,0,0,0,0,0,0,0,33.33,33.33,0,0,0,0,0,0,0,0,0,0,0,0,0,0,0,0,0,0,0,0,0,0,0,0,0,33.33,0,0,0,0,0,0,33.33,0,0,0,33.33,0,0,0,0,0,0,0,0,0,0,0,0,0,0,0,0,0,0,0,0,0,0,0,0,0,0,0,0,33.33,33.33,0,0,33.33,0,0,0,33.33,0,0,0,0,0,0,0,0,133.33,0,66.67,0,0,0,66.67
schoolmistress.txt,134,6,99,98.75,1,20.23,6,0,83.33,83.33,50,16.67,16.67,0,0,0,16.67,0,0,16.67,16.67,0,16.67,0,0,0,0,16.67,16.67,0,0,0,0,0,0,0,0,0,0,0,0,0,0,0,0,0,0,0,0,0,0,0,0,0,16.67,0,0,0,0,0,0,16.67,0,0,16.67,0,0,0,0,0,0,0,0,0,0,0,0,0,0,0,0,0,0,0,0,0,0,0,0,0,0,0,0,0,0,16.67,0,0,0,0,16.67,0,16.67,16.67,0,0,0,0,0,0,0,16.67,0,16.67,0,0,0,0
schoolmistress.txt,135,13,31.07,99,1,99,13,15.38,84.62,69.23,53.85,30.77,23.08,0,7.69,0,15.38,0,7.69,23.08,15.38,0,7.69,15.38,0,0,0,23.08,7.69,0,7.69,7.69,0,0,7.69,0,7.69,7.69,0,0,0,0,0,0,7.69,7.69,0,7.69,7.69,0,0,0,0,0,30.77,7.69,0,7.69,0,0,0,30.77,0,0,23.08,0,0,0,0,0,0,0,0,0,0,0,0,0,0,0,0,0,0,0,0,0,0,0,0,0,0,0,0,0,15.38,0,0,0,0,0,0,0,7.69,0,15.38,0,0,0,0,0,0,76.92,38.46,0,0,0,15.38,23.08
schoolmistress.txt,136,3,1,99,1,20.23,3,0,100,66.67,66.67,33.33,33.33,0,0,0,33.33,0,0,33.33,0,0,0,33.33,0,0,0,33.33,0,33.33,0,0,0,0,33.33,33.33,0,0,0,0,0,0,0,0,0,0,0,0,0,0,0,0,0,0,33.33,0,0,0,0,0,0,33.33,0,0,33.33,0,0,0,0,0,0,0,0,0,0,0,0,0,0,0,0,0,0,0,0,0,0,0,0,0,0,0,0,0,33.33,0,0,0,0,0,0,0,0,0,33.33,0,0,0,0,0,0,133.33,0,0,0,33.33,33.33,66.67
schoolmistress.txt,137,11,89.52,5.27,99,20.23,11,27.27,90.91,81.82,63.64,9.09,0,0,0,0,0,0,9.09,18.18,9.09,0,18.18,9.09,9.09,0,0,27.27,0,9.09,0,0,0,0,9.09,0,9.09,0,0,0,0,0,9.09,0,0,0,0,0,0,0,0,0,0,0,0,0,0,0,0,0,0,0,0,0,0,0,0,0,0,0,0,0,0,0,0,0,0,0,0,0,0,0,0,0,0,0,0,0,0,0,0,0,0,0,9.09,45.45,0,18.18,27.27,0,9.09,0,9.09,9.09,0,9.09,0,0,0,0,0,36.36,9.09,18.18,0,0,0,9.09
schoolmistress.txt,138,20,99,15.75,89.39,99,20,25,90,80,50,5,0,0,0,0,0,0,5,20,15,0,15,0,0,10,0,25,5,5,0,0,0,0,15,5,10,5,0,0,0,0,5,0,10,10,0,0,0,0,0,0,0,0,0,0,0,0,0,0,0,0,0,0,0,0,0,0,0,0,15,15,0,0,0,0,0,0,0,0,0,0,0,0,0,0,0,0,0,0,0,0,0,0,5,10,0,5,5,0,0,0,5,10,0,0,0,0,0,0,0,15,5,10,0,0,0,0
schoolmistress.txt,139,29,93.52,60.57,67.94,20.23,29,17.24,79.31,72.41,62.07,6.9,3.45,0,0,0,0,3.45,3.45,17.24,17.24,0,17.24,10.34,3.45,10.34,0,17.24,3.45,0,0,0,0,0,0,0,0,0,0,0,0,0,0,0,0,0,0,0,0,0,0,0,0,0,3.45,0,0,0,0,0,0,3.45,0,0,0,0,0,0,0,0,0,0,0,0,0,0,0,0,0,0,0,0,0,0,0,0,0,0,0,0,0,0,0,0,0,13.79,0,3.45,10.34,0,0,0,6.9,20.69,0,0,0,0,0,0,0,17.24,3.45,10.34,0,0,0,3.45
schoolmistress.txt,140,11,99,86.82,95.15,20.23,11,18.18,90.91,81.82,45.45,0,0,0,0,0,0,0,0,18.18,18.18,0,18.18,9.09,0,0,0,27.27,9.09,0,9.09,0,0,9.09,0,0,0,0,0,0,0,0,0,0,0,0,0,0,0,0,0,0,0,0,9.09,0,0,0,0,0,0,9.09,0,0,0,0,0,0,0,0,0,0,0,0,0,0,0,0,0,0,0,0,0,0,0,0,0,9.09,0,0,0,0,0,0,9.09,9.09,0,9.09,9.09,0,0,0,9.09,9.09,0,18.18,0,0,0,0,0,9.09,9.09,0,0,0,0,0
schoolmistress.txt,141,41,81.21,54.61,87.24,3.01,41,24.39,87.8,70.73,56.1,12.2,7.32,0,0,0,7.32,0,4.88,21.95,7.32,4.88,17.07,0,4.88,12.2,0,14.63,2.44,9.76,2.44,0,0,2.44,9.76,0,9.76,0,0,0,2.44,0,7.32,0,2.44,0,2.44,0,0,0,0,0,0,0,14.63,4.88,0,4.88,0,0,0,9.76,0,0,2.44,7.32,0,0,0,0,0,0,0,0,0,0,7.32,0,0,0,0,0,0,0,0,0,0,0,0,0,0,0,0,0,4.88,21.95,0,12.2,7.32,0,2.44,0,4.88,7.32,0,0,0,0,0,0,0,24.39,2.44,17.07,0,0,0,4.88
schoolmistress.txt,142,3,89.52,40.06,99,99,3,33.33,66.67,66.67,0,0,0,0,0,0,0,0,0,0,0,0,0,0,0,0,0,33.33,33.33,0,0,0,0,0,0,0,0,0,0,0,0,0,0,0,33.33,33.33,0,0,0,0,0,0,0,0,0,0,0,0,0,0,0,0,0,0,0,0,0,0,0,0,0,0,0,0,0,0,0,0,0,0,0,0,0,0,0,0,0,33.33,0,0,0,0,0,0,66.67,0,0,0,0,0,0,0,33.33,0,0,0,0,0,0,0,0,133.33,0,66.67,0,0,0,66.67
schoolmistress.txt,143,4,89.52,99,1,20.23,4,0,75,75,50,25,25,0,0,0,25,0,0,25,0,0,25,0,0,0,0,25,0,0,0,0,0,0,0,0,0,0,0,0,0,0,0,0,0,0,0,0,0,0,0,0,0,0,50,25,0,0,0,0,25,25,0,0,25,0,0,0,0,0,0,0,0,0,0,0,0,0,0,0,0,0,0,0,0,0,0,0,0,0,0,0,0,0,0,0,0,0,0,0,0,0,0,25,0,0,0,0,0,0,0,25,25,0,0,0,0,0
schoolmistress.txt,144,3,89.52,99,1,20.23,3,0,66.67,66.67,66.67,33.33,33.33,0,0,0,0,33.33,0,0,0,0,33.33,0,0,0,0,0,0,0,0,0,0,0,0,0,0,0,0,0,0,0,0,0,0,0,0,0,0,0,0,0,0,0,33.33,0,0,0,0,0,0,33.33,0,0,0,0,0,0,0,0,0,0,0,0,0,0,0,0,0,0,0,0,0,0,0,0,0,0,0,0,0,0,0,0,0,0,0,0,0,0,0,0,0,0,0,0,0,0,0,0,0,33.33,33.33,0,0,0,0,0
schoolmistress.txt,145,8,62.1,94.84,99,20.23,8,12.5,87.5,87.5,62.5,12.5,12.5,0,0,0,0,12.5,0,12.5,12.5,0,12.5,0,12.5,12.5,0,25,0,0,0,0,0,0,0,0,0,0,0,0,0,0,0,0,0,0,0,0,0,0,0,0,0,0,12.5,0,0,0,0,0,0,12.5,0,0,0,0,0,0,0,0,0,0,0,0,0,0,0,0,0,0,0,0,0,0,0,0,0,0,0,0,0,0,0,0,0,25,0,25,0,0,0,0,12.5,12.5,0,0,0,0,0,0,0,12.5,12.5,0,0,0,0,0
schoolmistress.txt,146,14,56.86,97.11,97.09,20.23,14,21.43,78.57,64.29,57.14,14.29,14.29,0,0,0,0,14.29,0,21.43,14.29,0,7.14,7.14,7.14,7.14,0,7.14,7.14,7.14,0,0,0,0,0,0,0,0,0,0,0,0,0,0,0,0,0,0,0,0,0,0,0,0,14.29,0,0,0,0,0,0,14.29,0,0,0,0,0,0,0,0,7.14,0,0,7.14,0,0,0,0,0,0,0,0,0,0,0,0,0,0,0,0,0,0,0,0,14.29,21.43,0,0,21.43,0,0,0,7.14,7.14,0,0,0,0,0,0,0,21.43,0,7.14,0,0,0,14.29
schoolmistress.txt,147,4,89.52,40.06,99,20.23,4,25,75,75,0,0,0,0,0,0,0,0,0,0,0,0,0,0,0,0,0,50,25,0,0,0,0,0,0,0,0,0,0,0,0,0,0,0,0,0,0,0,0,0,0,0,0,0,25,25,0,0,0,0,25,0,0,0,0,0,0,0,0,0,0,0,0,0,0,0,0,0,0,0,0,0,0,0,0,0,0,0,0,0,0,0,0,0,0,50,0,25,25,0,0,0,0,25,0,0,0,0,0,0,0,50,25,25,0,0,0,0
schoolmistress.txt,148,8,1,40.06,1,1,8,0,100,100,87.5,37.5,0,0,0,0,0,0,37.5,25,12.5,0,0,37.5,0,0,0,37.5,12.5,0,0,0,0,0,0,0,0,0,0,0,0,0,0,0,12.5,0,12.5,0,0,0,0,0,0,0,12.5,12.5,0,0,0,12.5,0,0,0,0,0,0,0,0,0,0,0,0,0,0,0,0,0,0,0,0,0,0,0,0,0,0,0,0,0,0,0,0,0,0,0,0,0,0,0,0,0,0,0,37.5,0,0,0,0,0,0,0,37.5,0,0,0,12.5,0,25
schoolmistress.txt,149,2,1,40.06,1,20.23,2,0,100,100,100,50,0,0,0,0,0,0,50,0,0,0,0,0,50,0,0,0,0,0,0,0,0,0,50,0,50,0,50,0,0,0,0,0,0,0,0,0,0,0,0,0,0,0,0,0,0,0,0,0,0,0,0,0,0,0,0,0,0,0,0,0,0,0,0,0,0,0,0,0,0,0,0,0,0,0,0,0,0,0,0,0,0,0,0,0,0,0,0,0,0,0,0,0,0,0,0,0,0,0,0,200,0,50,50,0,0,100
schoolmistress.txt,150,23,89.52,99,4.38,20.23,23,30.43,95.65,78.26,69.57,17.39,13.04,0,0,0,8.7,4.35,4.35,47.83,17.39,17.39,8.7,0,0,8.7,0,8.7,0,21.74,8.7,0,0,8.7,4.35,0,4.35,0,0,0,0,0,4.35,0,0,0,0,0,0,0,0,0,0,0,26.09,4.35,0,0,0,0,4.35,21.74,0,0,0,8.7,4.35,4.35,0,0,8.7,0,0,8.7,0,0,0,0,0,0,0,0,0,0,0,0,0,0,0,0,0,0,0,0,0,13.04,0,4.35,8.7,0,0,0,0,0,0,0,0,0,0,0,0,21.74,4.35,8.7,0,0,0,8.7
schoolmistress.txt,151,16,62.1,75.49,1,1,5.33,25,93.75,68.75,50,12.5,0,0,0,0,0,0,12.5,31.25,12.5,6.25,6.25,12.5,6.25,0,0,12.5,18.75,25,6.25,6.25,0,0,6.25,6.25,0,0,0,0,0,0,0,0,12.5,0,12.5,0,0,0,0,0,0,0,18.75,12.5,0,0,0,12.5,0,6.25,6.25,0,0,6.25,0,0,0,0,12.5,0,0,6.25,6.25,0,0,0,0,0,0,0,0,0,0,0,0,0,0,0,0,0,0,0,6.25,0,0,0,0,0,0,0,0,0,12.5,0,0,0,0,0,0,50,18.75,6.25,0,0,12.5,12.5
schoolmistress.txt,152,10,1,40.06,98.38,20.23,10,0,100,90,60,40,30,20,0,10,0,0,10,0,0,0,0,10,10,0,10,40,10,0,0,0,0,0,10,0,10,10,0,0,0,0,0,0,0,0,0,0,0,0,0,0,0,0,40,20,0,0,0,0,20,20,10,0,0,0,0,0,0,0,0,0,0,0,0,0,0,0,0,0,0,0,0,0,0,0,0,0,0,0,0,0,0,0,10,0,0,0,0,0,0,0,0,0,10,0,0,0,0,0,0,80,40,10,0,0,10,20
schoolmistress.txt,153,11,1.5,1,95.15,20.23,11,18.18,81.82,81.82,63.64,18.18,0,0,0,0,0,0,18.18,18.18,9.09,0,0,18.18,0,9.09,9.09,27.27,9.09,0,0,0,0,0,27.27,0,27.27,9.09,0,0,0,0,18.18,0,0,0,0,0,0,0,0,0,0,0,0,0,0,0,0,0,0,0,0,0,0,0,0,0,0,0,0,0,0,0,0,0,0,0,0,0,0,0,0,0,0,0,0,0,0,0,0,0,0,0,0,0,0,0,0,0,0,0,0,18.18,0,0,0,0,0,0,0,9.09,9.09,0,0,0,0,0
schoolmistress.txt,154,6,10.19,40.06,39.59,20.23,6,33.33,100,83.33,66.67,16.67,16.67,0,0,0,16.67,0,0,33.33,16.67,0,0,16.67,0,0,16.67,33.33,0,0,16.67,0,0,16.67,33.33,0,33.33,16.67,0,0,0,0,16.67,0,0,0,0,0,0,0,0,0,0,0,33.33,0,0,0,0,0,0,33.33,0,0,16.67,0,0,0,0,0,0,0,0,0,0,0,0,0,0,0,0,0,0,0,0,0,0,0,0,0,0,0,0,0,0,0,0,0,0,0,0,0,0,16.67,0,0,0,0,0,0,0,16.67,16.67,0,0,0,0,0
schoolmistress.txt,155,42,76.24,93.83,1,20.23,42,23.81,92.86,83.33,66.67,16.67,11.9,0,0,0,9.52,2.38,4.76,28.57,16.67,4.76,9.52,7.14,4.76,4.76,0,11.9,7.14,16.67,0,0,0,0,9.52,2.38,7.14,2.38,0,2.38,0,0,2.38,0,0,0,0,0,0,0,0,0,0,0,14.29,0,0,0,0,0,0,14.29,0,0,9.52,0,0,0,0,0,2.38,0,0,2.38,2.38,0,0,0,0,0,0,0,0,0,0,0,0,4.76,0,2.38,0,0,0,0,4.76,0,0,0,0,0,0,0,4.76,7.14,0,0,0,0,0,0,0,14.29,2.38,4.76,0,0,0,7.14
schoolmistress.txt,156,33,99,74.59,1.51,20.23,33,36.36,96.97,69.7,60.61,6.06,6.06,0,0,0,6.06,0,0,27.27,27.27,0,18.18,3.03,3.03,9.09,0,9.09,3.03,0,15.15,0,0,15.15,15.15,0,15.15,6.06,3.03,0,0,0,6.06,0,0,0,0,0,0,0,0,0,0,0,12.12,0,0,0,0,0,0,12.12,0,0,0,6.06,0,0,0,0,6.06,0,0,3.03,6.06,0,0,0,0,0,0,0,0,0,0,0,0,3.03,0,0,0,3.03,0,0,0,0,0,0,0,0,0,0,0,6.06,0,0,0,0,0,0,0,6.06,3.03,3.03,0,0,0,0
schoolmistress.txt,157,28,26.1,21.49,99,75.77,14,3.57,89.29,82.14,64.29,7.14,3.57,0,0,0,0,3.57,3.57,10.71,7.14,0,10.71,14.29,10.71,7.14,3.57,25,10.71,3.57,0,0,0,0,10.71,3.57,7.14,0,0,3.57,0,0,3.57,0,3.57,3.57,0,0,0,0,0,0,0,0,7.14,3.57,3.57,3.57,0,0,3.57,3.57,0,0,0,0,0,0,0,0,3.57,0,0,0,0,3.57,0,0,0,0,0,0,0,0,0,0,0,0,0,0,0,0,0,0,14.29,25,0,3.57,25,0,0,0,7.14,7.14,7.14,0,0,0,0,0,0,21.43,3.57,14.29,0,3.57,0,0
schoolmistress.txt,158,17,46.7,73.71,97.97,20.23,17,11.76,82.35,70.59,64.71,5.88,5.88,0,0,0,0,5.88,0,11.76,11.76,0,11.76,11.76,0,23.53,0,23.53,0,0,0,0,0,0,0,0,0,0,0,0,0,0,0,0,0,0,0,0,0,0,0,0,0,0,5.88,0,0,0,0,0,0,5.88,0,0,0,0,0,0,0,0,0,0,0,0,0,0,0,0,0,0,0,0,0,0,0,11.76,0,0,0,0,0,0,0,0,0,23.53,0,5.88,11.76,5.88,0,0,11.76,17.65,0,0,0,0,0,0,0,11.76,5.88,5.88,0,0,0,0
schoolmistress.txt,159,4,1,99,99,20.23,4,25,100,75,75,25,25,0,0,25,0,0,0,0,0,0,0,25,25,0,0,25,0,0,0,0,0,0,0,0,0,0,0,0,0,0,0,0,0,0,0,0,0,0,0,0,0,0,25,0,0,0,0,0,0,25,0,0,0,0,0,0,0,0,0,0,0,0,0,0,0,0,0,0,0,0,0,0,0,0,0,0,0,0,0,0,0,0,0,50,0,25,25,0,0,0,0,0,25,0,0,0,0,0,0,75,0,0,25,0,0,50
schoolmistress.txt,160,4,89.52,40.06,1,20.23,4,25,25,25,0,0,0,0,0,0,0,0,0,0,0,0,0,0,0,0,0,25,0,0,0,0,0,0,0,0,0,0,0,0,0,0,0,0,0,0,0,0,0,0,0,0,0,0,25,25,0,0,0,0,25,0,0,0,0,0,0,0,0,0,0,0,0,0,0,0,0,0,0,0,0,0,0,0,0,0,0,0,0,0,0,0,0,0,0,0,0,0,0,0,0,0,0,25,0,0,0,0,0,0,0,25,25,0,0,0,0,0
schoolmistress.txt,161,9,99,40.06,10.18,20.23,9,0,88.89,66.67,55.56,0,0,0,0,0,0,0,0,33.33,33.33,0,22.22,0,0,0,0,11.11,0,0,0,0,0,0,0,0,0,0,0,0,0,0,0,0,0,0,0,0,0,0,0,0,0,0,0,0,0,0,0,0,0,0,0,0,0,0,0,0,0,0,0,0,0,0,0,0,0,0,0,0,0,0,0,0,0,0,0,11.11,0,0,0,0,0,0,33.33,11.11,0,0,11.11,0,0,0,0,0,0,0,0,0,0,0,0,33.33,11.11,0,0,0,0,22.22
schoolmistress.txt,162,14,1,40.06,97.09,98.65,7,0,100,85.71,71.43,21.43,7.14,0,7.14,0,0,0,14.29,14.29,0,0,14.29,14.29,14.29,7.14,7.14,21.43,14.29,7.14,7.14,7.14,0,0,28.57,0,28.57,0,7.14,7.14,0,0,7.14,0,7.14,7.14,0,0,0,0,0,0,0,0,7.14,0,0,0,0,0,0,7.14,0,0,0,0,0,0,0,0,0,0,0,0,0,0,0,0,0,0,0,0,0,0,0,0,0,0,0,7.14,0,0,0,0,7.14,21.43,0,7.14,21.43,0,0,0,0,0,14.29,0,0,0,0,0,0,42.86,14.29,7.14,0,0,7.14,14.29
schoolmistress.txt,163,6,10.19,98.75,1,99,6,0,83.33,50,50,16.67,16.67,0,0,16.67,0,0,0,16.67,16.67,0,0,16.67,0,0,16.67,16.67,0,0,0,0,0,0,16.67,0,16.67,0,0,0,0,0,0,0,16.67,16.67,0,0,0,0,0,0,0,0,16.67,0,0,0,0,0,0,16.67,0,0,0,0,0,0,0,0,0,0,0,0,0,0,16.67,0,0,0,0,0,0,0,16.67,0,0,0,0,0,0,0,0,0,0,0,0,0,0,0,0,0,0,0,16.67,0,0,0,0,0,0,66.67,16.67,0,0,0,16.67,33.33
schoolmistress.txt,164,1,1,40.06,1,20.23,1,0,100,100,100,100,0,0,0,0,0,0,100,0,0,0,0,0,0,0,0,0,0,0,0,0,0,0,0,0,0,0,0,0,0,0,0,0,0,0,0,0,0,0,0,0,0,0,0,0,0,0,0,0,0,0,0,0,0,0,0,0,0,0,0,0,0,0,0,0,0,0,0,0,0,0,0,0,0,0,0,0,0,0,0,0,0,0,0,0,0,0,0,0,0,0,0,0,0,0,0,0,0,0,0,300,0,0,100,0,0,200
schoolmistress.txt,165,7,99,40.06,24.32,20.23,7,14.29,71.43,57.14,42.86,0,0,0,0,0,0,0,0,14.29,14.29,0,14.29,14.29,0,0,0,28.57,0,0,0,0,0,0,0,0,0,0,0,0,0,0,0,0,0,0,0,0,0,0,0,0,0,0,0,0,0,0,0,0,0,0,0,0,0,0,0,0,0,0,0,0,0,0,0,0,0,0,0,0,0,0,0,0,0,0,0,0,0,0,0,0,0,0,14.29,28.57,14.29,14.29,0,14.29,0,0,0,0,14.29,0,0,0,0,0,0,57.14,0,28.57,0,0,0,28.57
schoolmistress.txt,166,12,99,40.06,39.59,20.23,12,8.33,75,66.67,41.67,0,0,0,0,0,0,0,0,25,16.67,8.33,16.67,0,0,0,0,16.67,8.33,8.33,0,0,0,0,0,0,0,0,0,0,0,0,0,0,0,0,0,0,0,0,0,0,0,0,8.33,8.33,0,0,0,0,8.33,0,0,0,0,0,0,0,0,0,0,0,0,0,0,0,0,0,0,0,0,0,0,0,0,0,0,0,0,0,0,0,0,0,8.33,25,0,0,16.67,8.33,0,0,0,8.33,0,0,0,0,0,0,0,16.67,8.33,8.33,0,0,0,0
schoolmistress.txt,167,5,1,40.06,63.35,20.23,5,0,100,100,80,60,40,20,0,0,20,0,20,0,0,0,0,20,0,0,0,40,0,0,0,0,0,0,20,0,20,20,0,0,0,0,0,0,0,0,0,0,0,0,0,0,0,0,20,0,0,0,0,0,0,20,0,0,0,20,0,0,0,0,0,0,0,0,0,0,0,0,0,0,0,0,0,0,0,0,0,0,0,0,0,0,0,0,0,0,0,0,0,0,0,0,0,0,20,0,0,0,0,0,0,80,20,20,0,0,0,40
schoolmistress.txt,168,34,1.05,85.94,46.57,66.58,5.67,5.88,91.18,76.47,67.65,26.47,11.76,0,2.94,0,8.82,0,14.71,8.82,2.94,2.94,11.76,17.65,8.82,5.88,2.94,20.59,2.94,5.88,8.82,5.88,0,2.94,8.82,0,8.82,2.94,0,0,0,2.94,2.94,0,2.94,2.94,0,0,0,0,0,0,0,0,14.71,2.94,2.94,0,0,0,0,11.76,0,0,0,8.82,0,0,0,0,5.88,0,2.94,0,0,2.94,0,0,0,0,0,0,0,0,0,0,0,0,0,2.94,0,0,0,0,5.88,23.53,0,0,20.59,0,0,0,0,2.94,11.76,0,0,0,0,0,0,38.24,11.76,2.94,2.94,2.94,8.82,8.82
schoolmistress.txt,169,4,89.52,99,99,20.23,4,25,75,50,50,25,25,0,0,0,0,25,0,25,25,0,0,0,0,0,0,0,0,0,0,0,0,0,0,0,0,0,0,0,0,0,0,0,0,0,0,0,0,0,0,0,0,0,25,0,0,0,0,0,0,25,0,0,0,0,0,0,0,0,0,0,0,0,0,0,0,0,0,0,0,0,0,0,0,0,0,0,0,0,0,0,0,0,0,25,0,25,25,0,0,0,0,25,0,0,0,0,0,0,0,25,25,0,0,0,0,0
schoolmistress.txt,170,12,99,40.06,89.39,20.23,12,8.33,75,66.67,50,8.33,0,0,0,0,0,0,8.33,16.67,16.67,0,16.67,8.33,0,0,0,16.67,8.33,8.33,0,0,0,0,0,0,0,0,0,0,0,0,0,0,0,0,0,0,0,0,0,0,0,0,0,0,0,0,0,0,0,0,0,0,0,0,0,0,0,0,0,0,0,0,0,0,0,0,0,0,0,0,0,0,0,0,0,0,0,0,0,0,0,0,0,16.67,0,8.33,8.33,0,0,0,8.33,16.67,0,0,0,0,0,0,0,8.33,8.33,0,0,0,0,0
schoolmistress.txt,171,45,66.04,27.89,99,54.76,45,6.67,82.22,68.89,60,6.67,0,0,0,0,0,0,6.67,8.89,8.89,0,17.78,8.89,11.11,11.11,0,11.11,6.67,0,0,0,0,0,4.44,0,4.44,0,0,0,2.22,0,2.22,0,2.22,2.22,0,0,0,0,0,0,0,0,0,0,0,0,0,0,0,0,0,0,0,0,0,0,0,0,2.22,0,0,2.22,2.22,0,2.22,0,0,0,0,0,0,0,0,0,0,0,0,0,0,0,0,0,8.89,24.44,0,6.67,15.56,0,0,2.22,11.11,11.11,2.22,0,0,0,0,0,0,20,2.22,15.56,0,0,0,2.22
schoolmistress.txt,172,2,99,40.06,99,20.23,2,0,100,100,50,0,0,0,0,0,0,0,0,0,0,0,50,0,0,0,0,50,0,0,0,0,0,0,0,0,0,0,0,0,0,0,0,0,0,0,0,0,0,0,0,0,0,0,0,0,0,0,0,0,0,0,0,0,0,0,0,0,0,0,0,0,0,0,0,0,0,0,0,0,0,0,0,0,0,0,0,0,0,0,0,0,0,0,50,50,0,50,50,0,0,0,0,0,0,0,0,0,0,0,0,150,0,0,0,50,0,100
schoolmistress.txt,173,20,39.7,69.2,1,1,20,30,70,55,55,10,5,0,0,0,5,0,5,20,10,0,10,5,10,15,0,5,0,0,0,0,0,0,0,0,0,0,0,0,0,0,0,0,15,0,15,15,0,15,5,10,0,0,10,5,0,0,0,0,5,5,0,0,0,5,0,0,0,0,0,0,0,0,0,0,5,0,0,0,0,0,0,0,0,0,0,0,0,0,0,0,0,0,0,5,0,0,0,0,5,0,0,0,5,0,0,0,0,0,0,10,5,5,0,0,0,0
schoolmistress.txt,174,2,99,40.06,99,20.23,2,0,100,100,50,0,0,0,0,0,0,0,0,0,0,0,50,0,0,0,0,50,0,0,0,0,0,0,0,0,0,0,0,0,0,0,0,0,0,0,0,0,0,0,0,0,0,0,0,0,0,0,0,0,0,0,0,0,0,0,0,0,0,0,0,0,0,0,0,0,0,0,0,0,0,0,0,0,0,0,0,0,0,0,0,0,0,0,50,50,0,50,50,0,0,0,0,0,0,0,0,0,0,0,0,150,0,0,0,50,0,100
schoolmistress.txt,175,34,99,57.59,83.69,95.42,34,8.82,88.24,73.53,61.76,5.88,5.88,0,0,0,5.88,0,0,20.59,11.76,2.94,26.47,2.94,5.88,8.82,0,8.82,5.88,2.94,2.94,0,2.94,0,5.88,0,5.88,2.94,0,0,0,0,2.94,0,5.88,5.88,0,0,0,0,0,0,0,0,5.88,0,0,0,0,0,0,5.88,0,0,2.94,2.94,0,0,0,0,5.88,2.94,0,2.94,0,0,5.88,0,0,0,0,0,0,0,0,0,0,0,0,0,0,0,0,0,0,17.65,2.94,5.88,8.82,0,0,0,8.82,11.76,0,0,0,0,0,0,0,8.82,2.94,5.88,0,0,0,0
schoolmistress.txt,176,2,99,40.06,99,20.23,2,0,100,100,50,0,0,0,0,0,0,0,0,0,0,0,50,0,0,0,0,50,0,0,0,0,0,0,0,0,0,0,0,0,0,0,0,0,0,0,0,0,0,0,0,0,0,0,0,0,0,0,0,0,0,0,0,0,0,0,0,0,0,0,0,0,0,0,0,0,0,0,0,0,0,0,0,0,0,0,0,0,0,0,0,0,0,0,50,50,0,50,50,0,0,0,0,0,0,0,0,0,0,0,0,150,0,0,0,50,0,100
schoolmistress.txt,177,5,39.7,99,1,20.23,5,40,100,80,60,20,20,0,0,0,20,0,0,0,0,0,20,0,20,0,0,20,0,0,0,0,0,0,0,0,0,0,0,0,0,0,0,0,0,0,0,0,0,0,0,0,0,0,40,20,0,0,0,0,20,20,0,0,20,0,0,0,0,0,0,0,0,0,0,0,0,0,0,0,0,0,0,0,0,0,0,20,0,0,0,0,0,0,0,40,0,0,20,0,20,0,0,0,0,0,0,0,0,0,0,80,20,60,0,0,0,0
schoolmistress.txt,178,2,99,40.06,99,20.23,2,0,100,100,50,0,0,0,0,0,0,0,0,0,0,0,50,0,0,0,0,50,0,0,0,0,0,0,0,0,0,0,0,0,0,0,0,0,0,0,0,0,0,0,0,0,0,0,0,0,0,0,0,0,0,0,0,0,0,0,0,0,0,0,0,0,0,0,0,0,0,0,0,0,0,0,0,0,0,0,0,0,0,0,0,0,0,0,50,50,0,50,50,0,0,0,0,0,0,0,0,0,0,0,0,150,0,0,0,50,0,100
schoolmistress.txt,179,6,99,98.75,39.59,20.23,6,0,100,83.33,66.67,16.67,16.67,0,0,0,0,16.67,0,16.67,16.67,0,33.33,0,0,0,0,16.67,0,0,0,0,0,0,0,0,0,0,0,0,0,0,0,0,0,0,0,0,0,0,0,0,0,0,16.67,0,0,0,0,0,0,16.67,0,0,0,0,0,0,0,0,16.67,0,0,16.67,16.67,0,0,0,0,0,0,0,0,0,0,0,0,16.67,0,0,0,0,0,0,16.67,16.67,0,0,16.67,0,0,0,0,0,0,0,0,0,0,0,0,16.67,16.67,0,0,0,0,0
schoolmistress.txt,180,9,10.19,99,10.18,99,9,0,100,66.67,55.56,22.22,11.11,0,11.11,0,0,0,11.11,0,0,0,11.11,22.22,0,0,0,22.22,11.11,0,22.22,11.11,0,11.11,0,0,0,0,0,0,0,0,0,0,33.33,22.22,11.11,0,0,0,0,0,0,0,22.22,11.11,11.11,0,0,0,0,11.11,0,0,0,0,0,0,0,0,11.11,0,0,0,0,11.11,0,0,0,0,0,0,0,0,0,0,0,0,0,0,0,0,0,0,11.11,11.11,0,0,11.11,0,0,0,0,0,11.11,0,0,0,0,0,0,44.44,0,11.11,0,11.11,0,22.22
schoolmistress.txt,181,6,99,40.06,39.59,20.23,6,66.67,50,33.33,16.67,0,0,0,0,0,0,0,0,16.67,16.67,0,0,0,0,0,0,0,16.67,0,0,0,0,0,0,0,0,0,0,0,0,0,0,0,0,0,0,0,0,0,0,0,0,0,16.67,16.67,0,0,0,0,16.67,0,0,0,0,0,0,0,0,0,0,0,0,0,0,0,0,0,0,0,0,0,0,0,0,0,0,0,0,0,0,0,0,0,0,16.67,0,0,16.67,0,0,0,0,0,0,0,0,0,0,0,0,33.33,16.67,16.67,0,0,0,0
schoolmistress.txt,182,7,56.86,40.06,1,20.23,7,28.57,85.71,71.43,57.14,28.57,0,0,0,0,0,0,28.57,28.57,14.29,0,14.29,14.29,0,0,0,14.29,14.29,0,0,0,0,0,14.29,0,14.29,0,0,0,0,14.29,0,0,28.57,14.29,14.29,0,0,0,0,0,0,0,0,0,0,0,0,0,0,0,0,0,0,0,0,0,0,0,0,0,0,0,0,0,14.29,14.29,14.29,0,0,0,0,0,14.29,0,0,0,0,0,0,0,0,0,14.29,0,0,0,0,0,0,0,0,0,14.29,0,0,0,0,0,0,100,57.14,0,0,0,14.29,28.57
schoolmistress.txt,183,50,28.63,74.29,1,1,50,8,80,72,56,10,8,0,0,0,8,0,2,18,4,2,10,10,2,16,0,14,12,8,0,0,0,0,6,2,4,0,0,2,0,0,2,0,4,0,4,2,0,2,0,0,2,0,10,2,0,0,0,0,2,8,0,0,8,0,0,0,0,0,0,0,0,0,0,0,6,0,0,0,0,0,0,4,0,0,0,2,0,2,0,0,0,0,0,10,0,0,6,0,0,4,0,8,0,0,0,0,0,0,0,10,0,6,0,0,0,4
schoolmistress.txt,184,8,1,99,15.38,20.23,4,12.5,62.5,62.5,50,12.5,12.5,0,0,12.5,0,0,0,0,0,0,0,12.5,25,0,0,12.5,0,0,0,0,0,0,25,0,25,12.5,12.5,0,0,12.5,0,0,0,0,0,0,0,0,0,0,0,0,12.5,0,0,0,0,0,0,12.5,0,0,0,0,0,0,0,0,0,0,0,0,0,0,0,0,0,0,0,0,0,0,0,0,0,0,0,0,0,0,0,0,0,0,0,0,0,0,0,0,0,0,12.5,0,12.5,0,0,12.5,0,112.5,37.5,25,0,25,0,25
schoolmistress.txt,185,8,99,40.06,89.39,20.23,8,37.5,75,75,62.5,0,0,0,0,0,0,0,0,25,25,0,25,12.5,0,0,0,25,0,0,0,0,0,0,0,0,0,0,0,0,0,0,0,0,0,0,0,0,0,0,0,0,0,0,0,0,0,0,0,0,0,0,0,0,0,0,0,0,0,0,0,0,0,0,0,0,0,0,0,0,0,0,0,0,0,0,0,0,0,0,0,0,0,0,0,25,0,12.5,12.5,0,0,0,0,12.5,0,0,0,0,0,0,0,12.5,12.5,0,0,0,0,0
schoolmistress.txt,186,8,99,40.06,99,20.23,8,12.5,75,75,62.5,0,0,0,0,0,0,0,0,25,25,0,25,12.5,0,0,0,25,0,0,0,0,0,0,0,0,0,0,0,0,0,0,0,0,0,0,0,0,0,0,0,0,0,0,0,0,0,0,0,0,0,0,0,0,0,0,0,0,0,0,0,0,0,0,0,0,0,0,0,0,0,0,0,0,0,0,0,0,0,0,0,0,0,0,12.5,25,0,12.5,25,0,0,0,0,12.5,0,0,0,0,0,0,0,12.5,12.5,0,0,0,0,0
schoolmistress.txt,187,17,95.53,40.06,97.97,20.23,17,23.53,88.24,82.35,52.94,5.88,0,0,0,0,0,0,5.88,11.76,5.88,0,23.53,5.88,0,11.76,0,29.41,5.88,5.88,0,0,0,0,11.76,5.88,5.88,0,0,5.88,0,0,0,0,0,0,0,0,0,0,0,0,0,0,0,0,0,0,0,0,0,0,0,0,0,0,0,0,0,0,0,0,0,0,0,0,0,0,0,0,0,0,0,0,0,0,0,0,0,0,0,0,0,0,5.88,35.29,0,11.76,11.76,0,0,11.76,11.76,5.88,0,0,0,0,0,0,0,11.76,5.88,5.88,0,0,0,0
schoolmistress.txt,188,48,89.52,64.67,8.11,4.22,24,18.75,83.33,66.67,58.33,10.42,2.08,0,0,0,2.08,0,8.33,20.83,14.58,0,14.58,4.17,4.17,10.42,0,6.25,6.25,0,2.08,2.08,0,0,4.17,2.08,2.08,2.08,0,0,2.08,0,0,0,2.08,0,2.08,2.08,0,2.08,2.08,0,0,0,4.17,0,0,0,0,0,0,4.17,0,0,2.08,0,0,0,0,0,6.25,0,2.08,2.08,0,2.08,2.08,0,0,0,0,0,0,0,0,0,0,0,0,0,0,0,0,0,2.08,18.75,0,2.08,4.17,10.42,0,4.17,4.17,6.25,2.08,0,0,0,0,0,0,16.67,8.33,6.25,0,0,0,2.08
schoolmistress.txt,189,25,99,94.01,1,1,25,16,92,64,56,12,8,0,0,0,4,4,4,24,20,0,16,4,4,0,0,12,0,0,4,4,0,0,8,0,8,4,4,0,0,0,0,0,4,0,4,4,0,4,0,0,0,0,12,0,0,0,0,0,0,12,0,0,4,0,0,0,0,0,8,0,4,0,0,4,8,4,4,0,0,0,0,0,0,0,0,0,0,0,0,0,0,0,16,28,4,0,4,20,0,4,0,8,0,0,0,0,0,0,0,12,4,0,0,0,0,8
schoolmistress.txt,190,21,94.68,97.11,1,20.23,21,33.33,76.19,61.9,52.38,9.52,9.52,0,0,0,9.52,0,0,19.05,9.52,4.76,19.05,4.76,0,9.52,0,9.52,4.76,9.52,0,0,0,0,0,0,0,0,0,0,0,0,0,0,0,0,0,0,0,0,0,0,0,0,14.29,4.76,0,4.76,0,0,0,14.29,0,0,14.29,0,0,0,0,0,0,0,0,0,0,0,0,0,0,0,0,0,0,0,0,0,0,0,0,0,0,0,0,0,0,19.05,0,4.76,9.52,4.76,0,0,0,9.52,0,0,0,0,0,0,0,14.29,4.76,4.76,0,0,0,4.76
schoolmistress.txt,191,2,1,99,1,20.23,2,0,100,50,50,50,50,0,0,0,50,0,0,50,0,0,0,0,0,0,0,0,0,0,50,50,0,0,0,0,0,0,0,0,0,0,0,0,0,0,0,0,0,0,0,0,0,0,100,0,0,0,0,0,0,100,50,0,100,0,0,0,0,0,0,0,0,0,0,0,0,0,0,0,0,0,0,0,0,0,0,0,0,0,0,0,0,0,0,0,0,0,0,0,0,0,0,0,0,0,0,0,0,0,0,50,0,0,0,50,0,0
schoolmistress.txt,192,3,89.52,40.06,1,20.23,3,33.33,66.67,66.67,66.67,33.33,0,0,0,0,0,0,33.33,33.33,33.33,0,0,0,0,0,0,0,0,0,0,0,0,0,0,0,0,0,0,0,0,0,0,0,0,0,0,0,0,0,0,0,0,0,0,0,0,0,0,0,0,0,0,0,0,0,0,0,0,0,0,0,0,0,0,0,0,0,0,0,0,0,0,0,0,0,0,0,0,0,0,0,0,0,0,0,0,0,0,0,0,0,0,0,0,0,0,0,0,0,0,33.33,0,0,0,33.33,0,0
schoolmistress.txt,193,17,46.7,93.56,1,20.23,17,5.88,88.24,64.71,64.71,5.88,5.88,0,0,0,5.88,0,0,29.41,11.76,0,5.88,11.76,11.76,5.88,0,11.76,0,0,5.88,5.88,0,0,0,0,0,0,0,0,0,0,0,0,0,0,0,0,0,0,0,0,0,0,11.76,0,0,0,0,0,0,11.76,5.88,0,11.76,0,0,0,0,0,0,0,0,0,0,0,11.76,0,0,0,0,0,0,0,0,0,0,0,0,0,0,0,0,0,0,5.88,0,0,5.88,0,0,0,0,11.76,0,0,0,0,0,0,0,11.76,5.88,5.88,0,0,0,0
schoolmistress.txt,194,70,89.52,99,1.27,94.7,70,15.71,91.43,70,54.29,17.14,14.29,0,0,0,12.86,1.43,2.86,24.29,10,2.86,17.14,2.86,1.43,5.71,0,5.71,12.86,7.14,7.14,5.71,0,1.43,7.14,1.43,5.71,1.43,0,0,0,0,1.43,0,5.71,5.71,0,1.43,1.43,0,0,0,0,0,20,0,0,0,0,0,0,20,5.71,0,14.29,4.29,0,0,0,0,1.43,0,1.43,0,0,0,1.43,0,0,0,0,0,0,1.43,0,0,0,0,0,0,0,0,0,0,2.86,20,0,0,10,4.29,2.86,2.86,5.71,5.71,0,0,0,0,0,0,0,25.71,1.43,17.14,0,0,1.43,5.71
schoolmistress.txt,195,24,82.63,99,1,99,24,29.17,91.67,66.67,54.17,16.67,16.67,0,0,0,16.67,0,0,20.83,8.33,0,16.67,0,4.17,8.33,0,12.5,0,0,0,0,0,0,4.17,0,4.17,4.17,0,0,0,0,0,0,8.33,8.33,0,8.33,8.33,0,0,0,0,0,29.17,8.33,0,0,0,0,8.33,20.83,0,0,16.67,0,0,0,0,0,4.17,0,0,0,0,4.17,4.17,0,0,0,0,0,0,0,0,0,0,0,0,0,0,0,0,0,0,16.67,0,4.17,8.33,0,0,4.17,4.17,12.5,0,0,0,0,0,0,0,16.67,0,12.5,0,0,0,4.17
schoolmistress.txt,196,1,89.52,99,1,20.23,1,0,100,0,0,0,0,0,0,0,0,0,0,0,0,0,0,0,0,0,0,0,0,0,100,100,0,0,0,0,0,0,0,0,0,0,0,0,0,0,0,0,0,0,0,0,0,0,100,0,0,0,0,0,0,100,100,0,100,0,0,0,0,0,0,0,0,0,0,0,0,0,0,0,0,0,0,0,0,0,0,0,0,0,0,0,0,0,0,0,0,0,0,0,0,0,0,0,0,0,0,0,0,0,0,300,0,0,0,100,0,200
schoolmistress.txt,197,9,1,40.06,10.18,1,9,0,100,100,66.67,22.22,22.22,0,0,0,22.22,0,0,0,0,0,0,11.11,11.11,11.11,11.11,44.44,0,0,0,0,0,0,33.33,0,33.33,11.11,11.11,0,0,0,11.11,0,11.11,0,11.11,11.11,0,11.11,0,0,11.11,0,33.33,11.11,0,0,0,0,11.11,22.22,0,0,22.22,0,0,0,0,0,0,0,0,0,0,0,0,0,0,0,0,0,0,0,0,0,0,0,0,0,0,0,0,0,11.11,0,0,0,0,0,0,0,11.11,22.22,0,0,0,0,0,0,0,22.22,11.11,11.11,0,0,0,0
schoolmistress.txt,198,63,56.86,92.24,1,97.05,63,11.11,90.48,77.78,68.25,17.46,12.7,0,0,0,12.7,0,4.76,22.22,7.94,1.59,19.05,4.76,3.17,14.29,1.59,12.7,0,4.76,3.17,1.59,1.59,1.59,7.94,3.17,4.76,3.17,0,0,1.59,0,1.59,0,6.35,6.35,0,4.76,4.76,0,0,0,0,0,15.87,3.17,1.59,0,0,0,0,14.29,0,0,7.94,4.76,0,0,0,0,1.59,0,1.59,0,0,0,0,0,0,0,0,0,0,0,0,0,0,0,0,0,0,0,0,0,1.59,9.52,0,1.59,4.76,3.17,0,0,3.17,11.11,0,0,0,0,0,0,0,11.11,1.59,9.52,0,0,0,0
schoolmistress.txt,199,25,1,94.01,1,20.23,25,16,96,80,64,16,12,0,0,0,12,0,4,12,8,0,0,20,12,8,8,24,12,4,8,8,0,0,8,8,0,0,0,0,0,0,0,0,0,0,0,0,0,0,0,0,0,0,20,0,0,0,0,0,0,20,8,0,16,4,0,0,0,0,0,0,0,0,0,0,8,0,0,0,0,0,0,0,4,0,0,0,0,0,4,0,0,4,12,4,0,0,4,0,0,0,12,28,4,0,0,0,0,0,0,36,16,20,0,0,0,0
schoolmistress.txt,200,3,99,40.06,99,20.23,3,33.33,66.67,66.67,33.33,0,0,0,0,0,0,0,0,0,0,0,33.33,0,0,0,0,33.33,0,0,0,0,0,0,0,0,0,0,0,0,0,0,0,0,0,0,0,0,0,0,0,0,0,0,0,0,0,0,0,0,0,0,0,0,0,0,0,0,0,0,0,0,0,0,0,0,0,0,0,0,0,0,0,0,0,0,0,33.33,0,0,0,0,0,0,33.33,33.33,0,0,33.33,0,0,0,0,0,0,0,0,0,0,0,0,133.33,0,33.33,0,33.33,0,66.67
schoolmistress.txt,201,6,10.19,40.06,39.59,20.23,6,16.67,83.33,83.33,83.33,16.67,0,0,0,0,0,0,16.67,33.33,0,16.67,16.67,0,16.67,16.67,0,0,0,33.33,0,0,0,0,16.67,16.67,0,0,0,0,0,0,0,0,0,0,0,0,0,0,0,0,0,0,0,0,0,0,0,0,0,0,0,0,0,0,0,0,0,0,0,0,0,0,0,0,0,0,0,0,0,0,0,0,0,0,0,0,0,0,0,0,0,0,0,0,0,0,0,0,0,0,16.67,0,0,0,0,0,0,0,0,16.67,16.67,0,0,0,0,0
schoolmistress.txt,202,5,39.7,40.06,99,20.23,5,20,80,60,60,0,0,0,0,0,0,0,0,20,20,0,0,20,20,0,0,20,0,0,0,0,0,0,0,0,0,0,0,0,0,0,0,0,0,0,0,0,0,0,0,0,0,0,0,0,0,0,0,0,0,0,0,0,0,0,0,0,0,0,0,0,0,0,0,0,0,0,0,0,0,0,0,0,0,0,0,0,0,0,0,0,0,0,0,40,0,40,0,0,0,0,20,20,0,0,0,0,0,0,0,20,20,0,0,0,0,0
schoolmistress.txt,203,11,99,40.06,5.07,1,11,18.18,72.73,63.64,36.36,0,0,0,0,0,0,0,0,9.09,9.09,0,18.18,0,0,9.09,0,9.09,18.18,0,0,0,0,0,0,0,0,0,0,0,0,0,0,0,9.09,0,9.09,9.09,0,9.09,0,0,0,0,0,0,0,0,0,0,0,0,0,0,0,0,0,0,0,0,0,0,0,0,0,0,9.09,9.09,0,0,0,0,0,0,0,0,0,9.09,0,0,0,0,0,0,0,36.36,0,0,9.09,0,0,27.27,0,0,0,0,0,0,0,0,0,27.27,9.09,18.18,0,0,0,0
schoolmistress.txt,204,13,99,40.06,30.98,20.23,13,30.77,69.23,61.54,46.15,7.69,0,0,0,0,0,0,7.69,30.77,23.08,7.69,7.69,0,0,0,0,15.38,0,7.69,0,0,0,0,0,0,0,0,0,0,0,0,0,0,0,0,0,0,0,0,0,0,0,0,0,0,0,0,0,0,0,0,0,0,0,0,0,0,0,0,0,0,0,0,0,0,0,0,0,0,0,0,0,0,0,0,0,0,0,0,0,0,0,0,0,15.38,0,7.69,7.69,0,0,0,0,15.38,0,0,0,0,0,0,0,15.38,7.69,0,0,0,0,7.69
schoolmistress.txt,205,6,99,98.75,1,20.23,6,16.67,66.67,66.67,50,16.67,16.67,0,0,0,16.67,0,0,33.33,16.67,0,16.67,0,0,0,0,16.67,0,0,0,0,0,0,0,0,0,0,0,0,0,0,0,0,0,0,0,0,0,0,0,0,0,0,16.67,0,0,0,0,0,0,16.67,0,0,0,16.67,0,0,0,0,0,0,0,0,0,0,0,0,0,0,0,0,0,0,0,0,0,16.67,0,0,0,0,0,0,0,0,0,0,0,0,0,0,0,16.67,0,0,0,0,0,0,0,16.67,16.67,0,0,0,0,0
schoolmistress.txt,206,7,1,99,97.09,20.23,3.5,14.29,85.71,85.71,85.71,14.29,14.29,0,14.29,0,0,0,0,0,0,0,0,28.57,28.57,14.29,0,28.57,0,0,14.29,14.29,0,0,0,0,0,0,0,0,0,0,0,0,0,0,0,0,0,0,0,0,0,0,14.29,0,0,0,0,0,0,14.29,0,0,0,0,0,0,0,0,0,0,0,0,0,0,0,0,0,0,0,0,0,0,0,0,0,0,0,0,0,0,0,0,28.57,28.57,0,0,28.57,0,0,0,0,0,28.57,0,0,0,0,0,0,57.14,28.57,0,0,0,0,28.57