,category,proportion,RECORDING_SESSION_LABEL,IA_DWELL_TIME,IA_REGRESSION_PATH_DURATION,IA_AVERAGE_FIX_PUPIL_SIZE,IA_REGRESSION_IN_COUNT,IA_REGRESSION_OUT_FULL_COUNT,word,story,anger,disgust,fear,joy,neutral,sadness,surprise,negative,neutral,positive,word_length,concreteness,valence_avg,valence_max,valence_min,arousal_avg,arousal_max,arousal_min,Unnamed: 0,0,IA_DWELL_TIME_SMOOTHED,IA_REGRESSION_PATH_DURATION_SMOOTHED,IA_AVERAGE_FIX_PUPIL_SIZE_SMOOTHED,IA_REGRESSION_IN_COUNT_SMOOTHED,IA_REGRESSION_OUT_FULL_COUNT_SMOOTHED,engagement_score
0.0,0,0.0,12,3974.0,6564.0,260.01599999999996,5.0,7.0,12,EL,0.07690397650003433,0.705023467540741,0.013152703642845154,0.0020739987958222628,0.16746844351291656,0.032682761549949646,0.0026946295984089375,0.9014321565628052,0.092206098139286,0.006361708510667,4.857142857142857,2.1007142857142855,0.552625,0.958,0.063,0.462625,0.681,0.24,0,For a cultivated man to be ignorant of foreign languages is a great inconvenience.,3974.0,6564.0,260.01599999999996,5.0,7.0,3.57
1.0,0,0.0,12,5088.0,5592.0,219.08333333333334,10.0,11.0,18,EL,0.010886622592806816,0.15660087764263153,0.8025929927825928,0.003065022174268961,0.012265697121620178,0.00786207802593708,0.006726651918143034,0.0424299351871013,0.8377195000648499,0.1198505759239196,4.631578947368421,2.55,0.6694444444444445,0.828,0.417,0.4926666666666667,0.663,0.245,1,"Vorotov became acutely conscious of it when, after taking his degree, he began upon a piece of research work.",5088.0,5592.0,219.08333333333334,10.0,11.0,3.57
2.0,4,0.8153846153846154,12,2996.0,4238.0,200.16666666666666,3.0,4.0,20,EL,0.005602225195616484,0.9141061902046204,0.055767372250556946,0.0007950423751026392,0.006773849483579397,0.01220974326133728,0.004745516460388899,0.8561210036277771,0.1285625547170639,0.0153164668008685,4.304347826086956,2.9050000000000002,0.4461538461538461,0.833,0.061,0.42246153846153844,0.91,0.154,2,"“It’s awful,” he said, breathing hard (although he was only twenty-six he was fat, heavy, and suffered from shortness of breath).",2996.0,4238.0,200.16666666666666,3.0,4.0,3.57
3.0,0,0.0,12,434.0,238.0,262.5,2.0,0.0,2,EL,0.011832593008875847,0.9235582947731018,0.04838227853178978,0.000667218875605613,0.003758154809474945,0.00805728416889906,0.003744143759831786,0.8776171803474426,0.1006994768977165,0.0216832160949707,3.0,2.365,0.061,0.061,0.061,0.786,0.786,0.786,3,“It’s awful!,434.0,238.0,262.5,2.0,0.5882352941176471,3.57
4.0,0,0.0,12,2286.0,2504.0,206.04714285714286,3.0,5.0,8,EL,0.03408033400774002,0.37827762961387634,0.10745116323232651,0.001552476896904409,0.31967273354530334,0.10445750504732132,0.05450812727212906,0.5087932348251343,0.4474318027496338,0.043774951249361,4.444444444444445,2.97375,0.6717500000000001,0.729,0.562,0.3255,0.357,0.255,4,Without languages I’m like a bird without wings.,2286.0,2504.0,206.04714285714286,3.0,5.0,3.57
5.0,0,0.0,12,694.0,908.0,185.6,0.0,0.0,9,EL,0.2819383442401886,0.16042788326740265,0.024939727038145065,0.011049716733396053,0.13632531464099884,0.3838024139404297,0.0015165765071287751,0.5046674013137817,0.4609810709953308,0.0343514569103717,3.2222222222222223,2.6666666666666665,0.7344999999999999,0.75,0.719,0.471,0.596,0.346,5,I might just as well give up the work.”,694.0,908.0,185.6,2.1176470588235294,2.3823529411764706,3.57
6.0,4,0.9784172661870504,12,4290.0,5568.0,186.87153846153845,5.0,5.0,26,EL,0.03249230235815048,0.03976759314537048,0.008793443441390991,0.03268519416451454,0.8712578415870667,0.010180587880313396,0.0048230551183223724,0.2506935894489288,0.6685726046562195,0.0807338505983352,3.857142857142857,2.3484615384615384,0.6005454545454545,0.833,0.271,0.44472727272727275,0.689,0.24,6,"And he made up his mind at all costs to overcome his innate laziness, and to learn French and German; and began to look out for a teacher.",4290.0,5568.0,186.87153846153845,5.0,5.0,3.57
7.0,4,0.0161290322580645,12,2962.0,4392.0,166.0,3.0,3.0,24,EL,0.11261457204818726,0.8212560415267944,0.049890100955963135,0.0019409072119742632,0.004888168536126614,0.005220389924943447,0.004189807455986738,0.0514694713056087,0.9013859629631042,0.0471444614231586,4.041666666666667,2.9143478260869564,0.6114166666666666,0.854,0.34,0.36791666666666667,0.596,0.23,7,"One winter noon, as Vorotov was sitting in his study at work, the servant told him that a young lady was inquiring for him.",2962.0,4392.0,166.0,3.0,3.0,3.57
8.0,0,0.0,12,1106.0,958.0,214.33333333333334,1.0,1.0,5,EL,0.052987173199653625,0.0596947968006134,0.09585996717214584,0.004180776886641979,0.765787661075592,0.01652391068637371,0.004965693689882755,0.101723812520504,0.8288127183914185,0.0694634392857551,3.8,2.865,0.5509999999999999,0.571,0.531,0.375,0.44,0.31,8,"“Ask her in,” said Vorotov.",1106.0,958.0,214.33333333333334,1.0,1.0,3.57
9.0,0,0.0,12,1076.0,24338.0,168.75,0.0,0.0,12,EL,0.005333638284355402,0.9466791152954102,0.0034406655468046665,0.0072624944150447845,0.02008022367954254,0.0025166133418679237,0.01468716748058796,0.0165613237768411,0.7899152636528015,0.1935235261917114,4.583333333333333,2.9600000000000004,0.771,0.854,0.643,0.45225,0.616,0.3,9,And a young lady elaborately dressed in the last fashion walked in.,1076.0,24338.0,168.75,1.3691275167785233,1.610738255033557,3.57
10.0,0,0.0,12,2250.0,2522.0,153.55,2.0,2.0,23,EL,0.044977087527513504,0.4052717089653015,0.018401408568024635,0.11700259894132614,0.34603753685951233,0.041412826627492905,0.026896817609667778,0.0273820403963327,0.9048420190811156,0.0677758827805519,4.3076923076923075,2.5185714285714287,0.680125,0.906,0.542,0.390875,0.559,0.24,10,"She introduced herself as a teacher of French,Alice Osipovna Enquête, and told Vorotov that she had been sent to him by one of his friends.",2250.0,2522.0,153.55,2.0,2.0,3.57
11.0,0,0.0,12,0.0,0.0,,0.0,0.0,1,EL,0.007050572894513607,0.0022600279189646244,0.024726441130042076,0.8142812252044678,0.0802353098988533,0.003433010308071971,0.06801334768533707,0.0024085706099867,0.0479586571455001,0.9496328830718994,9.0,,0.938,0.938,0.938,0.664,0.664,0.664,11,“Delighted!,123.75539568345323,321.71223021582733,12.026516383047408,0.1079136690647482,0.11510791366906475,3.57
12.0,0,0.0,12,3900.0,4094.0,163.34375,3.0,3.0,36,EL,0.05152164772152901,0.26672986149787903,0.20768488943576813,0.0038280938751995564,0.3983265161514282,0.06324997544288635,0.00865904986858368,0.0619997940957546,0.7260627746582031,0.2119374126195907,4.527777777777778,3.0222857142857142,0.559,0.875,0.158,0.401,0.708,0.23,12,"Please sit down,” said Vorotov, breathing hard and putting his hand over the collar of his nightshirt (to breathe more freely he always wore a nightshirt at work instead of a stiff linen one with collar).",3900.0,4094.0,163.34375,3.0,3.0,3.57
13.0,0,0.0,12,832.0,1794.0,150.5,0.0,1.0,5,EL,0.011276264674961567,0.005531282629817724,0.010907692834734917,0.004627909045666456,0.2312186062335968,0.004259174689650536,0.7321791052818298,0.1414102613925933,0.8210867047309875,0.0375030189752578,4.333333333333333,2.8675,0.6665000000000001,0.67,0.663,0.36,0.48,0.24,13,“It was Pyotr Sergeitch sent you?,832.0,1794.0,150.5,0.5789473684210527,1.0,3.57
14.0,0,0.0,12,0.0,0.0,,0.0,0.0,2,EL,0.04802868887782097,0.13250653445720673,0.06341639161109924,0.014109298586845398,0.6804285049438477,0.04668869823217392,0.014821825549006462,0.0107611371204257,0.15492844581604,0.8343104124069214,3.0,2.14,,,,,,,14,"Yes, yes...",242.2680412371134,764.9484536082475,34.45681148748159,0.288659793814433,0.288659793814433,3.57
15.0,0,0.0,12,786.0,1052.0,134.0,1.0,1.0,5,EL,0.022830480709671974,0.03402383252978325,0.011413723230361938,0.03948497772216797,0.7436038851737976,0.03459024056792259,0.11405283957719803,0.1418939381837844,0.7922182679176331,0.0658877566456794,3.2,2.992,0.531,0.531,0.531,0.44,0.44,0.44,15,I asked him about it.,786.0,1052.0,134.0,1.0,1.0,3.57
16.0,0,0.0,12,0.0,0.0,,0.0,0.0,1,EL,0.006579917389899492,0.0029147600289434195,0.02754588983952999,0.8321048617362976,0.07633094489574432,0.0030491137877106667,0.05147448182106018,0.0020576973911374,0.0375015102326869,0.9604409337043762,9.0,2.86,0.938,0.938,0.938,0.664,0.664,0.664,16,Delighted!”,155.9770992366412,197.96946564885496,13.24852121222781,0.183206106870229,0.15267175572519084,3.57
17.0,0,0.0,12,1480.0,2140.0,196.5,4.0,3.0,5,EL,0.010180074721574783,0.9151903390884399,0.02241498976945877,0.005455175880342722,0.03147398307919502,0.012622484937310219,0.0026629772037267685,0.1191916093230247,0.8031324148178101,0.0776759833097457,3.4,2.72,0.833,0.833,0.833,0.346,0.346,0.346,17,As he talked to Mdlle.,1480.0,2140.0,196.5,4.0,3.0,3.57
18.0,0,0.0,12,1426.0,1160.0,203.16500000000002,4.0,4.0,7,EL,0.0023813473526388407,0.016874291002750397,0.9507257342338562,0.00509228091686964,0.01703690178692341,0.002057661535218358,0.005831656977534294,0.0102064553648233,0.6128535270690918,0.3769400119781494,4.555555555555555,2.4075,0.7344999999999999,0.75,0.719,0.592,0.755,0.429,18,Enquête he looked at her shyly and with curiosity.,1426.0,1160.0,203.16500000000002,4.0,4.0,3.57
19.0,0,0.0,12,1928.0,3870.0,166.8,0.0,1.0,11,EL,0.004630046896636486,0.05318257585167885,0.0043175057508051395,0.11602651327848434,0.7721548676490784,0.009435243904590607,0.04025329276919365,0.0022631781175732,0.0413098894059658,0.9564269781112672,4.909090909090909,2.23,0.8033333333333333,0.875,0.67,0.39666666666666667,0.5,0.24,19,"She was a genuine Frenchwoman, very elegant and still quite young.",1928.0,3870.0,166.8,2.6258064516129034,1.0,3.57
20.0,2,0.3733333333333333,12,10081.0,11824.0,200.58064516129033,12.0,7.0,58,EL,0.016619309782981873,0.31977060437202454,0.17092879116535187,0.02057378739118576,0.08959725499153137,0.37374600768089294,0.008764340542256832,0.0475532710552215,0.7040281891822815,0.2484185248613357,4.447761194029851,2.809230769230769,0.5645625,0.865,0.164,0.33909374999999997,0.735,0.173,20,"Judging from her pale, languid face, her short curly hair, and her unnaturally slim waist, she might have been eighteen; but looking at her broad, well-developed shoulders, the elegant lines of her back and her severe eyes, Vorotov thought that she was not less than three-and-twenty and might be twenty-five; but then again he began to think she was not more than eighteen.",10081.0,11824.0,200.58064516129033,12.0,7.0,3.57
21.0,2,0.099009900990099,12,4510.0,9542.0,174.40916666666666,8.0,11.0,18,EL,0.8213744759559631,0.1500672996044159,0.0035988695453852415,0.0007593664922751486,0.016158761456608772,0.006072374526411295,0.001968758413568139,0.7063676714897156,0.2830902338027954,0.0105420481413602,3.761904761904762,2.684761904761905,0.6551818181818182,0.844,0.398,0.3941818181818182,0.608,0.173,21,Her face looked as cold and business-like as the face of a person who has come to speak about money.,4510.0,9542.0,174.40916666666666,8.0,11.0,3.57
22.0,2,0.7288135593220338,12,3094.0,4218.0,174.43333333333334,5.0,5.0,34,EL,0.28145653009414673,0.11107143014669418,0.025336341932415962,0.008124704472720623,0.38353076577186584,0.019668249413371086,0.17081193625926971,0.1750298738479614,0.6067764759063721,0.2181936651468277,3.9714285714285715,2.7055882352941176,0.6598461538461537,0.914,0.214,0.5103076923076924,0.72,0.173,22,"She did not once smile or frown, and only once a look of perplexity flitted over her face when she learnt that she was not required to teach children, but a stout grown-up man.",3094.0,4218.0,174.43333333333334,5.0,5.0,3.57
23.0,2,0.1098901098901098,12,2730.0,3726.0,178.72222222222223,3.0,2.0,14,EL,0.005702681839466095,0.018927743658423424,0.0102452477440238,0.004094674251973629,0.9461354613304138,0.007218619808554649,0.007675564847886562,0.0220340006053447,0.8945468068122864,0.0834191292524337,4.375,2.5166666666666666,0.617,0.757,0.458,0.32083333333333336,0.577,0.185,23,"“So,Alice Osipovna,” said Vorotov, “we’ll have a lesson every evening from seven to eight.",2730.0,3726.0,178.72222222222223,3.0,2.0,3.57
24.0,0,0.0,12,1666.0,3534.0,145.91666666666666,3.0,4.0,11,EL,0.35476917028427124,0.1944955438375473,0.029576025903224945,0.0046155862510204315,0.3958503007888794,0.0181707926094532,0.0025225419085472822,0.0997387692332267,0.8253877758979797,0.0748734399676323,4.214285714285714,1.9749999999999999,0.63175,0.802,0.45,0.3695,0.577,0.255,24,As regards your terms—a rouble a lesson—I’ve nothing to say against that.,1666.0,3534.0,145.91666666666666,3.0,4.0,3.57
25.0,0,0.0,12,2360.0,3908.0,202.77777777777777,3.0,3.0,9,EL,0.05987047776579857,0.05769502371549606,0.029106512665748596,0.008529182523488998,0.8240426778793335,0.01754642091691494,0.0032098095398396254,0.0570541620254516,0.8196669816970825,0.1232787072658538,3.0,2.4657142857142857,0.5123333333333333,0.67,0.427,0.36000000000000004,0.467,0.24,25,By all means let it be a rouble. . . .”,2360.0,3908.0,202.77777777777777,3.0,3.0,3.57
26.0,2,0.6141078838174274,12,5440.0,6222.0,167.65,4.0,4.0,48,EL,0.021566784009337425,0.061218809336423874,0.0019931818824261427,0.36951932311058044,0.5305848717689514,0.008292187005281448,0.006824874319136143,0.0133766159415245,0.6138325333595276,0.3727909028530121,3.7755102040816326,2.5927083333333334,0.7118421052631579,0.938,0.493,0.3721052631578948,0.673,0.163,26,"And he asked her if she would not have some tea or coffee, whether it was a fine day, and with a good-natured smile, stroking the baize of the table, he inquired in a friendly voice who she was, where she had studied, and what she lived on.",5440.0,6222.0,167.65,4.0,4.0,3.57
27.0,0,0.0,12,6350.0,7624.0,162.45652173913044,5.0,5.0,46,EL,0.03820931538939476,0.03359409049153328,0.01449909433722496,0.004988581873476505,0.03132770583033562,0.8341341614723206,0.0432470329105854,0.1704133450984954,0.7571645975112915,0.0724221393465995,4.729166666666667,2.7046666666666663,0.6462399999999999,0.931,0.031,0.43996,0.765,0.189,27,"With a cold, business-like expression,Alice Osipovna answered that she had completed her studies at a private school and had the diploma of a private teacher, that her father had died lately of scarlet fever, that her mother was alive and made artificial flowers; that she, Mdlle.",6350.0,7624.0,162.45652173913044,5.0,5.0,3.57
28.0,0,0.0,12,2978.0,3476.0,169.33636363636364,4.0,3.0,20,EL,0.039757147431373596,0.39633849263191223,0.08305814862251282,0.19782543182373047,0.14561554789543152,0.08462151139974594,0.052783720195293427,0.012305618263781,0.5786654949188232,0.4090288877487182,5.285714285714286,2.943,0.6911333333333333,0.968,0.402,0.38666666666666666,0.577,0.185,28,"Enquête, taught in a private school till dinnertime, and after dinner was busy till evening giving lessons in different good families.",2978.0,3476.0,169.33636363636364,4.0,3.0,3.57
29.0,1,0.8133333333333334,12,1602.0,4832.0,202.534,1.0,4.0,11,EL,0.005760356783866882,0.9699336290359497,0.006463887169957161,0.0006265417323447764,0.013385862112045288,0.002964261220768094,0.0008653732948005199,0.0836903154850006,0.818757176399231,0.0975525826215744,4.357142857142857,2.9538461538461536,0.5184,0.847,0.063,0.37439999999999996,0.441,0.315,29,She went away leaving behind her the faint fragrance of a woman’s clothes.,1602.0,4832.0,202.534,1.0,4.0,3.57
30.0,1,1.0,12,2072.0,4782.0,161.6,2.0,3.0,23,EL,0.009500473737716675,0.5153596997261047,0.01655634306371212,0.014167330227792263,0.36937984824180603,0.069725401699543,0.005310945678502321,0.1296668797731399,0.7936363816261292,0.076696753501892,4.695652173913044,2.809047619047619,0.6261,0.833,0.448,0.3424,0.596,0.146,30,"For a long time afterwards Vorotov could not settle to work, but, sitting at the table stroking its green baize surface, he meditated.",2072.0,4782.0,161.6,2.0,3.0,3.57
31.0,1,0.1645569620253164,12,1378.0,1538.0,167.55714285714288,2.0,2.0,15,EL,0.002197114285081625,0.021243518218398094,0.0006455213879235089,0.95391845703125,0.0172489732503891,0.003190877614542842,0.0015555405989289284,0.0037229324225336,0.0632518455386161,0.9330251812934875,3.75,2.5746666666666664,0.8015,0.939,0.635,0.49333333333333335,0.769,0.269,31,"“It’s very pleasant to see a girl working to earn her own living,” he thought.",1378.0,1538.0,167.55714285714288,2.0,2.0,3.57
32.0,0,0.0,12,2972.0,3264.0,176.91666666666666,2.0,2.0,31,EL,0.008296199142932892,0.6586730480194092,0.044259943068027496,0.003059948794543743,0.029568031430244446,0.25376877188682556,0.002374121220782399,0.7506000995635986,0.2195612341165542,0.0298386011272668,4.65625,2.2282758620689656,0.5606363636363636,0.875,0.071,0.47445454545454546,0.82,0.23,32,"“On the other hand, it’s very unpleasant to think that poverty should not spare such elegant and pretty girls asAlice Osipovna, and that she, too, should have to struggle for existence.",2972.0,3264.0,176.91666666666666,2.0,2.0,3.57
33.0,0,0.0,12,406.0,406.0,174.0,0.0,0.0,4,EL,0.0010399254970252514,0.003555272938683629,0.0012447821209207177,0.0022956449538469315,0.009733438491821289,0.974306583404541,0.007824297063052654,0.8327959775924683,0.1450311839580536,0.0221728514879941,2.6,2.6275,0.337,0.449,0.225,0.2775,0.333,0.222,33,It’s a sad thing!”,406.0,406.0,174.0,0.6936416184971098,0.7861271676300577,3.57
34.0,0,0.0,12,5520.0,8201.0,216.7391304347826,11.0,9.0,34,EL,0.006300167180597782,0.2403818815946579,0.00437540840357542,0.4332325756549835,0.28734397888183594,0.010076153092086315,0.018289895728230476,0.0233335997909307,0.3855324685573578,0.5911338329315186,5.777777777777778,2.696060606060606,0.6924285714285715,0.89,0.542,0.4227142857142857,0.67,0.205,34,"Having never seen virtuous Frenchwomen before, he reflected also that this elegantly dressed young lady with her well-developed shoulders and exaggeratedly small waist in all probability followed another calling as well as giving French lessons.",5520.0,8201.0,216.7391304347826,11.0,9.0,3.57
35.0,0,0.0,12,2860.0,9642.0,199.875,4.0,6.0,12,EL,0.026660265401005745,0.043258361518383026,0.19531698524951935,0.012795834802091122,0.4875536859035492,0.03899791091680527,0.1954168826341629,0.0390308648347854,0.9055678248405457,0.0554012469947338,4.461538461538462,2.6999999999999997,0.5648333333333334,0.677,0.458,0.21933333333333335,0.279,0.173,35,"The next evening when the clock pointed to five minutes to seven, Mdlle.",2860.0,9642.0,199.875,4.0,6.0,3.57
36.0,0,0.0,12,1550.0,2148.0,170.4,1.0,2.0,6,EL,0.01230915728956461,0.2759627103805542,0.005988137796521187,0.08245614171028137,0.5762378573417664,0.035746995359659195,0.011299004778265953,0.0066491542384028,0.3863094747066498,0.6070414781570435,5.166666666666667,2.8739999999999997,0.7080000000000001,0.94,0.449,0.49633333333333335,0.528,0.455,36,"Enquête appeared, rosy from the frost.",1550.0,2148.0,170.4,1.0,2.0,3.57
37.0,0,0.0,12,2676.0,3780.0,175.36363636363637,3.0,3.0,17,EL,0.023232445120811462,0.03704266622662544,0.15137559175491333,0.030334806069731712,0.5095000267028809,0.019788552075624466,0.22872598469257355,0.0930116027593612,0.8349491357803345,0.0720392167568206,5.2105263157894735,2.8211764705882354,0.6273,0.757,0.5,0.3712,0.569,0.154,37,"She opened Margot, which she had brought with her, and without introduction began:  “French grammar has twenty-six letters.",2676.0,3780.0,175.36363636363637,3.0,3.0,3.57
38.0,0,0.0,12,1904.0,1514.0,169.91666666666666,3.0,1.0,9,EL,0.011555753648281097,0.00695777777582407,0.00661848671734333,0.015275169163942337,0.8575988411903381,0.008688021451234818,0.0933060273528099,0.0755990743637085,0.8690152168273926,0.055385798215866,3.6666666666666665,2.781428571428571,0.6028,0.67,0.49,0.37120000000000003,0.627,0.21,38,"The first letter is called A, the second B...”",1904.0,1514.0,169.91666666666666,3.0,1.0,3.57
39.0,2,0.5116279069767442,12,2194.0,1510.0,201.125,4.0,3.0,5,EL,0.10800012201070786,0.23574218153953552,0.005230975337326527,0.315896213054657,0.3176358640193939,0.014460659585893154,0.0030340731609612703,0.0493220649659633,0.7016336917877197,0.2490442246198654,6.6,3.43,0.45199999999999996,0.906,0.21,0.6429999999999999,0.696,0.598,39,"“Excuse me,” Vorotov interrupted, smiling.",2194.0,1510.0,201.125,4.0,3.0,3.57
40.0,2,1.0,12,1880.0,2088.0,162.71428571428572,2.0,2.0,15,EL,0.024209177121520042,0.0180825125426054,0.6241456270217896,0.003849670523777604,0.2142789661884308,0.1020883321762085,0.013345872983336449,0.2781235873699188,0.6921073198318481,0.0297689922153949,4.125,2.9162500000000002,0.50925,0.752,0.385,0.39437500000000003,0.647,0.16,40,"“I must warn you, mademoiselle, that you must change your method a little in my case.",1880.0,2088.0,162.71428571428572,2.0,2.0,3.57
41.0,2,1.0,12,1008.0,1276.0,172.5,1.0,1.0,9,EL,0.010819025337696075,0.05086177960038185,0.0036938204430043697,0.006927293259650469,0.8912853002548218,0.004240977577865124,0.032171785831451416,0.0639988034963607,0.729404628276825,0.2065965682268142,3.888888888888889,2.9633333333333334,0.7,0.765,0.635,0.315,0.361,0.269,41,"You see, I know Russian, Greek, and Latin well....",1008.0,1276.0,172.5,1.0,1.0,3.57
42.0,2,1.0,12,3280.0,4404.0,153.23583333333332,7.0,7.0,18,EL,0.006680070422589779,0.02849532850086689,0.003642851486802101,0.0036804478149861097,0.9417486190795898,0.004702426493167877,0.011050207540392876,0.1025160178542137,0.8133063912391663,0.0841776132583618,5.055555555555555,2.6453333333333333,0.6091428571428572,0.786,0.33,0.32242857142857145,0.408,0.265,42,"I’ve studied comparative philology, and I think we might omit Margot and pass straight to reading some author.”",3280.0,4404.0,153.23583333333332,7.0,7.0,3.57
43.0,1,0.6575342465753424,12,3114.0,3310.0,194.4,4.0,3.0,12,EL,0.022653181105852127,0.03119264729321003,0.003200806910172105,0.021008891984820366,0.892554759979248,0.005743448156863451,0.02364634908735752,0.1019968315958976,0.7873969078063965,0.1106063425540924,4.538461538461538,2.7358333333333333,0.7494,0.914,0.604,0.5024,0.643,0.337,43,And he explained to the French girl how grown-up people learn languages.,3114.0,3310.0,194.4,4.0,3.0,3.57
44.0,1,0.0963855421686747,12,5956.0,9302.0,154.91666666666666,8.0,8.0,42,EL,0.21754159033298492,0.297311395406723,0.019252276048064232,0.03895946964621544,0.3064640760421753,0.019096270203590393,0.10137491673231125,0.0350752659142017,0.6851011514663696,0.2798236906528473,4.363636363636363,2.5995,0.6279047619047619,0.906,0.265,0.36957142857142855,0.643,0.24,44,"“A friend of mine,” he said, “wanting to learn modern languages, laid before him the French, German, and Latin gospels, and read them side by side, carefully analysing each word, and would you believe it, he attained his object in less than a year.",5956.0,9302.0,154.91666666666666,8.0,8.0,3.57
45.0,0,0.0,12,0.0,0.0,,0.0,0.0,5,EL,0.08924036473035812,0.025630202144384384,0.018271032720804214,0.008092141710221767,0.8408328294754028,0.01494129654020071,0.0029920688830316067,0.0367458872497081,0.6777826547622681,0.2854715287685394,2.8,2.374,0.5485,0.67,0.427,0.4605,0.548,0.373,45,Let us do the same.,642.9714285714285,942.8,45.83915721844293,0.7142857142857142,0.7714285714285715,3.57
46.0,0,0.0,12,682.0,682.0,135.66666666666666,0.0,0.0,7,EL,0.008707626722753048,0.01443526055663824,0.006290771067142487,0.009381686337292194,0.9545215964317322,0.003500398015603423,0.003162760753184557,0.0349906384944915,0.8522924780845642,0.1127168238162994,3.625,3.1271428571428572,0.781,0.828,0.74,0.38766666666666666,0.537,0.283,46,We’ll take some author and read him.”,682.0,682.0,135.66666666666666,1.0174418604651163,1.0988372093023258,3.57
47.0,0,0.0,12,760.0,1162.0,192.0,1.0,1.0,8,EL,0.03719327598810196,0.09645010530948639,0.07264644652605057,0.005832909606397152,0.12090279906988144,0.004236704204231501,0.6627377867698669,0.1607266664505005,0.7932425737380981,0.0460307039320468,4.5,2.871428571428571,0.497,0.719,0.275,0.5745,0.72,0.429,47,The French girl looked at him in perplexity.,760.0,1162.0,192.0,1.0,1.0,3.57
48.0,0,0.0,12,1432.0,5456.0,130.15,0.0,3.0,9,EL,0.2956933379173279,0.6371793746948242,0.02335485629737377,0.0012615832965821028,0.022396033629775047,0.008292559534311295,0.011822303757071495,0.8090540766716003,0.1817381829023361,0.0092077981680631,5.5,1.7866666666666664,0.42533333333333334,0.646,0.159,0.4203333333333333,0.594,0.302,48,Evidently the suggestion seemed to her very naïve and ridiculous.,1432.0,5456.0,130.15,1.051948051948052,3.0,3.57
49.0,1,0.902621722846442,12,4392.0,5318.0,148.35,2.0,2.0,50,EL,0.3112996220588684,0.30547231435775757,0.16711753606796265,0.014148632064461708,0.1593734174966812,0.03925057128071785,0.003337907139211893,0.3679386079311371,0.5508401989936829,0.0812210738658905,4.078431372549019,2.4741176470588235,0.5785789473684211,0.914,0.122,0.47436842105263155,0.83,0.24,49,"If this strange proposal had been made to her by a child, she would certainly have been angry and have scolded it, but as he was a grown-up man and very stout and she could not scold him, she only shrugged her shoulders hardly perceptibly and said:  “As you please.”",4392.0,5318.0,148.35,2.0,2.0,3.57
50.0,1,0.0933333333333333,12,1034.0,1176.0,147.195,2.0,2.0,12,EL,0.014939436689019203,0.8033507466316223,0.010322258807718754,0.002135572722181678,0.15477894246578217,0.007132591214030981,0.0073404014110565186,0.0946074649691581,0.8189429044723511,0.0864495933055877,4.6923076923076925,3.128888888888889,0.5245,0.802,0.243,0.3775,0.615,0.21,50,Vorotov rummaged in his bookcase and picked out a dog’s-eared French book.,1034.0,1176.0,147.195,2.0,2.0,3.57
51.0,0,0.0,12,258.0,258.0,234.0,1.0,0.0,3,EL,0.19375170767307281,0.03432273492217064,0.4599817991256714,0.00312212691642344,0.17728888988494873,0.03614799305796623,0.09538465738296509,0.0859308317303657,0.8496597409248352,0.0644094347953796,3.3333333333333335,2.4133333333333336,0.6839999999999999,0.698,0.67,0.478,0.548,0.408,51,“Will this do?”,258.0,258.0,234.0,1.0,0.3185840707964601,3.57
52.0,0,0.0,12,722.0,722.0,202.66666666666666,0.0,0.0,6,EL,0.011425741948187351,0.04562269151210785,0.0057511827908456326,0.002394600072875619,0.9193717241287231,0.007051547989249229,0.008382526226341724,0.1145972162485122,0.7895516157150269,0.0958511084318161,3.0,2.515,0.571,0.571,0.571,0.31,0.31,0.31,52,"“It’s all the same,” she said.",722.0,722.0,202.66666666666666,0.611111111111111,0.6666666666666665,3.57
53.0,0,0.0,12,1578.0,3986.0,209.64285714285714,4.0,4.0,11,EL,0.06899992376565933,0.018075158819556236,0.04327213764190674,0.19094383716583252,0.664603590965271,0.005731610581278801,0.008373767137527466,0.0018269261345267,0.0812596380710601,0.9169134497642516,3.1818181818181817,2.2927272727272725,0.6646,0.938,0.427,0.41500000000000004,0.569,0.275,53,"“In that case let us begin, and good luck to it!",1578.0,3986.0,209.64285714285714,4.0,4.0,3.57
54.0,0,0.0,12,266.0,266.0,237.0,0.0,0.0,5,EL,0.03252636641263962,0.06645002216100693,0.4012511074542999,0.03398202732205391,0.4399150013923645,0.012820404954254627,0.013055090792477131,0.0839385613799095,0.8455157279968262,0.070545770227909,4.428571428571429,2.314,0.604,0.708,0.427,0.4326666666666667,0.569,0.356,54,Let’s begin with the title...‘Mémoires.’”,266.0,266.0,237.0,0.6737588652482269,0.6737588652482269,3.57
55.0,0,0.0,12,394.0,394.0,196.0,0.0,0.0,2,EL,0.006945233792066574,0.155713751912117,0.01104574091732502,0.006119726225733757,0.7812051773071289,0.027190018445253372,0.011780343018472195,0.0910439118742942,0.8273242115974426,0.0816317871212959,9.0,2.07,,,,,,,55,"“Reminiscences,” Mdlle.",394.0,394.0,196.0,0.3684210526315789,0.4035087719298245,3.57
56.0,0,0.0,12,766.0,766.0,262.75,1.0,0.0,2,EL,0.006164188962429762,0.06415195018053055,0.00651387358084321,0.008305716328322887,0.8792434930801392,0.01201311219483614,0.023607682436704636,0.0896590948104858,0.8102768659591675,0.1000641956925392,8.5,2.69,0.604,0.604,0.604,0.423,0.423,0.423,56,Enquête translated.,766.0,766.0,262.75,1.0,0.4150943396226416,3.57
57.0,0,0.0,12,6010.0,7668.0,206.15,7.0,7.0,30,EL,0.012766851112246513,0.08786730468273163,0.0013169411104172468,0.5972934365272522,0.2774520814418793,0.016678793355822563,0.006624531466513872,0.0442403592169284,0.5065783262252808,0.4491813778877258,4.0,2.526206896551724,0.6293636363636363,0.938,0.194,0.42045454545454547,0.745,0.255,57,"With a good-natured smile, breathing hard, he spent a quarter of an hour over the word “Mémoires,” and as much over the word de, and this wearied the young lady.",6010.0,7668.0,206.15,7.0,7.0,3.57
58.0,1,0.7446808510638298,12,3050.0,4430.0,182.80583333333334,2.0,4.0,20,EL,0.025793885812163353,0.4527701735496521,0.2515629529953003,0.0022914179135113955,0.15790970623493195,0.10091130435466766,0.008760616183280945,0.7255240082740784,0.2610783874988556,0.0133975408971309,5.2272727272727275,2.5936363636363637,0.6395000000000001,0.914,0.22,0.4789,0.65,0.373,58,"She answered his questions languidly, grew confused, and evidently did not understand her pupil well, and did not attempt to understand him.",3050.0,4430.0,182.80583333333334,2.0,4.0,3.57
59.0,1,0.908450704225352,12,3498.0,6964.0,161.8,4.0,6.0,23,EL,0.030575400218367577,0.29424092173576355,0.11166875064373016,0.010123949497938156,0.4771188795566559,0.02655375376343727,0.04971825331449509,0.2095914930105209,0.7161055207252502,0.0743029564619064,4.269230769230769,2.7676,0.64025,0.854,0.385,0.33899999999999997,0.557,0.186,59,"Vorotov asked her questions, and at the same time kept looking at her fair hair and thinking:  “Her hair isn’t naturally curly; she curls it.",3498.0,6964.0,161.8,4.0,6.0,3.57
60.0,1,1.0,12,408.0,728.0,173.0,0.0,1.0,4,EL,0.00902126356959343,0.08590489625930786,0.1033393070101738,0.005875356029719114,0.03217379376292229,0.0035752630792558193,0.7601101398468018,0.2506086230278015,0.5805764198303223,0.1688150316476822,3.4,2.325,0.3815,0.449,0.314,0.4425,0.663,0.222,60,It’s a strange thing!,408.0,728.0,173.0,0.6736842105263158,1.0,3.57
61.0,1,1.0,12,1496.0,1934.0,154.16666666666666,2.0,2.0,15,EL,0.07358741760253906,0.19440189003944397,0.0076812682673335075,0.0014178529381752014,0.23896658420562744,0.028467990458011627,0.4554769992828369,0.1606017500162124,0.7649311423301697,0.074467197060585,3.6666666666666665,2.9073333333333333,0.619,0.757,0.385,0.3631428571428571,0.596,0.186,61,"She works from morning to night, and yet she has time to curl her hair.”",1496.0,1934.0,154.16666666666666,2.0,2.0,3.57
62.0,1,0.7989130434782609,12,5252.0,6954.0,154.58823529411765,5.0,7.0,28,EL,0.012416338548064232,0.9156225919723511,0.044316619634628296,0.0008925830479711294,0.015979738906025887,0.00871423538774252,0.0020577795803546906,0.1333355605602264,0.7422919273376465,0.1243724226951599,5.0,2.7173076923076924,0.573923076923077,0.847,0.146,0.4030769230769231,0.792,0.199,62,"At eight o’clock precisely she got up, and saying coldly and dryly, “Au revoir, monsieur,” walked out of the study, leaving behind her the same tender, delicate, disturbing fragrance.",5252.0,6954.0,154.58823529411765,5.0,7.0,3.57
63.0,1,1.0,12,1460.0,2018.0,144.83333333333334,2.0,2.0,14,EL,0.04149147868156433,0.8682494163513184,0.0059926374815404415,0.0023450972512364388,0.06763522326946259,0.013098576106131077,0.0011875603813678026,0.4294848442077636,0.5412287712097168,0.0292863082140684,4.0,2.952,0.6248571428571429,0.729,0.541,0.31142857142857144,0.548,0.17,63,For a long time again her pupil did nothing; he sat at the table meditating.,1460.0,2018.0,144.83333333333334,2.0,2.0,3.57
64.0,1,0.12,12,7166.0,11200.0,156.65566666666666,9.0,11.0,52,EL,0.0475359745323658,0.7915952205657959,0.005573249887675047,0.032737310975790024,0.10214673727750778,0.01830454170703888,0.0021070134826004505,0.5601699352264404,0.3740741908550262,0.0657557621598243,4.407407407407407,2.5025925925925923,0.6384000000000001,0.917,0.041,0.45596,0.796,0.24,64,"During the days that followed he became convinced that his teacher was a charming, conscientious, and precise young lady, but that she was very badly educated, and incapable of teaching grown-up people, and he made up his mind not to waste his time, to get rid of her, and to engage another teacher.",7166.0,11200.0,156.65566666666666,9.0,11.0,3.57
65.0,3,0.6390041493775933,12,5905.0,56287.0,160.3464,6.0,7.0,42,EL,0.006653716787695885,0.027011683210730553,0.5930763483047485,0.0031866172794252634,0.02157183736562729,0.33520087599754333,0.013298914767801762,0.4669132232666015,0.498638242483139,0.0344484634697437,4.204545454545454,2.815,0.5040588235294118,0.828,0.05,0.43117647058823527,0.742,0.245,65,"When she came the seventh time he took out of his pocket an envelope with seven roubles in it, and holding it in his hand, became very confused and began:  “Excuse me,Alice Osipovna, but I ought to tell you...I’m under painful necessity...”",5905.0,56287.0,160.3464,6.0,7.0,3.57
66.0,0,0.0,12,2719.0,3321.0,181.41666666666666,2.0,4.0,27,EL,0.43355607986450195,0.41590842604637146,0.013279277831315994,0.004591723438352346,0.09088610857725143,0.036921426653862,0.0048569547943770885,0.204121932387352,0.7249752283096313,0.0709027722477912,5.0,2.7055555555555553,0.5762666666666667,0.79,0.236,0.4196,0.65,0.173,66,"Seeing the envelope, the French girl guessed what was meant, and for the first time during their lessons her face quivered and her cold, business-like expression vanished.",2719.0,3321.0,181.41666666666666,2.0,4.0,3.57
67.0,0,0.0,12,2514.0,2500.0,217.3125,2.0,1.0,15,EL,0.008100335486233234,0.018634667620062828,0.906894862651825,0.002347804605960846,0.05468827486038208,0.003936538007110357,0.0053975339978933334,0.1846807599067688,0.7640674710273743,0.0512517057359218,5.2,3.3971428571428572,0.56525,0.939,0.321,0.414125,0.686,0.16,67,"She coloured a little, and dropping her eyes, began nervously fingering her slender gold chain.",2514.0,2500.0,217.3125,2.0,1.0,3.57
68.0,1,0.6783216783216783,12,4888.0,5138.0,200.34466666666668,7.0,8.0,26,EL,0.7953118085861206,0.12045329809188843,0.0023849501740187407,0.0023154127411544323,0.046242453157901764,0.027411488816142082,0.005880480632185936,0.5036088228225708,0.4449619650840759,0.0514292642474174,4.148148148148148,2.11,0.492,0.865,0.115,0.491875,0.84,0.24,68,"And Vorotov, seeing her perturbation, realised how much a rouble meant to her, and how bitter it would be to her to lose what she was earning.",4888.0,5138.0,200.34466666666668,7.0,8.0,3.57
69.0,1,0.2184466019417475,12,6374.0,13270.0,183.12714285714287,8.0,6.0,34,EL,0.04215022921562195,0.007092762738466263,0.9082043766975403,0.0018996153958141804,0.018109481781721115,0.012743384577333927,0.009800036437809467,0.5922088027000427,0.3789072632789612,0.028883995488286,4.361111111111111,2.867714285714286,0.4921428571428571,0.914,0.22,0.41735714285714287,0.696,0.26,69,"“I ought to tell you,” he muttered, growing more and more confused, and quavering inwardly; he hurriedly stuffed the envelope into his pocket and went on: “Excuse me, I...I must leave you for ten minutes.”",6374.0,13270.0,183.12714285714287,8.0,6.0,3.57
70.0,0,0.0,12,4920.0,14288.0,176.88235294117646,2.0,4.0,41,EL,0.18245989084243774,0.5913215279579163,0.022132882848381996,0.003280328121036291,0.17970159649848938,0.014169326983392239,0.006934447679668665,0.2268531620502472,0.7349413633346558,0.0382055453956127,3.5813953488372094,2.447906976744186,0.545,0.757,0.184,0.376625,0.594,0.23,70,"And trying to appear as though he had not in the least meant to get rid of her, but only to ask her permission to leave her for a short time, he went into the next room and sat there for ten minutes.",4920.0,14288.0,176.88235294117646,2.0,4.0,3.57
71.0,0,0.0,12,2474.0,2722.0,189.0,1.0,1.0,29,EL,0.0033444142900407314,0.3297448754310608,0.03793977200984955,0.004909915383905172,0.10923700034618378,0.49117374420166016,0.023650268092751503,0.6615815162658691,0.3197942972183227,0.018624247983098,4.344827586206897,2.481379310344828,0.466,0.802,0.153,0.4859,0.811,0.235,71,"And then he returned more embarrassed than ever: it struck him that she might have interpreted his brief absence in some way of her own, and he felt awkward.",2474.0,2722.0,189.0,1.0,1.0,3.57
72.0,0,0.0,12,364.0,466.0,178.5,1.0,1.0,4,EL,0.013739082962274551,0.06118791177868843,0.10707194358110428,0.03329535201191902,0.7358202338218689,0.02435232326388359,0.024533210322260857,0.1966732442378997,0.7340825200080872,0.0692441314458847,5.0,2.195,0.6905,0.704,0.677,0.573,0.577,0.569,72,The lessons began again.,364.0,466.0,178.5,1.0,1.0,3.57
73.0,0,0.0,12,1426.0,1426.0,185.5,1.0,1.0,6,EL,0.053040362894535065,0.40171027183532715,0.01815207302570343,0.005643208511173725,0.13937337696552277,0.3746340572834015,0.007446613162755966,0.5639311075210571,0.4223717153072357,0.0136972162872552,4.5,2.492,0.791,0.802,0.78,0.6345000000000001,0.667,0.602,73,Yorotov felt no interest in them.,1426.0,1426.0,185.5,1.0,1.0,3.57
74.0,0,0.0,12,3016.0,4322.0,162.44416666666666,4.0,5.0,26,EL,0.41499775648117065,0.334313303232193,0.0073424517177045345,0.005883102770894766,0.2166837602853775,0.018219823017716408,0.0025598560459911823,0.1658013314008712,0.7420793175697327,0.0921192914247512,4.518518518518518,2.4252000000000002,0.6591111111111112,0.938,0.21,0.5033333333333333,0.64,0.346,74,"Realising that he would gain nothing from the lessons, he gave the French girl liberty to do as she liked, asking her nothing and not interrupting her.",3016.0,4322.0,162.44416666666666,4.0,5.0,3.57
75.0,0,0.0,12,7762.0,10656.0,156.04,13.0,12.0,43,EL,0.008148943074047565,0.969167947769165,0.002017546445131302,0.0011578162666410208,0.014612333849072456,0.003881696844473481,0.001013710512779653,0.2745055556297302,0.6022467613220215,0.1232475936412811,4.2272727272727275,2.888181818181818,0.6442222222222223,0.847,0.302,0.41083333333333333,0.708,0.179,75,"She translated away as she pleased ten pages during a lesson, and he did not listen, breathed hard, and having nothing better to do, gazed at her curly head, or her soft white hands or her neck and sniffed the fragrance of her clothes.",7762.0,10656.0,156.04,13.0,12.0,3.57
76.0,0,0.0,12,8296.0,12536.0,156.65566666666666,13.0,13.0,49,EL,0.9724804759025574,0.013502422720193863,0.003900079056620598,0.0006036402191966772,0.002581006148830056,0.006279937457293272,0.0006523531628772616,0.8011777997016907,0.1842988282442093,0.0145234614610672,4.58,2.5147999999999997,0.5533913043478261,0.949,0.01,0.5100869565217391,0.802,0.24,76,"He caught himself thinking very unsuitable thoughts, and felt ashamed, or he was moved to tenderness, and then he felt vexed and wounded that she was so cold and business-like with him, and treated him as a pupil, never smiling and seeming afraid that he might accidentally touch her.",8296.0,12536.0,156.65566666666666,13.0,13.0,3.57
77.0,0,0.0,12,3552.0,8798.0,154.135625,3.0,6.0,28,EL,0.09176182746887207,0.30163687467575073,0.017135171219706535,0.00554006127640605,0.3420029580593109,0.06309299170970917,0.1788301318883896,0.4966939687728882,0.4346315562725067,0.0686745420098304,4.206896551724138,2.36551724137931,0.666923076923077,0.959,0.073,0.4453076923076923,0.771,0.222,77,"He kept wondering how to inspire her with confidence and get to know her better, and to help her, to make her understand how badly she taught, poor thing.",3552.0,8798.0,154.135625,3.0,6.0,3.57
78.0,0,0.0,12,372.0,398.0,170.0,0.0,1.0,3,EL,0.025729462504386902,0.054198697209358215,0.05635232850909233,0.0988444909453392,0.6538925170898438,0.033850278705358505,0.0771322026848793,0.0578716397285461,0.7500657439231873,0.1920625865459442,3.6666666666666665,3.9450000000000003,0.6305000000000001,0.719,0.542,0.28049999999999997,0.292,0.269,78,One day Mdlle.,372.0,398.0,170.0,0.6594427244582043,1.0,3.57
79.0,1,0.8347826086956521,12,5371.0,6791.0,194.11904761904762,8.0,6.0,43,EL,0.020081767812371254,0.7365942597389221,0.06995172053575516,0.008320174179971218,0.1417539119720459,0.0077375066466629505,0.015560653991997242,0.0541310235857963,0.7008688449859619,0.2450001835823059,3.977777777777778,2.582790697674419,0.6245,0.906,0.188,0.4114,0.775,0.133,79,"Enquête came to the lesson in a smart pink dress, slightly décolleté, and surrounded by such a fragrance that she seemed to be wrapped in a cloud, and, if one blew upon her, ready to fly away into the air or melt away like smoke.",5371.0,6791.0,194.11904761904762,8.0,6.0,3.57
80.0,1,1.0,12,3588.0,2522.0,179.16666666666666,5.0,2.0,24,EL,0.036143332719802856,0.09690146893262863,0.01198451966047287,0.006841396912932396,0.5155435800552368,0.31733399629592896,0.015251741744577885,0.0885909050703048,0.8190715312957764,0.0923376977443695,4.0,2.3433333333333333,0.6343333333333333,0.894,0.5,0.4221111111111111,0.84,0.24,80,"She apologised and said she could stay only half an hour for the lesson, as she was going straight from the lesson to a dance.",3588.0,2522.0,179.16666666666666,5.0,2.0,3.57
81.0,1,0.099236641221374,12,14323.0,35805.0,177.40076923076924,21.0,22.0,89,EL,0.00261898641474545,0.05150348320603371,0.006865407340228558,0.002472811145707965,0.021067623049020767,0.9028630256652832,0.012608644552528858,0.4833957254886627,0.4567254483699798,0.0598787032067775,4.571428571428571,2.7052222222222224,0.6107142857142857,0.906,0.225,0.4104047619047619,0.864,0.133,81,"He looked at her throat and the back of her bare neck, and thought he understood why Frenchwomen had the reputation of frivolous creatures easily seduced; he was carried away by this cloud of fragrance, beauty, and bare flesh, while she, unconscious of his thoughts and probably not in the least interested in them, rapidly turned over the pages and translated at full steam:  “‘He was walking the street and meeting a gentleman his friend and saying, “Where are you striving to seeing your face so pale it makes me sad.”’”",14323.0,35805.0,177.40076923076924,21.0,22.0,3.57
82.0,0,0.0,12,2174.0,5026.0,178.0,3.0,5.0,12,EL,0.005312958266586065,0.0035479580983519554,0.0008987156907096505,0.025075940415263176,0.8916321396827698,0.011812279000878334,0.061719976365566254,0.0862408056855201,0.845163106918335,0.0685960948467254,5.230769230769231,2.4554545454545456,0.623375,0.802,0.471,0.31425,0.429,0.21,82,"The “Mémoires” had long been finished, and nowAlice was translating some other book.",2174.0,5026.0,178.0,3.0,5.0,3.57
83.0,0,0.0,12,3868.0,7592.0,150.06666666666666,5.0,6.0,26,EL,0.12933368980884552,0.362827330827713,0.03712903708219528,0.004435072187334299,0.20836462080478668,0.2403402030467987,0.017570102587342262,0.4523012042045593,0.5194797515869141,0.0282190963625907,4.037037037037037,2.3764,0.5703076923076923,0.719,0.375,0.3504615384615385,0.642,0.16,83,"One day she came an hour too early for the lesson, apologizing and saying that she wanted to leave at seven and go to the Little Theatre.",3868.0,7592.0,150.06666666666666,5.0,6.0,3.57
84.0,0,0.0,12,1582.0,2060.0,142.0,2.0,2.0,14,EL,0.010779627598822117,0.9729940891265869,0.004929699935019016,0.0023294701240956783,0.0064849164336919785,0.0017629939829930663,0.0007192324846982956,0.0281784124672412,0.9044213891029358,0.0674001350998878,4.714285714285714,2.643333333333333,0.65225,0.76,0.51,0.39675,0.577,0.269,84,"Seeing her out after the lesson, Vorotov dressed and went to the theatre himself.",1582.0,2060.0,142.0,2.0,2.0,3.57
85.0,0,0.0,12,3246.0,3674.0,169.53666666666666,2.0,2.0,20,EL,0.037534262984991074,0.09439312666654587,0.003063812153413892,0.03256179764866829,0.8076821565628052,0.012319797649979591,0.012444975785911083,0.0887910649180412,0.6635053157806396,0.2477036118507385,4.318181818181818,2.341904761904762,0.6765555555555556,0.929,0.51,0.44477777777777777,0.837,0.148,85,"He went, and fancied that he was going simply for change and amusement, and that he was not thinking aboutAlice at all.",3246.0,3674.0,169.53666666666666,2.0,2.0,3.57
86.0,4,0.7634854771784232,12,6254.0,7734.0,170.405,7.0,6.0,43,EL,0.011373977176845074,0.3506229817867279,0.06835461407899857,0.0029465118423104286,0.08186691999435425,0.47489187121391296,0.009942988865077496,0.8212102055549622,0.1644862294197082,0.0143036292865872,4.488372093023256,2.3685,0.6055333333333334,0.833,0.214,0.40946666666666665,0.712,0.148,86,"He could not admit that a serious man, preparing for a learned career, lethargic in his habits, could fling up his work and go to the theatre simply to meet there a girl he knew very little, who was unintelligent and utterly unintellectual.",6254.0,7734.0,170.405,7.0,6.0,3.57
87.0,4,0.7676348547717843,12,5656.0,6776.0,155.033,5.0,6.0,42,EL,0.873389720916748,0.006264788564294577,0.0332910381257534,0.001670552184805274,0.042937032878398895,0.0067607020027935505,0.03568621352314949,0.5996059775352478,0.3577353656291961,0.0426586680114269,4.642857142857143,2.480238095238095,0.5793157894736842,0.827,0.071,0.4116315789473684,0.75,0.24,87,"Yet for some reason his heart was beating during the intervals, and without realizing what he was doing, he raced about the corridors and foyer like a boy impatiently looking for some one, and he was disappointed when the interval was over.",5656.0,6776.0,155.033,5.0,6.0,3.57
88.0,4,1.0,12,3074.0,3472.0,156.9375,3.0,2.0,41,EL,0.0028582054655998945,0.004254112485796213,0.0003965333162341267,0.9795341491699219,0.005955412518233061,0.006274030078202486,0.0007276082178577781,0.0035967053845524,0.04471892490983,0.9516844749450684,4.7073170731707314,2.5423076923076926,0.7170625,0.96,0.146,0.4876875,0.783,0.269,88,"And when he saw the familiar pink dress and the handsome shoulders under the tulle, his heart quivered as though with a foretaste of happiness; he smiled joyfully, and for the first time in his life experienced the sensation of jealousy.",3074.0,3472.0,156.9375,3.0,2.0,3.57
89.0,4,0.7397260273972602,12,1588.0,2193.0,198.66666666666666,3.0,4.0,10,EL,0.005687909200787544,0.9736250042915344,0.009534289129078388,0.0005709206452593207,0.005476815160363913,0.0016642214031890035,0.0034409097861498594,0.9038882851600648,0.0919320806860923,0.0041795228607952,5.545454545454546,2.9799999999999995,0.5578571428571429,0.719,0.177,0.3337142857142857,0.43,0.2,89,Alice was walking with two unattractive-looking students and an officer.,1588.0,2193.0,198.66666666666666,3.0,4.0,3.57
90.0,0,0.0,12,1340.0,1190.0,204.7,1.0,1.0,8,EL,0.02121247723698616,0.7771070599555969,0.0018788700690492988,0.06220715865492821,0.12693823873996735,0.006909452378749847,0.003746714675799012,0.1255351155996322,0.551590621471405,0.3228742480278015,5.875,2.90125,0.7632,0.98,0.541,0.554,0.79,0.24,90,"She was laughing, talking loudly, and obviously flirting.",1340.0,1190.0,204.7,1.0,1.0,3.57
91.0,0,0.0,12,780.0,1652.0,163.75,1.0,2.0,7,EL,0.005181027576327324,0.047590576112270355,0.019615566357970238,0.006133459974080324,0.06849383562803268,0.004145482089370489,0.8488401174545288,0.3946698606014251,0.5678245425224304,0.0375055260956287,4.285714285714286,2.295,0.7036666666666666,0.757,0.635,0.337,0.389,0.269,91,Vorotov had never seen her like that.,780.0,1652.0,163.75,1.0,2.0,3.57
92.0,0,0.0,12,674.0,674.0,246.83333333333334,0.0,0.0,7,EL,0.00351755041629076,0.005078559275716543,0.0002765503595583141,0.958303689956665,0.017660224810242653,0.013603320345282555,0.0015600059414282441,0.0020958159584552,0.0354902446269989,0.962414026260376,5.714285714285714,2.4442857142857144,0.8224,1.0,0.67,0.3696,0.735,0.24,92,"She was evidently happy, contented, warm, sincere.",674.0,674.0,246.83333333333334,0.6319444444444444,0.7291666666666666,3.57
93.0,2,0.5,12,230.0,230.0,221.0,0.0,0.0,2,EL,0.18022507429122925,0.052853502333164215,0.00878127757459879,0.003604298457503319,0.07634233683347702,0.009629921056330204,0.6685635447502136,0.2286872863769531,0.7062367796897888,0.0650760158896446,3.5,1.815,,,,,,,93,What for?,230.0,230.0,221.0,0.2535211267605634,0.22535211267605637,3.57
94.0,2,1.0,12,132.0,132.0,156.0,0.0,0.0,1,EL,0.03125578910112381,0.007763604633510113,0.007148522883653641,0.0018334054620936513,0.022470202296972275,0.003715764731168747,0.9258126616477966,0.3205423653125763,0.6120098233222961,0.0674477741122245,3.0,1.86,,,,,,,94,Why?,132.0,132.0,156.0,0.18421052631578946,0.20175438596491224,3.57
95.0,2,1.0,12,1196.0,1196.0,151.85714285714286,0.0,0.0,13,EL,0.03626294434070587,0.14273159205913544,0.005157316103577614,0.02964937873184681,0.7658173441886902,0.008082166314125061,0.012299285270273685,0.0678909420967102,0.8425885438919067,0.0895205810666084,4.6923076923076925,2.3884615384615384,0.67475,0.906,0.48,0.33699999999999997,0.413,0.24,95,Perhaps because these men were her friends and belonged to her own circle.,1196.0,1196.0,151.85714285714286,3.0,2.9,3.57
96.0,2,0.7105263157894737,12,1136.0,1136.0,201.8,0.0,0.0,13,EL,0.0019170277519151568,0.00871580746024847,0.9729312062263489,0.0008322270005010068,0.003643206786364317,0.009119933471083641,0.0028406286146491766,0.672527551651001,0.3121423125267029,0.0153301740065217,4.769230769230769,2.4291666666666667,0.5066,0.802,0.061,0.4692,0.849,0.24,96,And Vorotov felt there was a terrible gulf between himself and that circle.,1136.0,1136.0,201.8,3.1707317073170733,3.1707317073170733,3.57
97.0,0,0.0,12,7256.0,8050.0,166.55826086956523,10.0,7.0,40,EL,0.18868762254714966,0.7017853260040283,0.00376915349625051,0.003959879744797945,0.08971664309501648,0.009814747609198093,0.00226656929589808,0.4780952632427215,0.4829354882240295,0.0389693118631839,3.85,2.68675,0.7145555555555556,0.906,0.329,0.46222222222222226,0.85,0.306,97,"He bowed to his teacher, but she gave him a chilly nod and walked quickly by; she evidently did not care for her friends to know that she had pupils, and that she had to give lessons to earn money.",7256.0,8050.0,166.55826086956523,10.0,7.0,3.57
98.0,4,0.2727272727272727,12,3878.0,6908.0,171.25727272727272,6.0,9.0,13,EL,0.0056931497529149055,0.008377092890441418,0.010546627454459667,0.8808155655860901,0.02537655085325241,0.03803475201129913,0.03115633875131607,0.0178851298987865,0.4142027497291565,0.5679121613502502,4.384615384615385,2.275,0.8066666666666666,1.0,0.67,0.4426666666666666,0.569,0.24,98,After the meeting at the theatre Vorotov realised that he was in love. . . .,3878.0,6908.0,171.25727272727272,6.0,9.0,3.57
99.0,4,0.2926829268292683,12,5132.0,5402.0,161.95388888888888,12.0,10.0,26,EL,0.019756847992539406,0.9219974875450134,0.0024813709314912558,0.007559855934232473,0.04286409541964531,0.0037628328427672386,0.0015775380888953805,0.0166740342974662,0.3764892220497131,0.6068366765975952,5.153846153846154,2.6992000000000003,0.6444615384615384,0.979,0.26,0.46076923076923076,0.82,0.255,99,"During the subsequent lessons he feasted his eyes on his elegant teacher, and without struggling with himself, gave full rein to his imaginations, pure and impure.",5132.0,5402.0,161.95388888888888,12.0,10.0,3.57
100.0,0,0.0,12,590.0,1838.0,147.5,1.0,2.0,1,EL,0.04327992722392082,0.12058863788843155,0.037975721061229706,0.029714610427618027,0.6017542481422424,0.10276906192302704,0.06391780823469162,0.2144877910614013,0.6091043949127197,0.1764077544212341,5.0,,,,,,,,100,Mdlle.,590.0,1838.0,147.5,1.0,2.0,3.57
101.0,0,0.0,12,5918.0,10388.0,154.4090909090909,6.0,7.0,41,EL,0.8010128140449524,0.14257840812206268,0.006410461384803057,0.0018195227021351457,0.01764652319252491,0.029718631878495216,0.0008136497344821692,0.5846536159515381,0.3697151839733124,0.0456310957670211,4.523809523809524,2.4937837837837837,0.5622222222222223,0.816,0.094,0.34844444444444445,0.602,0.173,101,"Enquête’s face did not cease to be cold; precisely at eight o’clock every evening she said coldly, “Au revoir, monsieur,” and he felt she cared nothing about him, and never would care anything about him, and that his position was hopeless.",5918.0,10388.0,154.4090909090909,6.0,7.0,3.57
102.0,4,0.3132530120481928,12,958.0,958.0,147.6,1.0,0.0,14,EL,0.044196274131536484,0.12569624185562134,0.526741623878479,0.01430888194590807,0.26354020833969116,0.012701228260993958,0.012815567664802074,0.0229387264698743,0.8314704298973083,0.1455908119678497,4.714285714285714,2.3814285714285717,0.679125,0.927,0.458,0.393625,0.577,0.157,102,"Sometimes in the middle of a lesson he would begin dreaming, hoping, making plans.",958.0,958.0,147.6,1.0,3.2627118644067794,3.57
103.0,4,1.0,12,5586.0,7258.0,148.19458333333333,7.0,6.0,50,EL,0.2964390516281128,0.6176245212554932,0.0058734421618282795,0.0038911872543394566,0.049967486411333084,0.022256746888160706,0.0039476449601352215,0.2209700495004654,0.6021662950515747,0.1768635958433151,4.38,2.459791666666667,0.63795,1.0,0.24,0.41719999999999996,0.75,0.173,103,"He inwardly composed declarations of love, remembered that Frenchwomen were frivolous and easily won, but it was enough for him to glance at the face of his teacher for his ideas to be extinguished as a candle is blown out when you bring it into the wind on the verandah.",5586.0,7258.0,148.19458333333333,7.0,6.0,3.57
104.0,4,0.2099236641221374,12,7682.0,10580.0,163.66,10.0,13.0,44,EL,0.05173897743225098,0.08434217423200607,0.6966421008110046,0.041940636932849884,0.0652935653924942,0.048256710171699524,0.011785733513534069,0.0287382174283266,0.310461163520813,0.6608005166053772,4.456521739130435,2.493695652173913,0.5830555555555557,1.0,0.134,0.4872222222222222,0.754,0.24,104,"Once, overcome, forgetting himself as though in delirium, he could not restrain himself, and barred her way as she was going from the study into the entry after the lesson, and, gasping for breath and stammering, began to declare his love:  “You are dear to me!",7682.0,10580.0,163.66,10.0,13.0,3.57
105.0,0,0.0,12,0.0,0.0,,0.0,0.0,1,EL,0.0301747377961874,0.024554923176765442,0.025393245741724968,0.049841683357954025,0.7002174258232117,0.07931774854660034,0.09050027281045914,0.188352420926094,0.7305243015289307,0.0811232328414917,1.0,3.93,,,,,,,105,I...,138.83582089552237,218.69651741293532,8.23485246327286,0.14925373134328357,0.16417910447761191,3.57
106.0,0,0.0,12,672.0,516.0,190.0,0.0,1.0,6,EL,0.01674007438123226,0.003982665948569775,0.002225681906566024,0.9387999176979065,0.017573999240994453,0.009949272498488426,0.010728384368121624,0.0066146380268037,0.0765626057982444,0.9168227314949036,3.8333333333333335,3.036,0.8825000000000001,1.0,0.765,0.4955,0.519,0.472,106,I love you!Allow me to speak.”,672.0,516.0,190.0,0.8613861386138614,1.0,3.57
107.0,3,0.4285714285714285,12,2906.0,6938.0,166.86363636363637,1.0,0.0,23,EL,0.021035583689808846,0.008604113012552261,0.744860827922821,0.002620748709887266,0.019346805289387703,0.05854754149913788,0.14498431980609894,0.6615114212036133,0.3254151046276092,0.0130734089761972,4.75,2.271818181818182,0.5435,0.74,0.281,0.46375,0.681,0.259,107,"And Alice turned pale—probably from dismay, reflecting that after this declaration she could not come here again and get a rouble a lesson.",2906.0,6938.0,166.86363636363637,1.0,3.194444444444444,3.57
108.0,0,0.0,12,2124.0,2104.0,188.75,3.0,0.0,16,EL,0.0015027435729280114,0.0008088421891443431,0.9919187426567078,0.0009806621819734573,0.0018925907788798213,0.0019114990718662739,0.0009850322967395186,0.5326420068740845,0.4191046357154846,0.0482533946633338,3.6470588235294117,2.89875,0.4921428571428571,0.719,0.153,0.43971428571428567,0.817,0.225,108,"With a frightened look in her eyes she said in a loud whisper:  “Ach, you mustn’t!",2124.0,2104.0,188.75,3.0,2.5668449197860963,3.57
109.0,0,0.0,12,1470.0,3378.0,182.7075,1.0,4.0,5,EL,0.22049325704574585,0.031738389283418655,0.7023398280143738,0.004047267604619265,0.023460261523723602,0.014428308233618736,0.0034926196094602346,0.1541221141815185,0.6572827696800232,0.1885951161384582,3.5,3.2560000000000002,0.5796666666666667,0.765,0.304,0.5266666666666667,0.56,0.472,109,"Don’t speak, I entreat you!",1470.0,3378.0,182.7075,1.0,4.0,3.57
110.0,0,0.0,12,0.0,0.0,,0.0,0.0,2,EL,0.7351493239402771,0.04932672902941704,0.09653466939926147,0.009669817052781582,0.025863908231258392,0.025517335161566734,0.05793819576501846,0.3578586280345917,0.5191752910614014,0.122965969145298,3.3333333333333335,2.7733333333333334,0.408,0.408,0.408,0.382,0.382,0.382,110,You mustn’t!”,222.7107438016529,507.33884297520666,30.02909623090408,0.18181818181818185,0.19834710743801653,3.57
111.0,1,0.4695652173913043,12,1678.0,4582.0,166.66666666666666,1.0,1.0,19,EL,0.6126406788825989,0.3118375241756439,0.023147035390138626,0.0008112702635116875,0.01642049290239811,0.03364400565624237,0.001499055651947856,0.839133083820343,0.1529474705457687,0.0079193916171789,4.894736842105263,2.667222222222222,0.4918888888888888,0.786,0.06,0.524,0.878,0.09,111,And Vorotov did not sleep all night afterwards; he was tortured by shame; he blamed himself and thought intensely.,1678.0,4582.0,166.66666666666666,1.0,1.0,3.57
112.0,1,1.0,12,2292.0,10370.0,181.04545454545453,4.0,5.0,21,EL,0.7920625805854797,0.15554873645305634,0.0056596496142446995,0.00139777478761971,0.028363222256302834,0.014168825931847095,0.0027992164250463247,0.7684629559516907,0.2256270051002502,0.0059101223014295,3.9047619047619047,2.489047619047619,0.48100000000000004,0.757,0.085,0.4655,0.831,0.269,112,"It seemed to him that he had insulted the girl by his declaration, that she would not come to him again.",2292.0,10370.0,181.04545454545453,4.0,5.0,3.57
113.0,1,0.5263157894736842,12,1896.0,2370.0,211.875,1.0,1.0,22,EL,0.043143585324287415,0.05108969286084175,0.0045836446806788445,0.009331313893198967,0.35712337493896484,0.5232985019683838,0.011429870501160622,0.0531215891242027,0.8921215534210205,0.0547568760812282,4.090909090909091,2.731818181818182,0.6502222222222223,0.774,0.562,0.3667777777777778,0.555,0.235,113,"He resolved to find out her address from the address bureau in the morning, and to write her a letter of apology.",1896.0,2370.0,211.875,1.0,1.0,3.57
114.0,0,0.0,12,436.0,436.0,165.5,0.0,0.0,6,EL,0.3375621438026428,0.11302711069583893,0.007827975787222385,0.002411341294646263,0.08198478817939758,0.36344602704048157,0.09374049305915833,0.1986447274684906,0.765040934085846,0.0363143645226955,4.333333333333333,2.614,0.5820000000000001,0.635,0.529,0.274,0.279,0.269,114,But Alice came without a letter.,436.0,436.0,165.5,1.2000000000000002,1.5096774193548386,3.57
115.0,0,0.0,12,6676.0,16886.0,176.46153846153845,10.0,14.0,37,EL,0.004429638385772705,0.18157686293125153,0.7801653742790222,0.004612291231751442,0.017732860520482063,0.006342526525259018,0.005140465684235096,0.5714471340179443,0.3828912079334259,0.0456616096198558,4.390243902439025,2.638292682926829,0.6350526315789474,0.908,0.073,0.4196315789473684,0.642,0.189,115,"For the first minute she felt uncomfortable, then she opened a book and began briskly and rapidly translating as usual:  “‘Oh, young gentleman, don’t tear those flowers in my garden which I want to be giving to my ill daughter....’”",6676.0,16886.0,176.46153846153845,10.0,14.0,3.57
116.0,0,0.0,12,1184.0,928.0,247.83333333333334,3.0,1.0,6,EL,0.004354184493422508,0.013079735450446606,0.00288351415656507,0.010268708691000938,0.9198752045631409,0.02304629050195217,0.026492297649383545,0.0259925127029418,0.7959295511245728,0.1780778616666793,3.6666666666666665,2.858333333333333,0.624,0.719,0.529,0.269,0.269,0.269,116,She still comes to this day.,1184.0,928.0,247.83333333333334,3.0,1.0,3.57
117.0,3,0.8407079646017699,12,8706.0,20192.0,185.25,11.0,13.0,37,EL,0.03926638886332512,0.3040430247783661,0.010954599827528,0.008944705128669739,0.6081653833389282,0.015922190621495247,0.012703713960945606,0.2678970396518707,0.6563413739204407,0.0757617503404617,4.918918918918919,2.6285294117647062,0.6465882352941177,0.802,0.531,0.37147058823529416,0.663,0.21,117,"Four books have already been translated, but Vorotov knows no French but the word “Mémoires,” and when he is asked about his literary researches, he waves his hand, and without answering, turns the conversation to the weather.",8706.0,20192.0,185.25,11.0,13.0,3.57
